name,group
DDX11L1,Non bivalent
LINC01128,Non bivalent
SAMD11,Always_up
KLHL17,Non bivalent
PLEKHN1,Non bivalent
ISG15,Non bivalent
AGRN,Non bivalent
B3GALT6,Non bivalent
PUSL1,Non bivalent
CPTP,Non bivalent
LOC148413,Non bivalent
VWA1,Non bivalent
ATAD3C,Non bivalent
ATAD3B,Non bivalent
ATAD3A,Non bivalent
MIB2,Non bivalent
MMP23B,Non bivalent
MMP23A,Non bivalent
GABRD,Non bivalent
PRKCZ,Non bivalent
SKI,Non bivalent
RER1,Non bivalent
FAM213B,Non bivalent
PRDM16,Always_up
ARHGEF16,Non bivalent
TPRG1L,Non bivalent
TP73,Pr_higher_than_Ni
DFFB,Non bivalent
AJAP1,Always_up
KCNAB2,Non bivalent
RNF207,Non bivalent
LINC00337,Non bivalent
ESPN,Always_up
ZBTB48,Non bivalent
PHF13,Non bivalent
THAP3,Non bivalent
CAMTA1,Non bivalent
VAMP3,Non bivalent
PER3,Non bivalent
PARK7,Non bivalent
H6PD,Non bivalent
SPSB1,Non bivalent
SLC25A33,Non bivalent
TMEM201,Non bivalent
PIK3CD,Always_up
NMNAT1,Non bivalent
RBP7,Pr_higher_than_Ni
UBE4B,Non bivalent
KIF1B,Non bivalent
PGD,Non bivalent
APITD1,Non bivalent
APITD1-CORT,Non bivalent
PEX14,Non bivalent
TARDBP,Non bivalent
UBIAD1,Non bivalent
PTCHD2,Non bivalent
FBXO44,Non bivalent
FBXO6,Non bivalent
DRAXIN,Non bivalent
AGTRAP,Non bivalent
CLCN6,Non bivalent
NPPA-AS1,Non bivalent
PLOD1,Non bivalent
MFN2,Non bivalent
MIIP,Non bivalent
TNFRSF8,Always_up
TNFRSF1B,Always_up
VPS13D,Non bivalent
AADACL3,Non bivalent
PRAMEF12,Non bivalent
PRAMEF1,Non bivalent
PRAMEF2,Non bivalent
PRAMEF7,Non bivalent
PRAMEF5,Non bivalent
PRAMEF15,Non bivalent
PRAMEF20,Non bivalent
PDPN,Always_up
PRDM2,Non bivalent
KAZN,Always_up
TMEM51,Always_up
EFHD2,Non bivalent
DNAJC16,Non bivalent
DDI2,Non bivalent
RSC1A1,Non bivalent
PLEKHM2,Non bivalent
SLC25A34,Non bivalent
FBLIM1,Non bivalent
SPEN,Non bivalent
CLCNKA,Non bivalent
CLCNKB,Non bivalent
SZRD1,Non bivalent
NECAP2,Non bivalent
MST1P2,Always_up
CROCC,Non bivalent
PADI3,Non bivalent
PADI6,Non bivalent
ARHGEF10L,Non bivalent
ACTL8,Ni_higher_than_Pr
PAX7,Always_up
MRTO4,Non bivalent
PQLC2,Non bivalent
MINOS1,Non bivalent
RPS14P3,Non bivalent
NBL1,Always_up
OTUD3,Non bivalent
UBXN10,Always_up
FAM43B,Always_up
CDA,Non bivalent
PINK1,Non bivalent
NBPF3,Non bivalent
ALPL,Non bivalent
ALPL,Non bivalent
LDLRAD2,Non bivalent
LINC00339,Non bivalent
CDC42,Non bivalent
ZBTB40,Non bivalent
EPHB2,Non bivalent
KDM1A,Non bivalent
ZNF436-AS1,Non bivalent
RPL11,Non bivalent
TCEB3,Non bivalent
PITHD1,Non bivalent
LYPLA2,Non bivalent
PNRC2,Non bivalent
GRHL3,Always_up
NIPAL3,Non bivalent
RCAN3,Non bivalent
SRRM1,Non bivalent
CLIC4,Non bivalent
TMEM50A,Non bivalent
TMEM57,Non bivalent
LDLRAP1,Non bivalent
MAN1C1,Non bivalent
SEPN1,Non bivalent
MTFR1L,Non bivalent
EXTL1,Non bivalent
PDIK1L,Non bivalent
FAM110D,Non bivalent
ZNF593,Non bivalent
CNKSR1,Non bivalent
CEP85,Non bivalent
SH3BGRL3,Non bivalent
CD52,Non bivalent
LIN28A,Non bivalent
DHDDS,Non bivalent
HMGN2,Non bivalent
RPS6KA1,Non bivalent
ARID1A,Non bivalent
PIGV,Non bivalent
ZDHHC18,Non bivalent
SFN,Non bivalent
NUDC,Non bivalent
TRNP1,Non bivalent
WDTC1,Non bivalent
TMEM222,Non bivalent
ACTG1P20,Non bivalent
SYTL1,Non bivalent
GPR3,Non bivalent
FAM76A,Non bivalent
STX12,Non bivalent
PPP1R8,Non bivalent
THEMIS2,Non bivalent
SMPDL3B,Non bivalent
XKR8,Non bivalent
ATPIF1,Non bivalent
SESN2,Non bivalent
MED18,Non bivalent
PHACTR4,Non bivalent
RCC1,Non bivalent
SNHG3,Non bivalent
TRNAU1AP,Non bivalent
RAB42,Non bivalent
GMEB1,Non bivalent
YTHDF2,Non bivalent
OPRD1,Always_up
EPB41,Non bivalent
PTPRU,Non bivalent
MATN1-AS1,Non bivalent
ZCCHC17,Non bivalent
SERINC2,Non bivalent
TINAGL1,Non bivalent
KHDRBS1,Ni_higher_than_Pr
TMEM39B,Non bivalent
KPNA6,Non bivalent
TXLNA,Non bivalent
CCDC28B,Non bivalent
IQCC,Non bivalent
EIF3I,Non bivalent
LCK,Non bivalent
HDAC1,Non bivalent
ZBTB8B,Non bivalent
ZBTB8A,Non bivalent
RBBP4,Non bivalent
KIAA1522,Non bivalent
S100PBP,Non bivalent
AZIN2,Non bivalent
ZNF362,Non bivalent
ZSCAN20,Ni_higher_than_Pr
GJB5,Non bivalent
GJB4,Non bivalent
ZMYM1,Non bivalent
ZMYM4,Non bivalent
NCDN,Non bivalent
TFAP2E,Pr_higher_than_Ni
AGO4,Non bivalent
AGO1,Non bivalent
AGO3,Non bivalent
ADPRHL2,Non bivalent
MAP7D1,Ni_higher_than_Pr
THRAP3,Non bivalent
SH3D21,Non bivalent
ZC3H12A,Non bivalent
DNALI1,Non bivalent
CDCA8,Non bivalent
MANEAL,Always_up
C1orf122,Non bivalent
UTP11L,Non bivalent
AKIRIN1,Non bivalent
NDUFS5,Non bivalent
MACF1,Ni_higher_than_Pr
KIAA0754,Non bivalent
PPIE,Non bivalent
MFSD2A,Always_up
CAP1,Non bivalent
RLF,Non bivalent
ZMPSTE24,Non bivalent
SMAP2,Non bivalent
ZFP69B,Non bivalent
ZFP69,Non bivalent
EXO5,Non bivalent
ZNF684,Non bivalent
NFYC,Non bivalent
KCNQ4,Non bivalent
CTPS1,Non bivalent
SLFNL1-AS1,Non bivalent
FOXO6,Non bivalent
RIMKLA,Always_up
PPCS,Non bivalent
PPIH,Non bivalent
YBX1,Non bivalent
C1orf50,Non bivalent
ERMAP,Non bivalent
ZNF691,Non bivalent
SLC2A1-AS1,Non bivalent
TMEM125,Non bivalent
CDC20,Non bivalent
SZT2,Non bivalent
PTPRF,Non bivalent
KDM4A,Non bivalent
ST3GAL3,Non bivalent
ARTN,Non bivalent
IPO13,Non bivalent
DPH2,Non bivalent
ATP6V0B,Non bivalent
B4GALT2,Non bivalent
CCDC24,Non bivalent
KLF17,Non bivalent
DMAP1,Non bivalent
RNF220,Always_up
KIF2C,Non bivalent
RPS8,Non bivalent
PLK3,Non bivalent
UROD,Non bivalent
HPDL,Non bivalent
TOE1,Non bivalent
MMACHC,Non bivalent
AKR1A1,Non bivalent
NASP,Non bivalent
TMEM69,Non bivalent
MAST2,Non bivalent
TSPAN1,Non bivalent
LURAP1,Non bivalent
RAD54L,Non bivalent
UQCRH,Non bivalent
NSUN4,Non bivalent
FAAH,Always_up
FAAHP1,Non bivalent
DMBX1,Non bivalent
CYP4X1,Always_up
CMPK1,Non bivalent
FOXD2,Always_up
CDKN2C,Pr_higher_than_Ni
RNF11,Non bivalent
OSBPL9,Non bivalent
BTF3L4,Non bivalent
ZFYVE9,Non bivalent
PRPF38A,Non bivalent
GPX7,Always_up
ZYG11B,Non bivalent
ZYG11A,Always_up
SCP2,Always_up
PODN,Always_up
CPT2,Non bivalent
DMRTB1,Always_up
LRRC42,Non bivalent
TCEANC2,Non bivalent
MRPL37,Non bivalent
ACOT11,Non bivalent
TTC4,Non bivalent
PCSK9,Always_up
LOC100507634,Non bivalent
PRKAA2,Ni_higher_than_Pr
FGGY,Non bivalent
HOOK1,Always_up
NFIA,Pr_higher_than_Ni
INADL,Non bivalent
L1TD1,Non bivalent
USP1,Non bivalent
ATG4C,Non bivalent
FOXD3,Always_up
ALG6,Non bivalent
EFCAB7,Non bivalent
PGM1,Ni_higher_than_Pr
ROR1,Ni_higher_than_Pr
CACHD1,Always_up
RAVER2,Ni_higher_than_Pr
AK4,Non bivalent
DNAJC6,Always_up
LEPROT,Non bivalent
LEPR,Non bivalent
PDE4B,Non bivalent
MIER1,Non bivalent
GADD45A,Non bivalent
SRSF11,Non bivalent
HHLA3,Non bivalent
CTH,Non bivalent
FPGT,Non bivalent
TYW3,Non bivalent
LHX8,Always_up
ACADM,Non bivalent
RABGGTB,Non bivalent
ST6GALNAC3,Always_up
ST6GALNAC5,Ni_higher_than_Pr
AK5,Always_up
FAM73A,Non bivalent
NEXN,Non bivalent
DNAJB4,Non bivalent
GIPC2,Pr_higher_than_Ni
PTGFR,Always_up
ADGRL2,Non bivalent
PRKACB,Non bivalent
RPF1,Always_up
WDR63,Non bivalent
CYR61,Non bivalent
SH3GLB1,Non bivalent
HS2ST1,Non bivalent
LINC01140,Ni_higher_than_Pr
LMO4,Non bivalent
PKN2,Non bivalent
LRRC8B,Ni_higher_than_Pr
LRRC8C,Always_up
LRRC8D,Non bivalent
ZNF326,Non bivalent
CDC7,Non bivalent
BRDT,Non bivalent
EPHX4,Always_up
BTBD8,Non bivalent
KIAA1107,Non bivalent
RPAP2,Non bivalent
RPL5,Non bivalent
MTF2,Non bivalent
CCDC18,Non bivalent
DR1,Non bivalent
FNBP1L,Non bivalent
ABCD3,Non bivalent
SLC44A3,Always_up
LOC729970,Non bivalent
TMEM56,Non bivalent
RWDD3,Non bivalent
PTBP2,Non bivalent
SNX7,Non bivalent
LPPR4,Always_up
AGL,Non bivalent
SLC35A3,Non bivalent
HIAT1,Non bivalent
TRMT13,Non bivalent
RTCA,Non bivalent
CDC14A,Non bivalent
SLC30A7,Non bivalent
LOC102606465,Non bivalent
S1PR1,Always_up
RNPC3,Non bivalent
AMY2B,Non bivalent
PRMT6,Non bivalent
NTNG1,Ni_higher_than_Pr
NBPF6,Non bivalent
FAM102B,Non bivalent
PRPF38B,Non bivalent
STXBP3,Always_up
GPSM2,Non bivalent
TMEM167B,Non bivalent
KIAA1324,Always_up
SARS,Non bivalent
CELSR2,Non bivalent
SYPL2,Always_up
ATXN7L2,Non bivalent
CYB561D1,Non bivalent
GNAI3,Non bivalent
AMPD2,Non bivalent
GSTM4,Non bivalent
GSTM2,Non bivalent
GSTM1,Non bivalent
CSF1,Always_up
AHCYL1,Non bivalent
STRIP1,Non bivalent
SLC6A17,Always_up
KCNC4,Always_up
RBM15,Non bivalent
PROK1,Non bivalent
CD53,Non bivalent
CEPT1,Non bivalent
CHI3L2,Non bivalent
PIFO,Non bivalent
ATP5F1,Non bivalent
C1orf162,Non bivalent
RAP1A,Non bivalent
FAM212B-AS1,Ni_higher_than_Pr
DDX20,Ni_higher_than_Pr
CTTNBP2NL,Non bivalent
WNT2B,Always_up
CAPZA1,Non bivalent
MOV10,Non bivalent
SLC16A1-AS1,Non bivalent
LRIG2,Non bivalent
MAGI3,Non bivalent
DCLRE1B,Non bivalent
HIPK1,Non bivalent
OLFML3,Non bivalent
VANGL1,Always_up
SLC22A15,Non bivalent
ATP1A1,Non bivalent
PTGFRN,Non bivalent
CD101,Non bivalent
TTF2,Non bivalent
MAN1A2,Non bivalent
FAM46C,Always_up
WDR3,Non bivalent
LOC101929147,Non bivalent
HSD3B2,Non bivalent
HSD3B1,Non bivalent
PHGDH,Ni_higher_than_Pr
NBPF8,Non bivalent
LINC00623,Always_up
SRGAP2C,Non bivalent
EMBP1,Ni_higher_than_Pr
SRGAP2D,Non bivalent
FAM72D,Non bivalent
GPR89A,Non bivalent
POLR3C,Non bivalent
NUDT17,Non bivalent
POLR3GL,Pr_higher_than_Ni
NUDT4P2,Always_up
NUDT4P1,Always_up
NBPF12,Non bivalent
PDIA3P1,Non bivalent
CHD1L,Non bivalent
BCL9,Non bivalent
GPR89B,Non bivalent
LOC100132057,Non bivalent
PDE4DIP,Always_up
LINC00869,Always_up
FAM231D,Always_up
HIST2H4A,Non bivalent
HIST2H4B,Non bivalent
HIST2H2AC,Non bivalent
BOLA1,Non bivalent
VPS45,Non bivalent
PLEKHO1,Always_up
CA14,Non bivalent
CIART,Non bivalent
MRPS21,Non bivalent
PRPF3,Non bivalent
RPRD2,Non bivalent
TARS2,Non bivalent
ECM1,Non bivalent
ADAMTSL4,Non bivalent
SETDB1,Non bivalent
PRUNE,Non bivalent
BNIPL,Non bivalent
C1orf56,Non bivalent
MLLT11,Non bivalent
GABPB2,Non bivalent
SCNM1,Non bivalent
PIP5K1A,Non bivalent
PSMD4,Non bivalent
ZNF687,Non bivalent
GBAT2,Non bivalent
PSMB4,Non bivalent
CGN,Non bivalent
TUFT1,Non bivalent
SNX27,Non bivalent
OAZ3,Non bivalent
PRR9,Non bivalent
CHTOP,Non bivalent
SNAPIN,Non bivalent
NPR1,Always_up
INTS3,Non bivalent
CREB3L4,Non bivalent
RPS27,Non bivalent
UBAP2L,Non bivalent
HAX1,Non bivalent
ATP8B2,Non bivalent
IL6R,Pr_higher_than_Ni
TDRD10,Always_up
CKS1B,Non bivalent
FLAD1,Non bivalent
ZBTB7B,Non bivalent
ADAM15,Non bivalent
EFNA4,Non bivalent
EFNA3,Non bivalent
EFNA1,Always_up
SLC50A1,Non bivalent
TRIM46,Non bivalent
MTX1,Non bivalent
HCN3,Non bivalent
FDPS,Ni_higher_than_Pr
RUSC1,Non bivalent
POU5F1P4,Non bivalent
ASH1L-AS1,Non bivalent
MSTO1,Non bivalent
DAP3,Non bivalent
MSTO2P,Non bivalent
SYT11,Non bivalent
LAMTOR2,Non bivalent
RAB25,Non bivalent
LMNA,Ni_higher_than_Pr
SEMA4A,Non bivalent
SLC25A44,Non bivalent
PMF1,Non bivalent
PMF1-BGLAP,Non bivalent
TMEM79,Non bivalent
TSACC,Non bivalent
APOA1BP,Non bivalent
BCAN,Always_up
RRNAD1,Non bivalent
PRCC,Non bivalent
NTRK1,Pr_higher_than_Ni
PEAR1,Always_up
KIRREL,Non bivalent
CD1D,Always_up
IFI16,Non bivalent
CADM3,Non bivalent
DUSP23,Non bivalent
CASQ1,Non bivalent
PEA15,Non bivalent
SUMO1P3,Non bivalent
NCSTN,Non bivalent
NHLH1,Non bivalent
VANGL2,Non bivalent
KLHDC9,Non bivalent
NIT1,Non bivalent
UFC1,Non bivalent
USP21,Non bivalent
PPOX,Non bivalent
NDUFS2,Non bivalent
FCER1G,Non bivalent
TOMM40L,Ni_higher_than_Pr
PCP4L1,Always_up
SDHC,Non bivalent
HSPA6,Always_up
FCGR2B,Non bivalent
DUSP12,Non bivalent
ATF6,Non bivalent
NOS1AP,Always_up
C1orf226,Non bivalent
UHMK1,Non bivalent
UAP1,Non bivalent
DDR2,Always_up
HSD17B7,Non bivalent
RGS4,Non bivalent
NUF2,Non bivalent
PBX1,Non bivalent
MGST3,Non bivalent
UCK2,Non bivalent
POGK,Non bivalent
MAEL,Non bivalent
DUSP27,Non bivalent
POU2F1,Non bivalent
RCSD1,Always_up
MPZL1,Non bivalent
DCAF6,Non bivalent
TIPRL,Non bivalent
SFT2D2,Non bivalent
TBX19,Non bivalent
XCL1,Non bivalent
ATP1B1,Non bivalent
BLZF1,Non bivalent
C1orf112,Non bivalent
GORAB,Non bivalent
PRRX1,Ni_higher_than_Pr
FMO1,Non bivalent
FMO4,Non bivalent
TOP1P1,Non bivalent
PRRC2C,Ni_higher_than_Pr
METTL13,Non bivalent
DNM3,Always_up
C1orf105,Non bivalent
SUCO,Non bivalent
PRDX6,Non bivalent
KLHL20,Non bivalent
DARS2,Non bivalent
ZBTB37,Non bivalent
RABGAP1L,Non bivalent
CACYBP,Non bivalent
BRINP2,Always_up
RASAL2,Non bivalent
RALGPS2,Non bivalent
FAM20B,Non bivalent
TOR3A,Non bivalent
SOAT1,Non bivalent
TDRD5,Ni_higher_than_Pr
FAM163A,Pr_higher_than_Ni
TOR1AIP1,Non bivalent
CEP350,Non bivalent
QSOX1,Non bivalent
FLJ23867,Non bivalent
XPR1,Ni_higher_than_Pr
KIAA1614,Ni_higher_than_Pr
IER5,Always_up
NPL,Always_up
DHX9,Non bivalent
LAMC1,Non bivalent
LAMC2,Non bivalent
SMG7,Non bivalent
RGL1,Non bivalent
TSEN15,Non bivalent
C1orf21,Always_up
RNF2,Non bivalent
SWT1,Non bivalent
HMCN1,Always_up
C1orf27,Non bivalent
PLA2G4A,Non bivalent
RGS13,Non bivalent
RGS2,Always_up
TROVE2,Non bivalent
CDC73,Always_up
CFH,Non bivalent
C1orf53,Always_up
LHX9,Always_up
NEK7,Non bivalent
NR5A2,Non bivalent
CAMSAP2,Non bivalent
C1orf106,Non bivalent
PKP1,Always_up
RPS10P7,Non bivalent
NAV1,Always_up
IPO9,Non bivalent
SHISA4,Non bivalent
TIMM17A,Non bivalent
RNPEP,Non bivalent
ELF3,Non bivalent
GPR37L1,Non bivalent
LGR6,Always_up
PPP1R12B,Non bivalent
PCAT6,Non bivalent
LOC148709,Non bivalent
TMEM183A,Non bivalent
PPFIA4,Non bivalent
ADORA1,Non bivalent
BTG2,Always_up
PRELP,Ni_higher_than_Pr
ATP2B4,Non bivalent
LINC00260,Non bivalent
ZC3H11A,Non bivalent
ZBED6,Non bivalent
SNRPE,Non bivalent
SOX13,Non bivalent
MDM4,Non bivalent
TMCC2,Non bivalent
CDK18,Non bivalent
LOC284581,Non bivalent
LOC103021295,Non bivalent
SRGAP2,Non bivalent
IKBKE,Non bivalent
RASSF5,Always_up
DYRK3,Ni_higher_than_Pr
MAPKAPK2,Always_up
PFKFB2,Non bivalent
C4BPB,Non bivalent
CD55,Non bivalent
CR2,Always_up
CR1L,Non bivalent
CD46,Non bivalent
MIR205HG,Non bivalent
G0S2,Always_up
TRAF3IP3,Non bivalent
DIEXF,Non bivalent
SYT14,Ni_higher_than_Pr
SERTAD4,Always_up
HHAT,Always_up
RCOR3,Non bivalent
TRAF5,Ni_higher_than_Pr
LINC00467,Ni_higher_than_Pr
DTL,Non bivalent
PPP2R5A,Non bivalent
NENF,Always_up
ATF3,Non bivalent
TATDN3,Non bivalent
FLVCR1,Non bivalent
VASH2,Non bivalent
RPS6KC1,Non bivalent
PROX1,Always_up
SMYD2,Always_up
CENPF,Non bivalent
KCNK2,Non bivalent
KCTD3,Non bivalent
RRP15,Non bivalent
TGFB2,Always_up
LYPLAL1,Non bivalent
IARS2,Non bivalent
MARK1,Non bivalent
C1orf115,Always_up
MARC2,Always_up
MARC1,Non bivalent
HLX,Pr_higher_than_Ni
TAF1A-AS1,Always_up
MIA3,Non bivalent
BROX,Non bivalent
DISP1,Ni_higher_than_Pr
CAPN2,Ni_higher_than_Pr
FBXO28,Non bivalent
DEGS1,Non bivalent
CNIH4,Non bivalent
CNIH3,Always_up
DNAH14,Non bivalent
SRP9,Non bivalent
EPHX1,Non bivalent
H3F3AP4,Non bivalent
MIXL1,Non bivalent
PSEN2,Non bivalent
ADCK3,Non bivalent
ZNF678,Non bivalent
SNAP47,Non bivalent
WNT3A,Always_up
ARF1,Non bivalent
GUK1,Non bivalent
IBA57,Non bivalent
OBSCN,Non bivalent
RNF187,Non bivalent
RHOU,Non bivalent
RAB4A,Non bivalent
URB2,Non bivalent
GALNT2,Non bivalent
COG2,Non bivalent
ARV1,Ni_higher_than_Pr
GNPAT,Non bivalent
SPRTN,Non bivalent
TSNAX,Non bivalent
TSNAX-DISC1,Non bivalent
DISC1,Non bivalent
MAP10,Always_up
NTPCR,Non bivalent
KIAA1804,Always_up
KCNK1,Always_up
COA6,Non bivalent
GGPS1,Non bivalent
TBCE,Non bivalent
GPR137B,Always_up
EDARADD,Always_up
LGALS8,Non bivalent
ACTN2,Always_up
MTR,Always_up
RYR2,Always_up
CHRM3,Non bivalent
FMN2,Ni_higher_than_Pr
EXO1,Non bivalent
SDCCAG8,Non bivalent
ZBTB18,Always_up
DESI2,Non bivalent
COX20,Non bivalent
EFCAB2,Non bivalent
KIF26B,Always_up
CNST,Non bivalent
SCCPDH,Non bivalent
TRIM58,Always_up
ZNF672,Non bivalent
PGBD2,Non bivalent
WASH7P,Non bivalent
LOC729737,Non bivalent
LOC100132062,Non bivalent
LOC100132287,Non bivalent
LOC100133331,Non bivalent
LOC100288069,Non bivalent
NOC2L,Non bivalent
HES4,Pr_higher_than_Ni
RNF223,Non bivalent
C1orf159,Always_up
SDF4,Non bivalent
UBE2J2,Non bivalent
ACAP3,Non bivalent
CPSF3L,Non bivalent
DVL1,Non bivalent
MXRA8,Non bivalent
AURKAIP1,Non bivalent
CCNL2,Non bivalent
MRPL20,Non bivalent
TMEM240,Non bivalent
SSU72,Non bivalent
C1orf233,Non bivalent
CDK11B,Non bivalent
SLC35E2B,Non bivalent
CDK11A,Non bivalent
SLC35E2,Non bivalent
NADK,Non bivalent
GNB1,Non bivalent
TMEM52,Non bivalent
FAAP20,Non bivalent
LOC100129534,Non bivalent
MORN1,Non bivalent
PEX10,Non bivalent
MEGF6,Non bivalent
WRAP73,Pr_higher_than_Ni
TP73-AS1,Non bivalent
LRRC47,Non bivalent
CEP104,Non bivalent
C1orf174,Non bivalent
NPHP4,Non bivalent
CHD5,Non bivalent
RPL22,Non bivalent
ICMT,Non bivalent
GPR153,Non bivalent
ACOT7,Non bivalent
HES2,Pr_higher_than_Ni
TNFRSF25,Non bivalent
PLEKHG5,Non bivalent
NOL9,Non bivalent
KLHL21,Non bivalent
DNAJC11,Non bivalent
TNFRSF9,Always_up
ERRFI1,Non bivalent
RERE,Non bivalent
ENO1,Non bivalent
SLC2A5,Non bivalent
GPR157,Non bivalent
PIK3CD-AS2,Non bivalent
CLSTN1,Ni_higher_than_Pr
CTNNBIP1,Non bivalent
LZIC,Non bivalent
DFFA,Non bivalent
CASZ1,Non bivalent
SRM,Non bivalent
EXOSC10,Non bivalent
MTOR,Non bivalent
FBXO2,Non bivalent
MAD2L2,Non bivalent
MTHFR,Non bivalent
NPPB,Always_up
KIAA2013,Non bivalent
DHRS3,Non bivalent
PRAMEF4,Non bivalent
PRAMEF10,Non bivalent
PRAMEF6,Non bivalent
LOC101929983,Non bivalent
PRAMEF8,Non bivalent
PRAMEF14,Non bivalent
PRAMEF19,Non bivalent
LRRC38,Always_up
TMEM51-AS1,Always_up
CASP9,Non bivalent
AGMAT,Non bivalent
UQCRHL,Non bivalent
FLJ37453,Non bivalent
ZBTB17,Non bivalent
HSPB7,Non bivalent
EPHA2,Always_up
ARHGEF19,Ni_higher_than_Pr
RSG1,Pr_higher_than_Ni
FBXO42,Non bivalent
CROCCP3,Non bivalent
RNU1-1,Non bivalent
RNU1-2,Non bivalent
RNU1-27P,Non bivalent
RNU1-28P,Non bivalent
RNU1-3,Non bivalent
RNU1-4,Non bivalent
RNVU1-18,Non bivalent
NBPF1,Always_up
CROCCP2,Non bivalent
MST1L,Ni_higher_than_Pr
MFAP2,Non bivalent
ATP13A2,Non bivalent
SDHB,Non bivalent
PADI2,Non bivalent
RCC2,Non bivalent
ALDH4A1,Non bivalent
IFFO2,Non bivalent
UBR4,Non bivalent
EMC1,Non bivalent
LOC100506730,Always_up
AKR7A2,Non bivalent
CAPZB,Non bivalent
TMCO4,Always_up
PLA2G2A,Non bivalent
CAMK2N1,Always_up
MUL1,Non bivalent
PINK1-AS,Non bivalent
DDOST,Non bivalent
KIF17,Always_up
SH2D5,Always_up
HP1BP3,Non bivalent
EIF4G3,Always_up
ECE1,Always_up
RAP1GAP,Non bivalent
USP48,Non bivalent
HSPG2,Non bivalent
LUZP1,Non bivalent
HTR1D,Non bivalent
LINC01355,Non bivalent
HNRNPR,Non bivalent
ZNF436,Non bivalent
TCEA3,Always_up
ASAP3,Non bivalent
E2F2,Non bivalent
ID3,Non bivalent
TCEB3-AS1,Non bivalent
GALE,Non bivalent
HMGCL,Non bivalent
FUCA1,Pr_higher_than_Ni
CNR2,Non bivalent
SRSF10,Non bivalent
IFNLR1,Non bivalent
STPG1,Non bivalent
RUNX3,Non bivalent
SYF2,Non bivalent
RSRP1,Non bivalent
AUNIP,Non bivalent
PAQR7,Non bivalent
STMN1,Non bivalent
PAFAH2,Non bivalent
SLC30A2,Pr_higher_than_Ni
TRIM63,Non bivalent
UBXN11,Non bivalent
AIM1L,Non bivalent
GPN2,Non bivalent
GPATCH3,Non bivalent
KDF1,Non bivalent
FAM46B,Non bivalent
SLC9A1,Non bivalent
MAP3K6,Non bivalent
WASF2,Non bivalent
AHDC1,Non bivalent
IFI6,Always_up
RPA2,Non bivalent
EYA3,Non bivalent
PTAFR,Non bivalent
DNAJC8,Non bivalent
SNHG12,Non bivalent
TAF12,Non bivalent
TMEM200B,Non bivalent
SRSF4,Non bivalent
MECR,Non bivalent
LAPTM5,Non bivalent
SDC3,Non bivalent
PUM1,Non bivalent
NKAIN1,Ni_higher_than_Pr
SNRNP40,Non bivalent
FABP3,Non bivalent
PEF1,Non bivalent
COL16A1,Non bivalent
ADGRB2,Non bivalent
SPOCD1,Non bivalent
PTP4A2,Non bivalent
TMEM234,Non bivalent
MTMR9LP,Non bivalent
MARCKSL1,Non bivalent
BSDC1,Non bivalent
ZBTB8OS,Non bivalent
SYNC,Non bivalent
YARS,Non bivalent
FNDC5,Non bivalent
TMEM54,Non bivalent
RNF19B,Non bivalent
AK2,Non bivalent
TRIM62,Non bivalent
PHC2,Non bivalent
SMIM12,Non bivalent
DLGAP3,Always_up
ZMYM6NB,Non bivalent
ZMYM6,Non bivalent
SFPQ,Non bivalent
KIAA0319L,Non bivalent
PSMB2,Non bivalent
C1orf216,Non bivalent
CLSPN,Non bivalent
COL8A2,Always_up
TRAPPC3,Non bivalent
EVA1B,Non bivalent
STK40,Non bivalent
LSM10,Non bivalent
OSCP1,Non bivalent
MRPS15,Non bivalent
CSF3R,Ni_higher_than_Pr
GRIK3,Always_up
LINC01137,Non bivalent
MEAF6,Non bivalent
SNIP1,Non bivalent
GNL2,Non bivalent
RSPO1,Always_up
C1orf109,Non bivalent
YRDC,Non bivalent
MTF1,Non bivalent
INPP5B,Non bivalent
SF3A3,Non bivalent
FHL3,Non bivalent
POU3F1,Ni_higher_than_Pr
RRAGC,Non bivalent
MYCBP,Non bivalent
GJA9-MYCBP,Non bivalent
PPIEL,Non bivalent
PABPC4,Non bivalent
HEYL,Always_up
HPCAL4,Always_up
OXCT2,Always_up
BMP8B,Always_up
TRIT1,Non bivalent
MYCL,Non bivalent
PPT1,Non bivalent
COL9A2,Always_up
RIMS3,Non bivalent
NFYC-AS1,Non bivalent
CITED4,Non bivalent
SCMH1,Non bivalent
HIVEP3,Always_up
FOXJ3,Non bivalent
CLDN19,Non bivalent
P3H1,Non bivalent
SVBP,Non bivalent
SLC2A1,Non bivalent
EBNA1BP2,Always_up
C1orf210,Non bivalent
ELOVL1,Non bivalent
MED8,Non bivalent
HYI,Non bivalent
SLC6A9,Non bivalent
ERI3,Non bivalent
TMEM53,Non bivalent
PTCH2,Non bivalent
EIF2B3,Non bivalent
HECTD3,Non bivalent
ZSWIM5,Pr_higher_than_Ni
MUTYH,Non bivalent
TESK2,Non bivalent
CCDC163P,Non bivalent
PRDX1,Non bivalent
CCDC17,Non bivalent
GPBP1L1,Non bivalent
IPP,Non bivalent
PIK3R3,Non bivalent
POMGNT1,Non bivalent
LRRC41,Non bivalent
MKNK1,Non bivalent
MOB3C,Always_up
ATPAF1,Non bivalent
EFCAB14,Non bivalent
TAL1,Always_up
STIL,Non bivalent
FOXD2-AS1,Always_up
TRABD2B,Always_up
SPATA6,Non bivalent
BEND5,Ni_higher_than_Pr
AGBL4,Always_up
FAF1,Non bivalent
TTC39A,Always_up
EPS15,Non bivalent
NRD1,Non bivalent
RAB3B,Non bivalent
KTI12,Non bivalent
TXNDC12,Non bivalent
CC2D1B,Non bivalent
ORC1,Non bivalent
ZCCHC11,Non bivalent
COA7,Non bivalent
ECHDC2,Always_up
C1orf123,Non bivalent
MAGOH,Non bivalent
LRP8,Non bivalent
NDC1,Non bivalent
YIPF1,Non bivalent
HSPB11,Non bivalent
TMEM59,Non bivalent
CYB5RL,Non bivalent
SSBP3,Non bivalent
FAM151A,Non bivalent
PARS2,Non bivalent
TTC22,Always_up
DHCR24,Non bivalent
USP24,Non bivalent
PPAP2B,Non bivalent
C1orf168,Non bivalent
DAB1,Ni_higher_than_Pr
OMA1,Non bivalent
TACSTD2,Pr_higher_than_Ni
MYSM1,Non bivalent
JUN,Non bivalent
CYP2J2,Always_up
TM2D1,Ni_higher_than_Pr
KANK4,Always_up
DOCK7,Non bivalent
FOXD3-AS1,Always_up
ITGB3BP,Non bivalent
JAK1,Always_up
SLC35D1,Non bivalent
SERBP1,Non bivalent
GNG12,Always_up
DIRAS3,Always_up
WLS,Always_up
DEPDC1,Non bivalent
LRRC40,Non bivalent
ANKRD13C,Non bivalent
ZRANB2,Ni_higher_than_Pr
CRYZ,Non bivalent
SLC44A5,Non bivalent
DLSTP1,Non bivalent
PIGK,Non bivalent
ZZZ3,Non bivalent
USP33,Non bivalent
FUBP1,Non bivalent
TTLL7,Ni_higher_than_Pr
GNG5,Always_up
CTBS,Always_up
LINC01555,Non bivalent
SSX2IP,Non bivalent
LPAR3,Always_up
MCOLN2,Always_up
MCOLN3,Always_up
SYDE2,Non bivalent
C1orf52,Non bivalent
BCL10,Non bivalent
DDAH1,Always_up
ZNHIT6,Non bivalent
COL24A1,Always_up
ODF2L,Non bivalent
SEP15,Non bivalent
GTF2B,Non bivalent
CCBL2,Non bivalent
RBMXL1,Non bivalent
GBP3,Non bivalent
GBP1,Non bivalent
GBP2,Non bivalent
GBP4,Non bivalent
GEMIN8P4,Non bivalent
ZNF644,Non bivalent
HFM1,Non bivalent
TGFBR3,Pr_higher_than_Ni
SETSIP,Non bivalent
GLMN,Non bivalent
GFI1,Pr_higher_than_Ni
EVI5,Non bivalent
FAM69A,Non bivalent
TMED5,Non bivalent
LOC100131564,Non bivalent
BCAR3,Non bivalent
DNTTIP2,Non bivalent
GCLM,Non bivalent
ABCA4,Non bivalent
ARHGAP29,Pr_higher_than_Ni
F3,Always_up
LINC01057,Always_up
CNN3,Non bivalent
ALG14,Non bivalent
DPYD,Ni_higher_than_Pr
LPPR5,Always_up
FRRS1,Non bivalent
SASS6,Non bivalent
DBT,Non bivalent
EXTL2,Non bivalent
DPH5,Non bivalent
COL11A1,Always_up
VAV3,Always_up
SLC25A24,Ni_higher_than_Pr
NBPF4,Non bivalent
HENMT1,Always_up
CLCC1,Non bivalent
WDR47,Non bivalent
TAF13,Non bivalent
PSRC1,Non bivalent
SORT1,Non bivalent
PSMA5,Non bivalent
AMIGO1,Always_up
GSTM3,Always_up
ALX3,Always_up
SLC16A4,Non bivalent
LAMTOR5,Non bivalent
KCNA2,Non bivalent
LRIF1,Non bivalent
DRAM2,Non bivalent
DENND2D,Always_up
OVGP1,Non bivalent
WDR77,Non bivalent
LINC01160,Non bivalent
FAM212B,Ni_higher_than_Pr
KCND3,Always_up
ST7L,Non bivalent
RHOC,Non bivalent
PPM1J,Non bivalent
LINC01356,Non bivalent
SLC16A1,Non bivalent
PHTF1,Non bivalent
RSBN1,Non bivalent
AP4B1,Non bivalent
SYT6,Ni_higher_than_Pr
TRIM33,Non bivalent
BCAS2,Non bivalent
DENND2C,Always_up
NRAS,Non bivalent
CSDE1,Non bivalent
SIKE1,Always_up
TSPAN2,Always_up
NGF,Always_up
NHLH2,Ni_higher_than_Pr
ATP1A1-AS1,Non bivalent
CD58,Ni_higher_than_Pr
IGSF3,Non bivalent
TRIM45,Non bivalent
VTCN1,Non bivalent
GDAP2,Non bivalent
TBX15,Pr_higher_than_Ni
WARS2,Non bivalent
ZNF697,Non bivalent
NOTCH2,Ni_higher_than_Pr
SEC22B,Ni_higher_than_Pr
FAM72B,Non bivalent
FAM72C,Non bivalent
LOC645166,Always_up
NBPF15,Non bivalent
SRGAP2B,Non bivalent
LOC103091866,Always_up
NBPF20,Non bivalent
NBPF25P,Non bivalent
PDZK1,Non bivalent
RNF115,Non bivalent
PIAS3,Non bivalent
PEX11B,Non bivalent
RBM8A,Non bivalent
LIX1L,Always_up
ANKRD34A,Pr_higher_than_Ni
TXNIP,Non bivalent
HFE2,Always_up
NOTCH2NL,Ni_higher_than_Pr
PRKAB2,Non bivalent
FMO5,Non bivalent
LINC00624,Non bivalent
ACP6,Non bivalent
GJA5,Non bivalent
PDZK1P1,Always_up
NBPF11,Non bivalent
LINC01138,Always_up
NBPF14,Non bivalent
NBPF9,Non bivalent
LOC653513,Non bivalent
HIST2H2BF,Non bivalent
HIST2H2AA3,Non bivalent
HIST2H2AA4,Non bivalent
HIST2H2BC,Non bivalent
HIST2H2BE,Non bivalent
SV2A,Ni_higher_than_Pr
SF3B4,Non bivalent
MTMR11,Non bivalent
OTUD7B,Non bivalent
ANP32E,Non bivalent
APH1A,Non bivalent
MCL1,Non bivalent
ENSA,Non bivalent
GOLPH3L,Non bivalent
HORMAD1,Non bivalent
CTSS,Non bivalent
CTSK,Non bivalent
ARNT,Non bivalent
CERS2,Non bivalent
FAM63A,Non bivalent
CDC42SE1,Non bivalent
SEMA6C,Non bivalent
LYSMD1,Non bivalent
VPS72,Non bivalent
PI4KB,Non bivalent
RFX5,Non bivalent
SELENBP1,Non bivalent
POGZ,Non bivalent
MRPL9,Non bivalent
TDRKH,Non bivalent
THEM4,Non bivalent
S100A10,Non bivalent
S100A11,Non bivalent
S100A8,Non bivalent
S100A6,Non bivalent
S100A16,Non bivalent
S100A14,Non bivalent
S100A13,Non bivalent
ILF2,Non bivalent
GATAD2B,Non bivalent
DENND4B,Non bivalent
CRTC2,Non bivalent
SLC39A1,Non bivalent
JTB,Non bivalent
RAB13,Non bivalent
TPM3,Non bivalent
C1orf43,Non bivalent
SHE,Always_up
UBE2Q1,Non bivalent
ADAR,Non bivalent
KCNN3,Non bivalent
PMVK,Non bivalent
PBXIP1,Non bivalent
PYGO2,Non bivalent
SHC1,Non bivalent
LOC100505666,Non bivalent
DPM3,Non bivalent
KRTCAP2,Non bivalent
MUC1,Non bivalent
THBS3,Ni_higher_than_Pr
GBAP1,Non bivalent
GBA,Non bivalent
FAM189B,Non bivalent
SCAMP3,Non bivalent
CLK2,Non bivalent
ASH1L,Non bivalent
YY1AP1,Non bivalent
GON4L,Non bivalent
RIT1,Non bivalent
KIAA0907,Non bivalent
ARHGEF2,Non bivalent
SSR2,Non bivalent
UBQLN4,Non bivalent
MEX3A,Ni_higher_than_Pr
PAQR6,Non bivalent
SMG5,Non bivalent
GLMP,Non bivalent
CCT3,Non bivalent
C1orf61,Always_up
MEF2D,Non bivalent
IQGAP3,Non bivalent
GPATCH4,Non bivalent
NES,Non bivalent
CRABP2,Non bivalent
ISG20L2,Non bivalent
MRPL24,Non bivalent
HDGF,Non bivalent
SH2D2A,Non bivalent
ARHGEF11,Non bivalent
ETV3,Non bivalent
TAGLN2,Non bivalent
IGSF9,Non bivalent
PIGM,Always_up
IGSF8,Non bivalent
DCAF8,Non bivalent
PEX19,Non bivalent
COPA,Non bivalent
CD48,Non bivalent
ITLN2,Non bivalent
F11R,Non bivalent
TSTD1,Non bivalent
USF1,Non bivalent
ARHGAP30,Non bivalent
PVRL4,Non bivalent
PFDN2,Non bivalent
DEDD,Non bivalent
B4GALT3,Non bivalent
ADAMTS4,Non bivalent
APOA2,Non bivalent
MPZ,Non bivalent
OLFML2B,Always_up
C1orf110,Non bivalent
RGS5,Non bivalent
LMX1A,Always_up
ALDH9A1,Non bivalent
TMCO1,Non bivalent
FAM78B,Always_up
TADA1,Non bivalent
ILDR2,Always_up
CREG1,Non bivalent
ADCY10,Non bivalent
MPC2,Non bivalent
GPR161,Ni_higher_than_Pr
NME7,Non bivalent
SLC19A2,Non bivalent
F5,Non bivalent
METTL18,Non bivalent
SCYL3,Non bivalent
KIFAP3,Non bivalent
VAMP4,Non bivalent
DNM3OS,Non bivalent
PIGC,Non bivalent
LOC100506023,Non bivalent
ANKRD45,Non bivalent
CENPL,Non bivalent
GAS5,Non bivalent
RC3H1,Non bivalent
MRPS14,Non bivalent
KIAA0040,Always_up
RFWD2,Non bivalent
ASTN1,Always_up
SEC16B,Non bivalent
ABL2,Non bivalent
TOR1AIP2,Non bivalent
LHX4-AS1,Non bivalent
ACBD6,Non bivalent
STX6,Non bivalent
ZNF648,Non bivalent
GLUL,Non bivalent
RNASEL,Non bivalent
RGS16,Always_up
SHCBP1L,Ni_higher_than_Pr
NMNAT2,Always_up
ARPC5,Non bivalent
COLGALT2,Always_up
EDEM3,Non bivalent
FAM129A,Always_up
TRMT1L,Non bivalent
IVNS1ABP,Non bivalent
TPR,Non bivalent
UCHL5,Non bivalent
GLRX2,Ni_higher_than_Pr
ASPM,Non bivalent
ZBTB41,Non bivalent
DENND1B,Non bivalent
ZNF281,Non bivalent
KIF14,Non bivalent
DDX59,Non bivalent
KIF21B,Non bivalent
TMEM9,Non bivalent
TNNT2,Non bivalent
LAD1,Non bivalent
TNNI1,Non bivalent
PHLDA3,Non bivalent
CSRP1,Non bivalent
IPO9-AS1,Non bivalent
LMOD1,Non bivalent
ARL8A,Non bivalent
UBE2T,Ni_higher_than_Pr
SYT2,Always_up
KDM5B,Non bivalent
RABIF,Non bivalent
KLHL12,Non bivalent
ADIPOR1,Non bivalent
CYB5R1,Non bivalent
MYBPH,Non bivalent
CHI3L1,Non bivalent
FMOD,Non bivalent
ETNK2,Non bivalent
REN,Non bivalent
KISS1,Non bivalent
PLEKHA6,Non bivalent
PPP1R15B,Non bivalent
PIK3C2B,Non bivalent
LRRN2,Ni_higher_than_Pr
TMEM81,Non bivalent
RBBP5,Non bivalent
DSTYK,Non bivalent
NUAK2,Non bivalent
BLACAT1,Non bivalent
ELK4,Non bivalent
SLC45A3,Non bivalent
NUCKS1,Non bivalent
RAB29,Always_up
SLC41A1,Non bivalent
RAB7B,Non bivalent
CTSE,Non bivalent
FAM72A,Non bivalent
EIF2D,Non bivalent
YOD1,Non bivalent
CD34,Always_up
PLXNA2,Always_up
LAMB3,Non bivalent
C1orf74,Always_up
IRF6,Non bivalent
SERTAD4-AS1,Always_up
SLC30A1,Non bivalent
NEK2,Non bivalent
LPGAT1,Always_up
INTS7,Non bivalent
RPL21P28,Non bivalent
TMEM206,Non bivalent
BATF3,Always_up
NSL1,Non bivalent
FLVCR1-AS1,Non bivalent
ANGEL2,Non bivalent
PTPN14,Non bivalent
ESRRG,Always_up
GPATCH2,Non bivalent
EPRS,Non bivalent
BPNT1,Non bivalent
AURKAPS1,Non bivalent
RAB3GAP2,Non bivalent
DUSP10,Always_up
TAF1A,Always_up
AIDA,Non bivalent
SUSD4,Always_up
TP53BP2,Non bivalent
GTF2IP20,Non bivalent
NVL,Non bivalent
WDR26,Non bivalent
LBR,Non bivalent
ENAH,Non bivalent
TMEM63A,Non bivalent
LEFTY1,Non bivalent
PYCR2,Non bivalent
LEFTY2,Non bivalent
SDE2,Non bivalent
ACBD3,Non bivalent
LIN9,Non bivalent
PARP1,Non bivalent
ITPKB,Always_up
CDC42BPA,Non bivalent
JMJD4,Non bivalent
WNT9A,Non bivalent
C1orf35,Non bivalent
MRPL55,Non bivalent
TRIM11,Non bivalent
TRIM17,Non bivalent
HIST3H2A,Non bivalent
CCSAP,Non bivalent
ACTA1,Always_up
NUP133,Non bivalent
ABCB10,Non bivalent
TAF5L,Non bivalent
PGBD5,Always_up
C1orf198,Ni_higher_than_Pr
TTC13,Ni_higher_than_Pr
FAM89A,Always_up
C1orf131,Non bivalent
EXOC8,Non bivalent
EGLN1,Ni_higher_than_Pr
SIPA1L2,Non bivalent
PCNXL2,Non bivalent
LOC101927765,Non bivalent
TARBP1,Non bivalent
IRF2BP2,Non bivalent
TOMM20,Non bivalent
RBM34,Non bivalent
ARID4B,Non bivalent
B3GALNT2,Non bivalent
GNG4,Always_up
LYST,Non bivalent
NID1,Pr_higher_than_Ni
ERO1B,Always_up
HEATR1,Non bivalent
GREM2,Pr_higher_than_Ni
FH,Non bivalent
CHML,Non bivalent
OPN3,Non bivalent
MAP1LC3C,Non bivalent
LINC01347,Non bivalent
AKT3,Non bivalent
ADSS,Non bivalent
HNRNPU-AS1,Non bivalent
HNRNPU,Non bivalent
LOC101928068,Non bivalent
SMYD3,Non bivalent
TFB2M,Non bivalent
AHCTF1,Non bivalent
ZNF695,Non bivalent
ZNF670,Non bivalent
ZNF670-ZNF695,Non bivalent
ZNF669,Non bivalent
ZNF124,Non bivalent
ZNF496,Non bivalent
SH3BP5L,Non bivalent
ZNF692,Non bivalent
ACP1,Always_up
TRAPPC12,Non bivalent
RNASEH1-AS1,Non bivalent
RPS7,Non bivalent
COLEC11,Non bivalent
SOX11,Ni_higher_than_Pr
RNF144A,Always_up
ID2,Always_up
ASAP2,Non bivalent
CPSF3,Non bivalent
IAH1,Non bivalent
TAF1B,Non bivalent
GRHL1,Always_up
KLF11,Non bivalent
RRM2,Non bivalent
HPCAL1,Always_up
ATP6V1C2,Always_up
PQLC3,Non bivalent
GREB1,Non bivalent
LPIN1,Non bivalent
TRIB2,Always_up
DDX1,Non bivalent
MYCN,Non bivalent
VSNL1,Ni_higher_than_Pr
GEN1,Non bivalent
MSGN1,Non bivalent
KCNS3,Always_up
RHOB,Non bivalent
GDF7,Always_up
KLHL29,Always_up
UBXN2A,Non bivalent
FKBP1B,Non bivalent
FAM228B,Always_up
NCOA1,Non bivalent
CENPO,Non bivalent
EFR3B,Non bivalent
RAB10,Non bivalent
GAREML,Non bivalent
HADHB,Non bivalent
EPT1,Non bivalent
SLC35F6,Non bivalent
CENPA,Non bivalent
DPYSL5,Ni_higher_than_Pr
MAPRE3,Always_up
TMEM214,Non bivalent
AGBL5,Non bivalent
EMILIN1,Non bivalent
KHK,Non bivalent
ATRAID,Non bivalent
CAD,Non bivalent
SNX17,Non bivalent
NRBP1,Non bivalent
KRTCAP3,Non bivalent
ZNF512,Always_up
GPN1,Non bivalent
SLC4A1AP,Non bivalent
MRPL33,Non bivalent
BRE,Non bivalent
FOSL2,Non bivalent
PLB1,Non bivalent
PPP1CB,Non bivalent
WDR43,Non bivalent
FAM179A,Non bivalent
CLIP4,Pr_higher_than_Ni
YPEL5,Non bivalent
LBH,Non bivalent
LCLAT1,Non bivalent
EHD3,Always_up
SPAST,Non bivalent
SLC30A6,Non bivalent
YIPF4,Non bivalent
BIRC6,Non bivalent
TTC27,Non bivalent
LTBP1,Non bivalent
RASGRP3,Non bivalent
CRIM1,Non bivalent
GPATCH11,Non bivalent
CEBPZOS,Non bivalent
NDUFAF7,Non bivalent
QPCT,Always_up
RMDN2,Always_up
GALM,Non bivalent
GEMIN6,Non bivalent
MORN2,Non bivalent
ARHGEF33,Non bivalent
TMEM178A,Always_up
PKDCC,Always_up
EML4,Ni_higher_than_Pr
MTA3,Non bivalent
PLEKHH2,Ni_higher_than_Pr
DYNC2LI1,Non bivalent
PPM1B,Non bivalent
CAMKMT,Non bivalent
PRKCE,Always_up
EPAS1,Always_up
RHOQ,Non bivalent
CRIPT,Non bivalent
SOCS5,Non bivalent
TTC7A,Non bivalent
BCYRN1,Non bivalent
EPCAM,Non bivalent
MSH2,Non bivalent
MSH6,Non bivalent
FOXN2,Non bivalent
PPP1R21,Non bivalent
STON1,Always_up
CHAC2,Ni_higher_than_Pr
ERLEC1,Non bivalent
ACYP2,Non bivalent
SPTBN1,Always_up
EML6,Always_up
RPS27A,Non bivalent
PRORSD1P,Non bivalent
CFAP36,Non bivalent
CCDC85A,Always_up
VRK2,Non bivalent
PAPOLG,Non bivalent
REL,Non bivalent
PEX13,Non bivalent
KIAA1841,Non bivalent
C2orf74,Non bivalent
AHSA2,Non bivalent
COMMD1,Non bivalent
B3GNT2,Non bivalent
EHBP1,Non bivalent
OTX1,Always_up
MDH1,Non bivalent
UGP2,Non bivalent
LGALSL,Non bivalent
AFTPH,Non bivalent
SLC1A4,Always_up
CEP68,Non bivalent
ACTR2,Non bivalent
MEIS1,Always_up
ETAA1,Non bivalent
PNO1,Non bivalent
APLF,Non bivalent
ANTXR1,Ni_higher_than_Pr
ANXA4,Non bivalent
GMCL1,Non bivalent
SNRNP27,Non bivalent
MXD1,Non bivalent
PCBP1,Non bivalent
PCYOX1,Non bivalent
VAX2,Always_up
ATP6V1B1,Non bivalent
ANKRD53,Non bivalent
NAGK,Non bivalent
MPHOSPH10,Non bivalent
ZNF638,Non bivalent
DYSF,Always_up
SPR,Always_up
SMYD5,Non bivalent
CCT7,Non bivalent
ALMS1,Non bivalent
ALMS1-IT1,Non bivalent
STAMBP,Non bivalent
ACTG2,Non bivalent
DGUOK,Non bivalent
TET3,Ni_higher_than_Pr
BOLA3-AS1,Non bivalent
MTHFD2,Non bivalent
WDR54,Non bivalent
INO80B,Non bivalent
INO80B-WBP1,Non bivalent
WBP1,Non bivalent
TTC31,Non bivalent
LBX2-AS1,Pr_higher_than_Ni
TLX2,Always_up
HTRA2,Non bivalent
DOK1,Ni_higher_than_Pr
SEMA4F,Always_up
HK2,Non bivalent
POLE4,Always_up
MRPL19,Non bivalent
TMSB10,Non bivalent
KCMF1,Non bivalent
TCF7L1,Non bivalent
ELMOD3,Non bivalent
MAT2A,Non bivalent
VAMP8,Non bivalent
VAMP5,Ni_higher_than_Pr
RNF181,Non bivalent
USP39,Non bivalent
ATOH8,Always_up
PTCD3,Non bivalent
MRPL35,Non bivalent
KDM3A,Always_up
RMND5A,Non bivalent
RGPD2,Non bivalent
LINC00152,Non bivalent
THNSL2,Always_up
TEX37,Non bivalent
RPIA,Non bivalent
MAL,Always_up
ZNF2,Non bivalent
PROM2,Non bivalent
KCNIP3,Always_up
FAHD2A,Non bivalent
TRIM43,Non bivalent
STARD7-AS1,Non bivalent
CIAO1,Non bivalent
ITPRIPL1,Always_up
NCAPH,Non bivalent
ARID5A,Non bivalent
CNNM4,Non bivalent
CNNM3,Non bivalent
ANKRD36,Non bivalent
COX5B,Non bivalent
ZAP70,Non bivalent
INPP4A,Non bivalent
UNC50,Non bivalent
LIPT1,Non bivalent
MRPL30,Non bivalent
EIF5B,Non bivalent
PDCL3,Non bivalent
NPAS2,Always_up
RPL31,Non bivalent
CNOT11,Non bivalent
MAP4K4,Non bivalent
IL1R1,Always_up
TMEM182,Non bivalent
POU3F3,Always_up
MRPS9,Non bivalent
GPR45,Non bivalent
C2orf49,Non bivalent
NCK2,Non bivalent
RGPD4,Ni_higher_than_Pr
SULT1C4,Non bivalent
GCC2,Non bivalent
LIMS1,Non bivalent
RANBP2,Non bivalent
CCDC138,Non bivalent
SH3RF3,Always_up
SOWAHC,Non bivalent
RGPD6,Non bivalent
LIMS3,Non bivalent
LIMS3L,Non bivalent
ACOXL,Always_up
BCL2L11,Always_up
MERTK,Always_up
TMEM87B,Non bivalent
ZC3H6,Non bivalent
TTL,Non bivalent
POLR1B,Non bivalent
CHCHD5,Non bivalent
SLC20A1,Non bivalent
IL36RN,Non bivalent
PSD4,Non bivalent
PAX8-AS1,Non bivalent
CBWD2,Always_up
WASH2P,Non bivalent
RABL2A,Non bivalent
ACTR3,Non bivalent
DPP10,Always_up
DDX18,Non bivalent
INSIG2,Ni_higher_than_Pr
STEAP3,Always_up
DBI,Non bivalent
TMEM37,Non bivalent
CFAP221,Non bivalent
TMEM177,Non bivalent
PTPN4,Non bivalent
EPB41L5,Non bivalent
RALB,Always_up
INHBB,Always_up
GLI2,Non bivalent
NIFK-AS1,Non bivalent
TSN,Non bivalent
CNTNAP5,Always_up
GYPC,Non bivalent
SFT2D3,Non bivalent
UGGT1,Non bivalent
MZT2B,Non bivalent
IMP4,Non bivalent
PTPN18,Non bivalent
CFC1B,Always_up
AMER3,Always_up
ARHGEF4,Non bivalent
PLEKHB2,Non bivalent
POTEE,Ni_higher_than_Pr
TUBA3D,Non bivalent
LOC150776,Non bivalent
CCDC74A,Non bivalent
GPR39,Always_up
MGAT5,Non bivalent
CCNT2,Non bivalent
RAB3GAP1,Non bivalent
R3HDM1,Non bivalent
UBXN4,Non bivalent
THSD7B,Non bivalent
HNMT,Non bivalent
SPOPL,Non bivalent
KYNU,Non bivalent
ARHGAP15,Non bivalent
TEX41,Non bivalent
ACVR2A,Non bivalent
MBD5,Non bivalent
EPC2,Always_up
KIF5C,Ni_higher_than_Pr
LYPD6B,Always_up
LYPD6,Always_up
TNFAIP6,Non bivalent
RIF1,Non bivalent
FMNL2,Non bivalent
ARL6IP6,Non bivalent
GALNT13,Always_up
KCNJ3,Always_up
GPD2,Non bivalent
GALNT5,Ni_higher_than_Pr
PKP4,Non bivalent
TANC1,Pr_higher_than_Ni
MARCH7,Non bivalent
TANK,Non bivalent
LOC100996579,Always_up
PSMD14,Non bivalent
GCA,Always_up
SCN2A,Non bivalent
CSRNP3,Non bivalent
CERS6,Ni_higher_than_Pr
NOSTRIN,Non bivalent
BBS5,Always_up
PPIG,Non bivalent
PHOSPHO2,Non bivalent
PHOSPHO2-KLHL23,Non bivalent
KLHL23,Always_up
SSB,Non bivalent
UBR3,Non bivalent
MYO3B,Non bivalent
SP5,Always_up
ERICH2,Non bivalent
GAD1,Always_up
GORASP2,Non bivalent
DCAF17,Non bivalent
CYBRD1,Non bivalent
DYNC1I2,Non bivalent
HAT1,Non bivalent
METAP1D,Always_up
DLX1,Always_up
ITGA6,Always_up
PDK1,Ni_higher_than_Pr
RAPGEF4,Always_up
ZAK,Always_up
CDCA7,Non bivalent
SP9,Always_up
SCRN3,Non bivalent
HOXD13,Pr_higher_than_Ni
HOXD11,Always_up
HOXD10,Pr_higher_than_Ni
HOXD9,Pr_higher_than_Ni
HOXD8,Pr_higher_than_Ni
HOXD4,Pr_higher_than_Ni
HOXD3,Pr_higher_than_Ni
HOXD1,Pr_higher_than_Ni
MTX2,Non bivalent
HNRNPA3,Non bivalent
AGPS,Non bivalent
RBM45,Non bivalent
OSBPL6,Ni_higher_than_Pr
LOC101927027,Non bivalent
DFNB59,Non bivalent
PLEKHA3,Non bivalent
TTN-AS1,Non bivalent
UBE2E3,Ni_higher_than_Pr
ITGA4,Always_up
SSFA2,Always_up
PPP1R1C,Non bivalent
DNAJC10,Ni_higher_than_Pr
DUSP19,Always_up
NUP35,Non bivalent
ZNF804A,Always_up
FSIP2,Ni_higher_than_Pr
ZC3H15,Non bivalent
ITGAV,Non bivalent
FAM171B,Always_up
GULP1,Non bivalent
COL3A1,Ni_higher_than_Pr
WDR75,Non bivalent
ASNSD1,Non bivalent
PMS1,Non bivalent
INPP1,Non bivalent
MFSD6,Always_up
NAB1,Ni_higher_than_Pr
GLS,Non bivalent
MYO1B,Non bivalent
NABP1,Non bivalent
SLC39A10,Non bivalent
LOC101927482,Non bivalent
CCDC150,Always_up
COQ10B,Non bivalent
HSPE1,Non bivalent
HSPE1-MOB4,Non bivalent
MOB4,Non bivalent
MARS2,Non bivalent
C2orf69,Non bivalent
C2orf47,Non bivalent
SPATS2L,Always_up
SGOL2,Always_up
AOX1,Always_up
BZW1,Non bivalent
NIF3L1,Non bivalent
NDUFB3,Non bivalent
CFLAR,Non bivalent
CASP10,Non bivalent
CASP8,Non bivalent
STRADB,Non bivalent
FZD7,Ni_higher_than_Pr
NOP58,Non bivalent
BMPR2,Non bivalent
FAM117B,Ni_higher_than_Pr
CARF,Non bivalent
NBEAL1,Non bivalent
CYP20A1,Pr_higher_than_Ni
ABI2,Non bivalent
PARD3B,Always_up
NRP2,Always_up
EEF1B2,Non bivalent
GPR1-AS,Non bivalent
ZDBF2,Non bivalent
ADAM23,Ni_higher_than_Pr
FASTKD2,Non bivalent
CPO,Non bivalent
CREB1,Non bivalent
CCNYL1,Ni_higher_than_Pr
PIKFYVE,Non bivalent
MAP2,Always_up
RPE,Non bivalent
CPS1,Non bivalent
SPAG16,Ni_higher_than_Pr
LOC101928103,Non bivalent
ATIC,Ni_higher_than_Pr
XRCC5,Non bivalent
PKI55,Non bivalent
SMARCAL1,Non bivalent
RPL37A,Non bivalent
IGFBP2,Ni_higher_than_Pr
ARPC2,Non bivalent
GPBAR1,Non bivalent
PNKD,Non bivalent
CTDSP1,Non bivalent
VIL1,Non bivalent
RQCD1,Non bivalent
BCS1L,Non bivalent
STK36,Non bivalent
TTLL4,Non bivalent
CYP27A1,Always_up
WNT6,Always_up
CDK5R2,Always_up
FAM134A,Non bivalent
ZFAND2B,Non bivalent
ANKZF1,Non bivalent
STK16,Non bivalent
DNAJB2,Non bivalent
DES,Non bivalent
SPEG,Non bivalent
GMPPA,Always_up
ASIC4,Non bivalent
TMEM198,Non bivalent
INHA,Non bivalent
STK11IP,Non bivalent
SLC4A3,Non bivalent
ACSL3,Non bivalent
KCNE4,Non bivalent
MRPL44,Non bivalent
RHBDD1,Always_up
MFF,Non bivalent
AGFG1,Non bivalent
FBXO36,Non bivalent
SP140,Non bivalent
SP140L,Non bivalent
SP100,Non bivalent
CAB39,Non bivalent
ITM2C,Non bivalent
C2orf72,Pr_higher_than_Ni
PSMD1,Non bivalent
ARMC9,Non bivalent
B3GNT7,Non bivalent
PTMA,Non bivalent
COPS7B,Non bivalent
DIS3L2,Pr_higher_than_Ni
ALPP,Non bivalent
ALPPL2,Non bivalent
EIF4E2,Non bivalent
EFHD1,Pr_higher_than_Ni
GIGYF2,Non bivalent
INPP5D,Non bivalent
ATG16L1,Non bivalent
DGKD,Non bivalent
SH3BP4,Non bivalent
AGAP1,Non bivalent
ACKR3,Always_up
COPS8,Non bivalent
MLPH,Pr_higher_than_Ni
LRRFIP1,Always_up
RBM44,Ni_higher_than_Pr
RAMP1,Always_up
UBE2F,Non bivalent
SCLY,Non bivalent
ESPNL,Non bivalent
KLHL30,Non bivalent
FAM132B,Non bivalent
LOC643387,Always_up
TRAF3IP1,Non bivalent
ASB1,Non bivalent
TWIST2,Always_up
GPC1,Non bivalent
DUSP28,Non bivalent
RNPEPL1,Non bivalent
CAPN10,Ni_higher_than_Pr
PPP1R7,Non bivalent
ANO7,Non bivalent
SEPT2,Non bivalent
FARP2,Non bivalent
BOK,Non bivalent
ATG4B,Non bivalent
ING5,Non bivalent
D2HGDH,Non bivalent
LOC728323,Non bivalent
SH3YL1,Always_up
TMEM18,Non bivalent
PXDN,Non bivalent
TSSC1,Non bivalent
ADI1,Non bivalent
RNASEH1,Non bivalent
CMPK2,Always_up
KIDINS220,Non bivalent
MBOAT2,Always_up
ITGB1BP1,Non bivalent
ADAM17,Non bivalent
YWHAQ,Non bivalent
ODC1,Non bivalent
NOL10,Non bivalent
PDIA6,Non bivalent
ROCK2,Non bivalent
E2F6,Non bivalent
NBAS,Non bivalent
FAM49A,Always_up
SMC6,Non bivalent
RDH14,Non bivalent
OSR1,Pr_higher_than_Ni
TTC32,Non bivalent
WDR35,Ni_higher_than_Pr
MATN3,Always_up
LAPTM4A,Non bivalent
SDC1,Ni_higher_than_Pr
PUM2,Non bivalent
HS1BP3,Non bivalent
LDAH,Non bivalent
APOB,Always_up
ATAD2B,Non bivalent
C2orf44,Non bivalent
SF3B6,Non bivalent
TP53I3,Non bivalent
ITSN2,Pr_higher_than_Ni
PTRHD1,Non bivalent
ADCY3,Non bivalent
DNAJC27,Non bivalent
POMC,Pr_higher_than_Ni
DNMT3A,Non bivalent
DTNB,Always_up
ASXL2,Non bivalent
KIF3C,Non bivalent
HADHA,Non bivalent
OST4,Non bivalent
CGREF1,Always_up
PREB,Non bivalent
SLC5A6,Non bivalent
MPV17,Non bivalent
GTF3C2,Non bivalent
EIF2B4,Non bivalent
ZNF513,Non bivalent
PPM1G,Non bivalent
IFT172,Non bivalent
FNDC4,Always_up
CCDC121,Non bivalent
SUPT7L,Ni_higher_than_Pr
RBKS,Non bivalent
TRMT61B,Non bivalent
ALK,Always_up
CAPN13,Non bivalent
GALNT14,Always_up
XDH,Non bivalent
MEMO1,Non bivalent
DPY30,Non bivalent
NLRC4,Non bivalent
FAM98A,Non bivalent
LOC100288911,Non bivalent
FEZ2,Non bivalent
STRN,Non bivalent
HEATR5B,Non bivalent
EIF2AK2,Non bivalent
CEBPZ,Non bivalent
PRKD3,Non bivalent
CDC42EP3,Non bivalent
CYP1B1,Always_up
ATL2,Non bivalent
HNRNPLL,Non bivalent
SRSF7,Non bivalent
DHX57,Non bivalent
LOC375196,Ni_higher_than_Pr
SOS1,Non bivalent
MAP4K3,Pr_higher_than_Ni
THUMPD2,Always_up
SLC8A1,Non bivalent
COX7A2L,Non bivalent
KCNG3,Non bivalent
OXER1,Non bivalent
HAAO,Non bivalent
LOC102723854,Non bivalent
ZFP36L2,Non bivalent
THADA,Non bivalent
C1GALT1C1L,Ni_higher_than_Pr
LRPPRC,Non bivalent
PREPL,Non bivalent
SIX2,Pr_higher_than_Ni
SRBD1,Non bivalent
PIGF,Non bivalent
MCFD2,Non bivalent
CALM2,Ni_higher_than_Pr
KCNK12,Always_up
FBXO11,Non bivalent
FSHR,Non bivalent
NRXN1,Ni_higher_than_Pr
ASB3,Non bivalent
GPR75,Non bivalent
GPR75-ASB3,Non bivalent
PSME4,Ni_higher_than_Pr
RTN4,Non bivalent
CLHC1,Non bivalent
MTIF2,Non bivalent
CCDC88A,Ni_higher_than_Pr
PPP4R3B,Non bivalent
PNPT1,Non bivalent
EFEMP1,Always_up
FANCL,Always_up
BCL11A,Always_up
PUS10,Non bivalent
LOC339803,Non bivalent
USP34,Non bivalent
XPO1,Non bivalent
FAM161A,Ni_higher_than_Pr
CCT4,Non bivalent
TMEM17,Non bivalent
WDPCP,Non bivalent
VPS54,Non bivalent
PELI1,Non bivalent
SERTAD2,Non bivalent
RAB1A,Non bivalent
SPRED2,Non bivalent
C1D,Non bivalent
WDR92,Non bivalent
PPP3R1,Non bivalent
CNRIP1,Always_up
FBXO48,Non bivalent
GFPT1,Non bivalent
NFU1,Non bivalent
AAK1,Non bivalent
ASPRV1,Non bivalent
PCBP1-AS1,Non bivalent
C2orf42,Non bivalent
TIA1,Non bivalent
SNRPG,Non bivalent
FAM136A,Non bivalent
ADD2,Ni_higher_than_Pr
TEX261,Non bivalent
MCEE,Non bivalent
PAIP2B,Non bivalent
CYP26B1,Always_up
EXOC6B,Non bivalent
SFXN5,Non bivalent
RAB11FIP5,Non bivalent
PRADC1,Non bivalent
FBXO41,Always_up
TPRKB,Always_up
DUSP11,Non bivalent
BOLA3,Non bivalent
MOB1A,Non bivalent
SLC4A5,Non bivalent
DCTN1,Non bivalent
C2orf81,Ni_higher_than_Pr
RTKN,Non bivalent
MOGS,Non bivalent
MRPL53,Non bivalent
CCDC142,Non bivalent
LBX2,Pr_higher_than_Ni
PCGF1,Non bivalent
DQX1,Non bivalent
AUP1,Non bivalent
LOXL3,Ni_higher_than_Pr
M1AP,Always_up
TACR1,Always_up
EVA1A,Non bivalent
GCFC2,Non bivalent
LRRTM4,Non bivalent
LRRTM1,Always_up
SUCLG1,Non bivalent
TRABD2A,Always_up
TGOLN2,Non bivalent
RETSAT,Non bivalent
CAPG,Non bivalent
PARTICL,Non bivalent
GGCX,Non bivalent
TMEM150A,Non bivalent
C2orf68,Non bivalent
ST3GAL5,Non bivalent
LOC90784,Non bivalent
POLR1A,Non bivalent
IMMT,Non bivalent
REEP1,Always_up
CHMP3,Non bivalent
RNF103,Non bivalent
LOC285074,Non bivalent
RGPD1,Non bivalent
KRCC1,Non bivalent
FOXI3,Pr_higher_than_Ni
EIF2AK3,Non bivalent
LOC654342,Always_up
MRPS5,Non bivalent
ZNF514,Non bivalent
TRIM43B,Non bivalent
LINC00342,Always_up
ANKRD36C,Ni_higher_than_Pr
GPAT2,Ni_higher_than_Pr
ADRA2B,Non bivalent
DUSP2,Non bivalent
STARD7,Non bivalent
TMEM127,Non bivalent
SNRNP200,Non bivalent
KANSL3,Non bivalent
LMAN2L,Non bivalent
ANKRD23,Non bivalent
ANKRD39,Non bivalent
SEMA4C,Non bivalent
FAM178B,Non bivalent
FAHD2B,Non bivalent
LOC100506123,Non bivalent
ANKRD36B,Non bivalent
ACTR1B,Non bivalent
TMEM131,Non bivalent
COA5,Non bivalent
MGAT4A,Pr_higher_than_Ni
KIAA1211L,Ni_higher_than_Pr
TSGA10,Non bivalent
MITD1,Non bivalent
TXNDC9,Non bivalent
REV1,Non bivalent
AFF3,Always_up
CHST10,Non bivalent
TBC1D8,Always_up
RNF149,Non bivalent
MFSD9,Non bivalent
TGFBRAP1,Non bivalent
FHL2,Non bivalent
UXS1,Non bivalent
RGPD3,Ni_higher_than_Pr
EDAR,Non bivalent
SEPT10,Non bivalent
MALL,Always_up
NPHP1,Non bivalent
LINC00116,Non bivalent
LINC01123,Always_up
LOC440895,Always_up
BUB1,Non bivalent
MIR4435-2HG,Non bivalent
ANAPC1,Non bivalent
ZC3H8,Non bivalent
RGPD5,Non bivalent
RGPD8,Non bivalent
CKAP2L,Non bivalent
IL1A,Non bivalent
PAX8,Always_up
DDX11L2,Non bivalent
RPL23AP7,Non bivalent
SLC35F5,Non bivalent
CCDC93,Non bivalent
EN1,Pr_higher_than_Ni
C2orf76,Non bivalent
TMEM185B,Always_up
TFCP2L1,Always_up
CLASP1,Non bivalent
NIFK,Non bivalent
BIN1,Non bivalent
CYP27C1,Non bivalent
ERCC3,Non bivalent
MAP3K2,Non bivalent
IWS1,Non bivalent
LIMS2,Pr_higher_than_Ni
WDR33,Non bivalent
POLR2D,Non bivalent
AMMECR1L,Non bivalent
SAP130,Non bivalent
HS6ST1,Always_up
POTEF,Ni_higher_than_Pr
CCDC74B,Non bivalent
SMPD4,Non bivalent
TUBA3E,Non bivalent
CCDC115,Non bivalent
FAR2P2,Non bivalent
CFC1,Always_up
FAM168B,Non bivalent
LOC401010,Ni_higher_than_Pr
MZT2A,Non bivalent
LYPD1,Ni_higher_than_Pr
NCKAP5,Non bivalent
CCNT2-AS1,Non bivalent
ZRANB3,Non bivalent
MCM6,Non bivalent
DARS,Non bivalent
CXCR4,Always_up
NXPH2,Ni_higher_than_Pr
LRP1B,Always_up
GTDC1,Non bivalent
ZEB2,Always_up
ORC4,Non bivalent
MMADHC,Non bivalent
RND3,Non bivalent
RBM43,Always_up
NMI,Non bivalent
NEB,Non bivalent
ARL5A,Non bivalent
CACNB4,Always_up
STAM2,Ni_higher_than_Pr
PRPF40A,Non bivalent
RPRM,Non bivalent
NR4A2,Pr_higher_than_Ni
FAM133DP,Non bivalent
ACVR1C,Always_up
ACVR1,Non bivalent
WDSUB1,Non bivalent
BAZ2B,Ni_higher_than_Pr
CD302,Always_up
LY75,Always_up
LY75-CD302,Always_up
PLA2R1,Pr_higher_than_Ni
ITGB6,Non bivalent
RBMS1,Non bivalent
AHCTF1P1,Non bivalent
DPP4,Ni_higher_than_Pr
FAP,Non bivalent
IFIH1,Always_up
FIGN,Non bivalent
GRB14,Always_up
COBLL1,Always_up
GALNT3,Always_up
TTC21B,Ni_higher_than_Pr
STK39,Always_up
SPC25,Non bivalent
LRP2,Always_up
FASTKD1,Non bivalent
METTL5,Non bivalent
LINC01124,Always_up
TLK1,Non bivalent
METTL8,Non bivalent
SLC25A12,Non bivalent
DLX2,Always_up
SP3,Non bivalent
OLA1,Non bivalent
CIR1,Non bivalent
GPR155,Pr_higher_than_Ni
WIPF1,Always_up
CHN1,Non bivalent
ATF2,Ni_higher_than_Pr
ATP5G3,Non bivalent
KIAA1715,Non bivalent
HOXD-AS2,Pr_higher_than_Ni
HAGLR,Pr_higher_than_Ni
LINC01116,Always_up
NFE2L2,Non bivalent
TTC30B,Non bivalent
TTC30A,Ni_higher_than_Pr
PDE11A,Non bivalent
PRKRA,Non bivalent
FKBP7,Non bivalent
CCDC141,Non bivalent
SESTD1,Non bivalent
CWC22,Non bivalent
FRZB,Ni_higher_than_Pr
NCKAP1,Non bivalent
TFPI,Non bivalent
COL5A2,Ni_higher_than_Pr
SLC40A1,Pr_higher_than_Ni
OSGEPL1,Non bivalent
ORMDL1,Non bivalent
HIBCH,Non bivalent
NEMP2,Non bivalent
STAT1,Always_up
TMEFF2,Always_up
STK17B,Always_up
HECW2,Always_up
GTF3C3,Always_up
PGAP1,Ni_higher_than_Pr
ANKRD44,Always_up
SF3B1,Non bivalent
HSPD1,Non bivalent
SATB2,Always_up
TYW5,Non bivalent
KCTD18,Always_up
CLK1,Non bivalent
PPIL3,Non bivalent
ORC2,Non bivalent
FAM126B,Non bivalent
TRAK2,Non bivalent
ALS2CR11,Non bivalent
TMEM237,Non bivalent
ALS2,Non bivalent
SUMO1,Non bivalent
ICA1L,Non bivalent
WDR12,Non bivalent
RAPH1,Non bivalent
INO80D,Non bivalent
GCSHP3,Non bivalent
NDUFS1,Non bivalent
GPR1,Non bivalent
MDH1B,Non bivalent
KLF7,Non bivalent
METTL21A,Non bivalent
FZD5,Non bivalent
PLEKHM3,Non bivalent
CRYGD,Non bivalent
CRYGB,Non bivalent
IDH1,Non bivalent
KANSL1L,Non bivalent
LANCL1,Non bivalent
ERBB4,Always_up
IKZF2,Ni_higher_than_Pr
BARD1,Non bivalent
FN1,Always_up
LINC00607,Non bivalent
MREG,Non bivalent
PECR,Non bivalent
IGFBP5,Ni_higher_than_Pr
TNS1,Non bivalent
AAMP,Non bivalent
TMBIM1,Non bivalent
USP37,Non bivalent
ZNF142,Non bivalent
RNF25,Non bivalent
CRYBA2,Pr_higher_than_Ni
IHH,Pr_higher_than_Ni
NHEJ1,Non bivalent
CNPPD1,Non bivalent
ABCB6,Non bivalent
ATG9A,Non bivalent
GLB1L,Non bivalent
TUBA4A,Always_up
PTPRN,Always_up
DNPEP,Non bivalent
CHPF,Non bivalent
OBSL1,Non bivalent
EPHA4,Ni_higher_than_Pr
PAX3,Always_up
FARSB,Non bivalent
AP1S3,Non bivalent
WDFY1,Non bivalent
SERPINE2,Always_up
FAM124B,Non bivalent
CUL3,Non bivalent
IRS1,Non bivalent
LOC654841,Non bivalent
SLC19A3,Non bivalent
PID1,Always_up
DNER,Always_up
TRIP12,Non bivalent
SLC16A14,Always_up
SP110,Ni_higher_than_Pr
NCL,Non bivalent
NMUR1,Non bivalent
PDE6D,Non bivalent
NPPC,Always_up
ECEL1P2,Pr_higher_than_Ni
ECEL1,Always_up
TIGD1,Non bivalent
NGEF,Pr_higher_than_Ni
USP40,Ni_higher_than_Pr
HJURP,Non bivalent
MSL3P1,Always_up
ARL4C,Always_up
GBX2,Always_up
IQCA1,Always_up
COL6A3,Always_up
RAB17,Non bivalent
ILKAP,Always_up
HES6,Always_up
PER2,Non bivalent
HDAC4,Non bivalent
NDUFA10,Non bivalent
MYEOV2,Non bivalent
ANKMY1,Always_up
CAPN10-AS1,Non bivalent
KIF1A,Non bivalent
MTERF4,Non bivalent
PASK,Non bivalent
HDLBP,Non bivalent
STK25,Non bivalent
THAP4,Non bivalent
DTYMK,Non bivalent
CNTN6,Non bivalent
CNTN4,Always_up
TRNT1,Non bivalent
LRRN1,Always_up
SETMAR,Non bivalent
ITPR1,Always_up
BHLHE40,Non bivalent
ARL8B,Non bivalent
EDEM1,Non bivalent
LMCD1,Non bivalent
LINC00312,Non bivalent
THUMPD3,Ni_higher_than_Pr
SETD5,Non bivalent
MTMR14,Non bivalent
BRPF1,Non bivalent
OGG1,Non bivalent
ARPC4,Non bivalent
ARPC4-TTLL3,Non bivalent
TTLL3,Non bivalent
JAGN1,Non bivalent
IL17RE,Non bivalent
IL17RC,Non bivalent
CRELD1,Non bivalent
EMC3-AS1,Non bivalent
FANCD2,Non bivalent
BRK1,Non bivalent
VHL,Non bivalent
IRAK2,Non bivalent
TATDN2,Non bivalent
GHRLOS,Non bivalent
LINC00852,Non bivalent
SLC6A11,Always_up
HRH1,Non bivalent
ATG7,Non bivalent
SYN2,Ni_higher_than_Pr
PPARG,Pr_higher_than_Ni
TSEN2,Non bivalent
MKRN2,Non bivalent
CAND2,Non bivalent
HDAC11,Non bivalent
FBLN2,Non bivalent
TPRXL,Non bivalent
TMEM43,Non bivalent
LSM3,Always_up
SLC6A6,Non bivalent
CCDC174,Non bivalent
FGD5,Non bivalent
NR2C2,Ni_higher_than_Pr
CAPN7,Non bivalent
SH3BP5-AS1,Non bivalent
EAF1,Non bivalent
BTD,Non bivalent
OXNAD1,Non bivalent
PLCL2,Ni_higher_than_Pr
LOC339862,Non bivalent
RAB5A,Non bivalent
KAT2B,Non bivalent
SGOL1-AS1,Non bivalent
ZNF385D-AS1,Non bivalent
UBE2E2,Always_up
UBE2E1,Ni_higher_than_Pr
RPL15,Non bivalent
NR1D2,Non bivalent
RARB,Non bivalent
OXSM,Non bivalent
CMC1,Non bivalent
RBMS3,Non bivalent
TGFBR2,Always_up
STT3B,Non bivalent
ZNF860,Always_up
GPD1L,Always_up
CMTM8,Pr_higher_than_Ni
CMTM7,Non bivalent
CNOT10,Non bivalent
TRIM71,Non bivalent
CRTAP,Non bivalent
FBXL2,Non bivalent
PDCD6IP,Non bivalent
STAC,Always_up
MLH1,Non bivalent
GOLGA4,Non bivalent
ITGA9,Always_up
CTDSPL,Non bivalent
VILL,Non bivalent
MYD88,Non bivalent
OXSR1,Non bivalent
XYLB,Non bivalent
ACVR2B,Non bivalent
EXOG,Non bivalent
WDR48,Non bivalent
TTC21A,Non bivalent
CCR8,Non bivalent
SLC25A38,Non bivalent
RPSA,Non bivalent
EIF1B,Non bivalent
ENTPD3,Always_up
RPL14,Non bivalent
ZNF619,Non bivalent
ZNF620,Always_up
ZNF621,Non bivalent
CTNNB1,Ni_higher_than_Pr
TRAK1,Non bivalent
VIPR1,Non bivalent
SS18L2,Non bivalent
NKTR,Non bivalent
ZBTB47,Non bivalent
ACKR2,Non bivalent
ZNF662,Non bivalent
FAM198A,Always_up
SNRK,Non bivalent
ABHD5,Non bivalent
TCAIM,Non bivalent
ZKSCAN7,Ni_higher_than_Pr
ZNF197,Non bivalent
ZNF35,Non bivalent
ZNF502,Non bivalent
ZNF501,Non bivalent
KIF15,Ni_higher_than_Pr
TMEM42,Non bivalent
EXOSC7,Non bivalent
LARS2,Non bivalent
LIMD1,Pr_higher_than_Ni
SACM1L,Non bivalent
CXCR6,Non bivalent
RTP3,Non bivalent
TDGF1,Non bivalent
PTH1R,Non bivalent
NBEAL2,Non bivalent
KIF9-AS1,Non bivalent
KLHL18,Non bivalent
PTPN23,Non bivalent
DHX30,Non bivalent
CAMP,Non bivalent
ZNF589,Non bivalent
TMA7,Non bivalent
ATRIP,Non bivalent
TREX1,Non bivalent
ARIH2,Non bivalent
P4HTM,Non bivalent
WDR6,Non bivalent
NDUFAF3,Non bivalent
KLHDC8B,Non bivalent
CCDC36,Non bivalent
TCTA,Non bivalent
DAG1,Non bivalent
BSN,Pr_higher_than_Ni
APEH,Non bivalent
RNF123,Non bivalent
FAM212A,Non bivalent
RBM6,Non bivalent
RBM5,Non bivalent
SEMA3F,Non bivalent
SLC38A3,Non bivalent
GNAI2,Non bivalent
SEMA3B,Non bivalent
CYB561D2,Non bivalent
HEMK1,Non bivalent
MAPKAPK3,Pr_higher_than_Ni
DOCK3,Ni_higher_than_Pr
MANF,Non bivalent
RBM15B,Non bivalent
RAD54L2,Non bivalent
TEX264,Non bivalent
GRM2,Non bivalent
PARP3,Non bivalent
ABHD14A,Non bivalent
ABHD14A-ACY1,Non bivalent
ACY1,Non bivalent
ALAS1,Non bivalent
PPM1M,Non bivalent
GLYCTK,Non bivalent
DNAH1,Non bivalent
PHF7,Non bivalent
NISCH,Non bivalent
STAB1,Non bivalent
SMIM4,Non bivalent
GNL3,Non bivalent
SPCS1,Non bivalent
PRKCD,Non bivalent
CACNA1D,Always_up
IL17RB,Always_up
CACNA2D3,Always_up
CCDC66,Non bivalent
APPL1,Non bivalent
PDE12,Non bivalent
SLMAP,Non bivalent
FLNB,Non bivalent
ABHD6,Always_up
RPP14,Non bivalent
PXK,Non bivalent
KCTD6,Non bivalent
PTPRG,Non bivalent
C3orf14,Non bivalent
ATXN7,Non bivalent
PSMD6-AS2,Non bivalent
SLC25A26,Non bivalent
KBTBD8,Always_up
ARL6IP5,Non bivalent
MITF,Always_up
GPR27,Always_up
GXYLT2,Always_up
PPP4R2,Non bivalent
EBLN2,Non bivalent
PDZRN3-AS1,Always_up
LINC00960,Always_up
ROBO2,Ni_higher_than_Pr
CADM2,Always_up
CHMP2B,Non bivalent
ZNF654,Non bivalent
C3orf38,Non bivalent
EPHA3,Always_up
ARL13B,Non bivalent
NSUN3,Non bivalent
ARL6,Ni_higher_than_Pr
CRYBG3,Ni_higher_than_Pr
ST3GAL6,Always_up
CMSS1,Non bivalent
TBC1D23,Non bivalent
NIT2,Non bivalent
LNP1,Non bivalent
TMEM45A,Always_up
TFG,Always_up
TRMT10C,Non bivalent
PCNP,Non bivalent
ZBTB11-AS1,Non bivalent
PDCL3P4,Non bivalent
CEP97,Non bivalent
NXPE3,Non bivalent
NFKBIZ,Always_up
ALCAM,Ni_higher_than_Pr
LINC00883,Always_up
BBX,Non bivalent
DZIP3,Non bivalent
LINC01205,Non bivalent
PVRL3,Ni_higher_than_Pr
PLCXD2,Always_up
PHLDB2,Always_up
ABHD10,Non bivalent
C3orf52,Non bivalent
CD200,Non bivalent
SLC35A5,Non bivalent
GTPBP8,Ni_higher_than_Pr
BOC,Ni_higher_than_Pr
ATP6V1A,Non bivalent
GRAMD1C,Non bivalent
ZDHHC23,Always_up
QTRTD1,Non bivalent
GAP43,Always_up
LSAMP-AS1,Non bivalent
ARHGAP31,Always_up
POGLUT1,Non bivalent
TIMMDC1,Non bivalent
ADPRH,Always_up
NDUFB4,Non bivalent
GTF2E1,Non bivalent
STXBP5L,Ni_higher_than_Pr
ARGFX,Non bivalent
EAF2,Always_up
SLC15A2,Non bivalent
FAM162A,Non bivalent
DTX3L,Always_up
PARP14,Always_up
DIRC2,Non bivalent
LOC100129550,Non bivalent
PDIA5,Pr_higher_than_Ni
SEC22A,Non bivalent
KALRN,Non bivalent
UMPS,Non bivalent
FAM86JP,Non bivalent
CHCHD6,Always_up
PLXNA1,Non bivalent
C3orf56,Non bivalent
MCM2,Non bivalent
PODXL2,Always_up
ABTB1,Non bivalent
SEC61A1,Non bivalent
EEFSEC,Non bivalent
GATA2-AS1,Pr_higher_than_Ni
RAB7A,Non bivalent
ACAD9,Non bivalent
COPG1,Non bivalent
HMCES,Non bivalent
H1FX-AS1,Non bivalent
IFT122,Non bivalent
TMCC1-AS1,Ni_higher_than_Pr
TRH,Pr_higher_than_Ni
COL6A5,Always_up
COL6A6,Non bivalent
ATP2C1,Non bivalent
NEK11,Non bivalent
NUDT16P1,Non bivalent
NUDT16,Non bivalent
ACPP,Non bivalent
DNAJC13,Non bivalent
UBA5,Non bivalent
TMEM108,Always_up
CDV3,Non bivalent
SRPRB,Non bivalent
CEP63,Non bivalent
EPHB1,Always_up
PPP2R3A,Non bivalent
PCCB,Non bivalent
SLC35G2,Always_up
NCK1,Non bivalent
IL20RB,Non bivalent
ARMC8,Non bivalent
MRAS,Non bivalent
ESYT3,Always_up
FAIM,Non bivalent
FOXL2NB,Pr_higher_than_Ni
MRPS22,Always_up
CLSTN2,Always_up
SLC25A36,Non bivalent
SPSB4,Always_up
PXYLP1,Non bivalent
ZBTB38,Non bivalent
RASA2,Non bivalent
RNF7,Non bivalent
ATP1B3,Non bivalent
PLS1,Non bivalent
TRPC1,Non bivalent
U2SURP,Non bivalent
CHST2,Non bivalent
C3orf58,Non bivalent
ZIC1,Pr_higher_than_Ni
GYG1,Always_up
HPS3,Non bivalent
RNF13,Non bivalent
LOC646903,Non bivalent
TSC22D2,Non bivalent
EIF2A,Non bivalent
SELT,Non bivalent
ERICH6-AS1,Non bivalent
MED12L,Non bivalent
MBNL1,Non bivalent
P2RY1,Ni_higher_than_Pr
RAP2B,Non bivalent
MME,Always_up
GMPS,Non bivalent
KCNAB1,Always_up
TIPARP,Always_up
RSRC1,Pr_higher_than_Ni
MLF1,Always_up
GFM1,Non bivalent
MFSD1,Pr_higher_than_Ni
IQCJ-SCHIP1,Non bivalent
SCHIP1,Non bivalent
C3orf80,Always_up
SMC4,Non bivalent
PPM1L,Always_up
NMD3,Non bivalent
SERPINI1,Non bivalent
MYNN,Non bivalent
SEC62,Ni_higher_than_Pr
GPR160,Non bivalent
PRKCI,Non bivalent
SKIL,Non bivalent
CLDN11,Ni_higher_than_Pr
FNDC3B,Non bivalent
ECT2,Non bivalent
NLGN1,Ni_higher_than_Pr
LINC00501,Non bivalent
PIK3CA,Ni_higher_than_Pr
ZNF639,Non bivalent
MFN1,Non bivalent
ACTL6A,Non bivalent
NDUFB5,Non bivalent
USP13,Non bivalent
TTC14,Always_up
FXR1,Non bivalent
SOX2-OT,Non bivalent
SOX2,Ni_higher_than_Pr
ATP11B,Always_up
B3GNT5,Always_up
LINC00888,Non bivalent
KLHL24,Non bivalent
YEATS2,Non bivalent
EIF2B5,Non bivalent
DVL3,Non bivalent
AP2M1,Non bivalent
ABCF3,Non bivalent
ECE2,Non bivalent
PSMD2,Non bivalent
EIF4G1,Non bivalent
FAM131A,Non bivalent
POLR2H,Non bivalent
CHRD,Always_up
EPHB3,Always_up
VPS8,Non bivalent
MAP3K13,Always_up
SENP2,Non bivalent
DNAJB11,Non bivalent
KNG1,Non bivalent
EIF4A2,Non bivalent
ST6GAL1,Non bivalent
RTP1,Non bivalent
LPP,Non bivalent
TP63,Non bivalent
IL1RAP,Always_up
CCDC50,Always_up
HRASLS,Always_up
OPA1,Non bivalent
HES1,Ni_higher_than_Pr
LINC00884,Non bivalent
TMEM44-AS1,Non bivalent
FAM43A,Always_up
MUC20,Non bivalent
FBXO45,Non bivalent
NRROS,Always_up
PIGX,Non bivalent
PAK2,Non bivalent
SENP5,Non bivalent
NCBP2-AS2,Non bivalent
MFI2-AS1,Non bivalent
FYTTD1,Non bivalent
LRCH3,Non bivalent
RPL35A,Non bivalent
LMLN,Non bivalent
FAM157A,Non bivalent
CRBN,Non bivalent
SUMF1,Non bivalent
BHLHE40-AS1,Non bivalent
OXTR,Always_up
RAD18,Non bivalent
SRGAP3,Always_up
THUMPD3-AS1,Non bivalent
LHFPL4,Non bivalent
CAMK1,Non bivalent
TADA3,Non bivalent
RPUSD3,Non bivalent
CIDEC,Non bivalent
PRRT3,Non bivalent
EMC3,Non bivalent
CIDECP,Non bivalent
SEC13,Non bivalent
VGLL4,Non bivalent
TAMM41,Non bivalent
TIMP4,Non bivalent
RAF1,Non bivalent
RPL32,Non bivalent
IQSEC1,Non bivalent
NUP210,Non bivalent
WNT7A,Pr_higher_than_Ni
CHCHD4,Non bivalent
XPC,Always_up
GRIP2,Non bivalent
FGD5-AS1,Non bivalent
MRPS25,Non bivalent
RBSN,Non bivalent
SH3BP5,Always_up
METTL6,Non bivalent
COLQ,Non bivalent
HACL1,Non bivalent
ANKRD28,Non bivalent
DPH3,Non bivalent
RFTN1,Always_up
TBC1D5,Non bivalent
SATB1,Non bivalent
SGOL1,Non bivalent
ZNF385D,Always_up
NKIRAS1,Non bivalent
THRB,Always_up
TOP2B,Non bivalent
NGLY1,Always_up
SLC4A7,Non bivalent
EOMES,Always_up
AZI2,Non bivalent
GADL1,Always_up
OSBPL10,Always_up
CMTM6,Non bivalent
DYNC1LI1,Non bivalent
TMPPE,Non bivalent
GLB1,Non bivalent
SUSD5,Always_up
UBP1,Non bivalent
CLASP2,Non bivalent
DCLK3,Non bivalent
TRANK1,Always_up
EPM2AIP1,Non bivalent
LRRFIP2,Non bivalent
PLCD1,Always_up
ACAA1,Non bivalent
SCN5A,Always_up
GORASP1,Non bivalent
CSRNP1,Non bivalent
ULK4,Non bivalent
SEC22C,Non bivalent
HIGD1A,Non bivalent
POMGNT2,Always_up
SNRK-AS1,Non bivalent
ANO10,Non bivalent
ZNF445,Non bivalent
ZNF852,Non bivalent
KIAA1143,Ni_higher_than_Pr
ZDHHC3,Non bivalent
CDCP1,Always_up
TMEM158,Always_up
LIMD1-AS1,Non bivalent
SLC6A20,Always_up
LZTFL1,Always_up
FYCO1,Non bivalent
CCR1,Non bivalent
LRRC2,Non bivalent
ALS2CL,Non bivalent
MYL3,Non bivalent
CCDC12,Non bivalent
SETD2,Non bivalent
KIF9,Non bivalent
SCAP,Non bivalent
ELP6,Non bivalent
CSPG5,Non bivalent
SMARCC1,Non bivalent
MAP4,Non bivalent
CDC25A,Non bivalent
NME6,Non bivalent
PLXNB1,Non bivalent
CCDC51,Non bivalent
SHISA5,Non bivalent
PFKFB4,Non bivalent
COL7A1,Pr_higher_than_Ni
UQCRC1,Non bivalent
SLC26A6,Non bivalent
CELSR3,Non bivalent
NCKIPSD,Non bivalent
IP6K2,Non bivalent
PRKAR2A,Non bivalent
SLC25A20,Non bivalent
ARIH2OS,Non bivalent
DALRD3,Non bivalent
IMPDH2,Non bivalent
QRICH1,Non bivalent
QARS,Non bivalent
USP19,Non bivalent
LAMB2,Non bivalent
CCDC71,Non bivalent
C3orf62,Non bivalent
USP4,Non bivalent
GPX1,Non bivalent
RHOA,Non bivalent
AMT,Non bivalent
NICN1,Non bivalent
MST1,Non bivalent
AMIGO3,Non bivalent
GMPPB,Non bivalent
IP6K1,Non bivalent
UBA7,Non bivalent
TRAIP,Non bivalent
CAMKV,Non bivalent
MST1R,Ni_higher_than_Pr
MON1A,Non bivalent
IFRD2,Non bivalent
NAT6,Non bivalent
HYAL3,Non bivalent
HYAL1,Non bivalent
HYAL2,Non bivalent
TUSC2,Non bivalent
RASSF1,Pr_higher_than_Ni
NPRL2,Non bivalent
TMEM115,Non bivalent
CACNA2D2,Always_up
C3orf18,Non bivalent
CISH,Pr_higher_than_Ni
VPRBP,Non bivalent
RRP9,Non bivalent
PCBP4,Non bivalent
ABHD14B,Non bivalent
RPL29,Non bivalent
DUSP7,Non bivalent
POC1A,Ni_higher_than_Pr
TWF2,Non bivalent
WDR82,Non bivalent
BAP1,Non bivalent
TNNC1,Non bivalent
NT5DC2,Ni_higher_than_Pr
PBRM1,Non bivalent
GLT8D1,Non bivalent
NEK4,Non bivalent
ITIH4,Non bivalent
MUSTN1,Non bivalent
TMEM110,Non bivalent
TMEM110-MUSTN1,Non bivalent
SFMBT1,Always_up
RFT1,Non bivalent
TKT,Non bivalent
DCP1A,Non bivalent
CHDH,Always_up
ACTR8,Non bivalent
SELK,Non bivalent
ESRG,Always_up
WNT5A,Always_up
ERC2,Ni_higher_than_Pr
FAM208A,Non bivalent
ARHGEF3,Non bivalent
IL17RD,Ni_higher_than_Pr
HESX1,Non bivalent
ARF4,Non bivalent
DENND6A,Non bivalent
PDHB,Non bivalent
ACOX2,Non bivalent
FAM107A,Non bivalent
C3orf67,Non bivalent
FHIT,Non bivalent
PTPRG-AS1,Non bivalent
CADPS,Always_up
THOC7,Non bivalent
PSMD6,Non bivalent
PRICKLE2,Ni_higher_than_Pr
ADAMTS9,Always_up
MAGI1,Non bivalent
LRIG1,Non bivalent
SUCLG2,Non bivalent
FAM19A4,Always_up
EOGT,Non bivalent
TMF1,Non bivalent
UBA3,Non bivalent
FRMD4B,Always_up
FOXP1,Non bivalent
EIF4E3,Always_up
PROK2,Always_up
RYBP,Non bivalent
SHQ1,Always_up
PDZRN3,Always_up
FAM86DP,Non bivalent
ZNF717,Non bivalent
ROBO1,Non bivalent
GBE1,Non bivalent
VGLL3,Ni_higher_than_Pr
CGGBP1,Non bivalent
PROS1,Always_up
DHFRL1,Non bivalent
MINA,Non bivalent
CLDND1,Non bivalent
CPOX,Non bivalent
DCBLD2,Always_up
FILIP1L,Non bivalent
TOMM70A,Non bivalent
ABI3BP,Non bivalent
SENP7,Non bivalent
ZBTB11,Non bivalent
RPL24,Non bivalent
CBLB,Non bivalent
CD47,Always_up
IFT57,Always_up
KIAA1524,Non bivalent
DPPA2,Non bivalent
DPPA4,Non bivalent
BTLA,Non bivalent
ATG3,Non bivalent
LINC01279,Non bivalent
CCDC80,Ni_higher_than_Pr
C3orf17,Non bivalent
CFAP44,Non bivalent
SPICE1,Non bivalent
KIAA2018,Non bivalent
NAA50,Non bivalent
ZBTB20,Non bivalent
LSAMP,Always_up
IGSF11,Always_up
B4GALT4,Non bivalent
TMEM39A,Non bivalent
POPDC2,Non bivalent
COX17,Non bivalent
GSK3B,Non bivalent
GPR156,Non bivalent
LRRC58,Ni_higher_than_Pr
FSTL1,Non bivalent
RABL3,Non bivalent
POLQ,Non bivalent
HCLS1,Non bivalent
GOLGB1,Non bivalent
IQCB1,Always_up
CCDC58,Non bivalent
WDR5B,Ni_higher_than_Pr
KPNA1,Non bivalent
PARP9,Non bivalent
HSPBAP1,Non bivalent
SEMA5B,Always_up
ADCY5,Always_up
HACD2,Non bivalent
MYLK,Ni_higher_than_Pr
CCDC14,Non bivalent
ITGB5,Non bivalent
HEG1,Pr_higher_than_Ni
SLC12A8,Non bivalent
ZNF148,Non bivalent
SNX4,Non bivalent
OSBPL11,Non bivalent
ALG1L,Non bivalent
SLC41A3,Non bivalent
KLF15,Always_up
ZXDC,Non bivalent
TXNRD3,Always_up
TPRA1,Non bivalent
MGLL,Pr_higher_than_Ni
RUVBL1,Non bivalent
GATA2,Always_up
RPN1,Non bivalent
KIAA1257,Non bivalent
RAB43,Non bivalent
ISY1,Non bivalent
ISY1-RAB43,Non bivalent
CNBP,Non bivalent
H1FX,Non bivalent
RPL32P3,Non bivalent
MBD4,Non bivalent
PLXND1,Non bivalent
TMCC1,Non bivalent
FAM86HP,Non bivalent
PIK3R4,Non bivalent
ASTE1,Non bivalent
MRPL3,Ni_higher_than_Pr
ACAD11,Non bivalent
NPHP3,Non bivalent
NPHP3-ACAD11,Non bivalent
TOPBP1,Non bivalent
RAB6B,Pr_higher_than_Ni
SLCO2A1,Always_up
RYK,Non bivalent
AMOTL2,Always_up
ANAPC13,Non bivalent
MSL2,Non bivalent
STAG1,Non bivalent
NCK1-AS1,Non bivalent
DZIP1L,Non bivalent
DBR1,Non bivalent
CEP70,Non bivalent
PIK3CB,Non bivalent
FOXL2,Pr_higher_than_Ni
PRR23A,Always_up
PRR23B,Non bivalent
PRR23C,Ni_higher_than_Pr
COPB2,Non bivalent
RBP1,Non bivalent
TFDP2,Always_up
GK5,Non bivalent
XRN1,Non bivalent
ATR,Non bivalent
PCOLCE2,Always_up
SLC9A9,Non bivalent
PLOD2,Non bivalent
PLSCR4,Non bivalent
PLSCR1,Non bivalent
ZIC4,Pr_higher_than_Ni
HLTF,Non bivalent
CP,Non bivalent
TM4SF1,Non bivalent
WWTR1,Non bivalent
COMMD2,Non bivalent
PFN2,Non bivalent
TMEM183B,Non bivalent
SERP1,Non bivalent
SIAH2,Ni_higher_than_Pr
IGSF10,Ni_higher_than_Pr
MBNL1-AS1,Always_up
DHX36,Non bivalent
PLCH1,Non bivalent
C3orf33,Non bivalent
SLC33A1,Non bivalent
SSR3,Ni_higher_than_Pr
PA2G4P4,Non bivalent
CCNL1,Non bivalent
SHOX2,Pr_higher_than_Ni
LXN,Non bivalent
RARRES1,Non bivalent
IFT80,Non bivalent
TRIM59,Non bivalent
KPNA4,Non bivalent
B3GALNT1,Always_up
SLITRK3,Always_up
PDCD10,Non bivalent
GOLIM4,Ni_higher_than_Pr
MECOM,Ni_higher_than_Pr
ACTRT3,Non bivalent
LRRC34,Non bivalent
PHC3,Non bivalent
RPL22L1,Non bivalent
EIF5A2,Always_up
TNIK,Always_up
PLD1,Pr_higher_than_Ni
NCEH1,Non bivalent
TBL1XR1,Non bivalent
KCNMB2-AS1,Non bivalent
ZMAT3,Non bivalent
KCNMB3,Non bivalent
GNB4,Always_up
MRPL47,Non bivalent
DNAJC19,Non bivalent
DCUN1D1,Non bivalent
MCCC1,Non bivalent
LAMP3,Always_up
MCF2L2,Always_up
MAP6D1,Non bivalent
PARL,Non bivalent
ABCC5,Non bivalent
ALG3,Non bivalent
CAMK2N2,Pr_higher_than_Ni
CLCN2,Non bivalent
MAGEF1,Non bivalent
C3orf70,Always_up
EHHADH,Non bivalent
TMEM41A,Non bivalent
LIPH,Non bivalent
IGF2BP2,Non bivalent
TRA2B,Non bivalent
ETV5,Ni_higher_than_Pr
TBCCD1,Non bivalent
RFC4,Non bivalent
LOC102724699,Non bivalent
RPL39L,Non bivalent
MASP1,Always_up
SST,Non bivalent
BCL6,Non bivalent
LPP-AS2,Non bivalent
P3H2,Ni_higher_than_Pr
FGF12,Ni_higher_than_Pr
MB21D2,Non bivalent
GP5,Always_up
ATP13A3,Non bivalent
TMEM44,Non bivalent
LSG1,Non bivalent
XXYLT1,Non bivalent
ACAP2,Non bivalent
PPP1R2,Non bivalent
APOD,Non bivalent
TNK2,Non bivalent
SDHAP1,Non bivalent
TFRC,Non bivalent
PCYT1A,Non bivalent
TCTEX1D2,Non bivalent
UBXN7,Non bivalent
RNF168,Non bivalent
WDR53,Non bivalent
CEP19,Non bivalent
NCBP2,Non bivalent
MFI2,Non bivalent
DLG1,Non bivalent
BDH1,Always_up
LOC220729,Non bivalent
KIAA0226,Non bivalent
IQCG,Non bivalent
ZNF595,Always_up
ZNF718,Non bivalent
ZNF876P,Non bivalent
ZNF141,Non bivalent
PIGG,Non bivalent
PDE6B,Non bivalent
MYL5,Non bivalent
PCGF3,Non bivalent
TMEM175,Non bivalent
IDUA,Non bivalent
FGFRL1,Non bivalent
CTBP1-AS2,Non bivalent
MAEA,Non bivalent
UVSSA,Non bivalent
CRIPAK,Non bivalent
TACC3,Non bivalent
FGFR3,Non bivalent
WHSC1,Ni_higher_than_Pr
C4orf48,Always_up
NAT8L,Non bivalent
RNF4,Non bivalent
FAM193A,Non bivalent
SH3BP2,Non bivalent
ADD1,Non bivalent
NOP14-AS1,Non bivalent
HTT,Non bivalent
RGS12,Non bivalent
DOK7,Non bivalent
ADRA2C,Non bivalent
ZBTB49,Non bivalent
NSG1,Always_up
STX18-AS1,Non bivalent
LOC101928279,Ni_higher_than_Pr
MSX1,Always_up
STK32B,Always_up
EVC,Non bivalent
LOC285484,Always_up
WFS1,Non bivalent
MAN2B2,Non bivalent
MRFAP1,Non bivalent
LOC93622,Non bivalent
S100P,Non bivalent
BLOC1S4,Non bivalent
KIAA0232,Non bivalent
TBC1D14,Non bivalent
TADA2B,Always_up
SH3TC1,Non bivalent
HTRA3,Always_up
TRMT44,Non bivalent
GPR78,Non bivalent
CPZ,Non bivalent
CPEB2,Non bivalent
CC2D2A,Non bivalent
FAM200B,Non bivalent
BST1,Non bivalent
CD38,Always_up
LAP3,Non bivalent
MED28,Non bivalent
NCAPG,Non bivalent
SLIT2,Always_up
PACRGL,Non bivalent
GBA3,Non bivalent
SOD3,Always_up
PI4K2B,Non bivalent
ZCCHC4,Non bivalent
ANAPC4,Non bivalent
SLC34A2,Always_up
SMIM20,Non bivalent
RBPJ,Non bivalent
TBC1D19,Non bivalent
STIM2,Always_up
PCDH7,Ni_higher_than_Pr
C4orf19,Always_up
PGM2,Always_up
TBC1D1,Always_up
KLF3,Non bivalent
FAM114A1,Non bivalent
KLHL5,Non bivalent
WDR19,Non bivalent
LIAS,Non bivalent
UGDH-AS1,Non bivalent
UBE2K,Non bivalent
N4BP2,Non bivalent
RHOH,Non bivalent
CHRNA9,Non bivalent
NSUN7,Non bivalent
UCHL1,Always_up
LIMCH1,Always_up
TMEM33,Non bivalent
DCAF4L1,Non bivalent
SLC30A9,Ni_higher_than_Pr
SHISA3,Always_up
GUF1,Ni_higher_than_Pr
ATP10D,Non bivalent
NIPAL1,Always_up
SLAIN2,Non bivalent
SLC10A4,Always_up
OCIAD1,Non bivalent
DCUN1D4,Non bivalent
SPATA18,Always_up
DANCR,Non bivalent
RASL11B,Always_up
FIP1L1,Always_up
PDGFRA,Always_up
KIT,Always_up
SRD5A3,Non bivalent
TMEM165,Non bivalent
EXOC1,Always_up
CEP135,Non bivalent
KIAA1211,Non bivalent
PAICS,Non bivalent
SRP72,Non bivalent
REST,Non bivalent
POLR2B,Non bivalent
ADGRL3,Non bivalent
UBA6-AS1,Non bivalent
TMPRSS11E,Non bivalent
AMBN,Non bivalent
UTP3,Non bivalent
RUFY3,Non bivalent
MOB1B,Ni_higher_than_Pr
DCK,Non bivalent
SLC4A4,Always_up
AFP,Non bivalent
MTHFD2L,Always_up
PARM1,Always_up
THAP6,Non bivalent
USO1,Non bivalent
STBD1,Always_up
SHROOM3,Non bivalent
SEPT11,Non bivalent
CCNG2,Non bivalent
MRPL1,Non bivalent
FRAS1,Non bivalent
ANXA3,Always_up
BMP2K,Non bivalent
LINC00989,Non bivalent
ENOPH1,Non bivalent
THAP9,Non bivalent
COPS4,Non bivalent
MRPS18C,Non bivalent
GPAT3,Pr_higher_than_Ni
CDS1,Pr_higher_than_Ni
ARHGAP24,Always_up
PTPN13,Always_up
AFF1,Non bivalent
NUDT9,Non bivalent
SPP1,Non bivalent
PKD2,Always_up
HERC6,Always_up
HERC5,Pr_higher_than_Ni
HERC3,Always_up
TIGD2,Always_up
GRID2,Non bivalent
SMARCAD1,Non bivalent
PDLIM5,Non bivalent
BMPR1B,Non bivalent
RAP1GDS1,Non bivalent
METAP1,Non bivalent
LOC100507053,Non bivalent
FLJ20021,Always_up
BANK1,Always_up
NFKB1,Non bivalent
LOC105377348,Non bivalent
CISD2,Non bivalent
TET2,Always_up
ARHGEF38,Always_up
GSTCD,Non bivalent
NPNT,Always_up
AIMP1,Ni_higher_than_Pr
SGMS2,Always_up
CYP2U1,Ni_higher_than_Pr
HADH,Non bivalent
RPL34,Non bivalent
OSTC,Non bivalent
SEC24B,Non bivalent
CCDC109B,Non bivalent
GAR1,Non bivalent
RRH,Non bivalent
LRIT3,Non bivalent
EGF,Ni_higher_than_Pr
ENPEP,Non bivalent
C4orf32,Always_up
AP1AR,Non bivalent
ALPK1,Non bivalent
LARP7,Non bivalent
ANK2,Non bivalent
UGT8,Always_up
SNHG8,Non bivalent
CEP170P1,Non bivalent
LOC729218,Non bivalent
METTL14,Non bivalent
SYNPO2,Always_up
USP53,Non bivalent
LOC645513,Non bivalent
EXOSC9,Non bivalent
KIAA1109,Non bivalent
BBS12,Non bivalent
FGF2,Always_up
SPATA5,Non bivalent
SPRY1,Non bivalent
FAT4,Always_up
INTU,Non bivalent
HSPA4L,Pr_higher_than_Ni
PLK4,Non bivalent
C4orf29,Non bivalent
LARP1B,Non bivalent
JADE1,Non bivalent
C4orf33,Non bivalent
LOC101927305,Non bivalent
PCDH10,Always_up
SLC7A11-AS1,Non bivalent
NOCT,Non bivalent
NAA15,Non bivalent
RAB33B,Non bivalent
MGST2,Non bivalent
SCOC,Ni_higher_than_Pr
ELMOD2,Ni_higher_than_Pr
ZNF330,Non bivalent
IL15,Always_up
USP38,Non bivalent
GAB1,Non bivalent
SMARCA5,Non bivalent
ABCE1,Non bivalent
SMAD1,Non bivalent
MMAA,Non bivalent
LSM6,Non bivalent
EDNRA,Ni_higher_than_Pr
TMEM184C,Non bivalent
ARHGAP10,Non bivalent
DCLK2,Always_up
MAB21L2,Pr_higher_than_Ni
RPS3A,Non bivalent
FAM160A1,Non bivalent
DKFZP434I0714,Non bivalent
ARFIP1,Non bivalent
FHDC1,Non bivalent
TRIM2,Non bivalent
MND1,Non bivalent
KIAA0922,Non bivalent
TLR2,Always_up
FGB,Non bivalent
LRAT,Ni_higher_than_Pr
RBM46,Ni_higher_than_Pr
GUCY1A3,Ni_higher_than_Pr
GUCY1B3,Always_up
TDO2,Non bivalent
TMEM144,Non bivalent
ETFDH,Non bivalent
FNIP2,Non bivalent
RAPGEF2,Non bivalent
TMA16,Non bivalent
APELA,Non bivalent
FAM218A,Non bivalent
TRIM60,Non bivalent
KLHL2,Non bivalent
MSMO1,Non bivalent
CPE,Always_up
TLL1,Always_up
PALLD,Non bivalent
CLCN3,Non bivalent
GALNT7,Non bivalent
SAP30,Non bivalent
HAND2-AS1,Always_up
CEP44,Non bivalent
WDR17,Ni_higher_than_Pr
SPCS3,Non bivalent
NEIL3,Ni_higher_than_Pr
TENM3,Non bivalent
WWC2,Non bivalent
CDKN2AIP,Non bivalent
ING2,Non bivalent
TRAPPC11,Non bivalent
STOX2,Ni_higher_than_Pr
PRIMPOL,Non bivalent
SLC25A4,Non bivalent
SNX25,Non bivalent
ANKRD37,Non bivalent
FAM149A,Pr_higher_than_Ni
CYP4V2,Always_up
ZFP42,Non bivalent
TRIML1,Non bivalent
ZNF732,Non bivalent
ABCA11P,Non bivalent
ZNF721,Non bivalent
ATP5I,Non bivalent
MFSD7,Non bivalent
LOC100129917,Non bivalent
CPLX1,Always_up
GAK,Non bivalent
DGKQ,Non bivalent
RNF212,Non bivalent
SPON2,Non bivalent
CTBP1,Non bivalent
FAM53A,Always_up
SLBP,Non bivalent
TMEM129,Non bivalent
LETM1,Always_up
NELFA,Non bivalent
HAUS3,Non bivalent
POLN,Non bivalent
MXD4,Non bivalent
ZFYVE28,Always_up
TNIP2,Non bivalent
MFSD10,Non bivalent
NOP14,Non bivalent
LRPAP1,Non bivalent
FAM86EP,Pr_higher_than_Ni
TMEM128,Non bivalent
LYAR,Non bivalent
STX18,Non bivalent
CYTL1,Non bivalent
EVC2,Non bivalent
CRMP1,Non bivalent
JAKMIP1,Always_up
PPP2R2C,Pr_higher_than_Ni
MRFAP1L1,Non bivalent
CCDC96,Always_up
GRPEL1,Non bivalent
AFAP1,Non bivalent
ABLIM2,Non bivalent
ACOX3,Non bivalent
HMX1,Pr_higher_than_Ni
SLC2A9,Non bivalent
WDR1,Non bivalent
ZNF518B,Always_up
HS3ST1,Always_up
RAB28,Non bivalent
NKX3-2,Always_up
BOD1L1,Non bivalent
LINC00504,Non bivalent
FBXL5,Non bivalent
FGFBP2,Non bivalent
PROM1,Non bivalent
TAPT1,Non bivalent
LDB2,Non bivalent
QDPR,Always_up
DCAF16,Non bivalent
LCORL,Always_up
ADGRA3,Non bivalent
PPARGC1A,Always_up
DHX15,Non bivalent
CCDC149,Non bivalent
LGI2,Always_up
SEPSECS,Ni_higher_than_Pr
SEL1L3,Ni_higher_than_Pr
RELL1,Non bivalent
TLR6,Non bivalent
RFC1,Always_up
RPL9,Non bivalent
UGDH,Non bivalent
SMIM14,Non bivalent
PDS5A,Non bivalent
RBM47,Non bivalent
APBB2,Always_up
BEND4,Always_up
ATP8A1,Non bivalent
GNPDA2,Ni_higher_than_Pr
GABRG1,Always_up
GABRA2,Always_up
COX7B2,Ni_higher_than_Pr
COMMD8,Non bivalent
NFXL1,Non bivalent
CNGA1,Non bivalent
TXK,Non bivalent
TEC,Always_up
FRYL,Non bivalent
OCIAD2,Non bivalent
SGCB,Ni_higher_than_Pr
USP46,Non bivalent
ERVMER34-1,Always_up
SCFD2,Non bivalent
LNX1,Non bivalent
CHIC2,Non bivalent
KDR,Always_up
CLOCK,Non bivalent
PDCL2,Non bivalent
NMU,Always_up
AASDH,Non bivalent
PPAT,Non bivalent
HOPX,Non bivalent
SPINK2,Always_up
NOA1,Non bivalent
IGFBP7,Always_up
TECRL,Non bivalent
CENPC,Non bivalent
UBA6,Non bivalent
YTHDC1,Non bivalent
GRSF1,Non bivalent
ADAMTS3,Always_up
COX18,Non bivalent
ANKRD17,Non bivalent
RCHY1,Non bivalent
G3BP2,Non bivalent
NAAA,Non bivalent
SDAD1,Non bivalent
NUP54,Non bivalent
SCARB2,Non bivalent
SOWAHB,Always_up
CCNI,Non bivalent
CNOT6L,Non bivalent
PAQR3,Non bivalent
NAA11,Ni_higher_than_Pr
ANTXR2,Always_up
PRKG2,Always_up
RASGEF1B,Ni_higher_than_Pr
HNRNPD,Non bivalent
HNRNPDL,Non bivalent
TMEM150C,Always_up
SEC31A,Non bivalent
THAP9-AS1,Non bivalent
LIN54,Non bivalent
PLAC8,Non bivalent
COQ2,Always_up
HPSE,Always_up
HELQ,Non bivalent
FAM175A,Non bivalent
NKX6-1,Always_up
WDFY3,Non bivalent
LOC100506746,Non bivalent
KLHL8,Non bivalent
HSD17B11,Non bivalent
ABCG2,Non bivalent
PPM1K,Always_up
PIGY,Non bivalent
PYURF,Non bivalent
NAP1L5,Non bivalent
FAM13A,Non bivalent
LOC101929194,Non bivalent
HPGDS,Ni_higher_than_Pr
UNC5C,Ni_higher_than_Pr
TSPAN5,Always_up
EIF4E,Non bivalent
ADH5,Non bivalent
TRMT10A,Non bivalent
LAMTOR3,Non bivalent
DNAJB14,Ni_higher_than_Pr
H2AFZ,Non bivalent
DDIT4L,Always_up
PPP3CA,Non bivalent
SLC39A8,Always_up
MANBA,Always_up
UBE2D3,Non bivalent
SLC9B2,Always_up
BDH2,Ni_higher_than_Pr
CENPE,Non bivalent
CXXC4,Always_up
PPA2,Non bivalent
INTS12,Non bivalent
TBCK,Non bivalent
DKK2,Always_up
PAPSS1,Non bivalent
LEF1,Always_up
COL25A1,Always_up
SEC24B-AS1,Non bivalent
CASP6,Non bivalent
PLA2G12A,Non bivalent
CFI,Non bivalent
ELOVL6,Non bivalent
PITX2,Pr_higher_than_Ni
TIFA,Always_up
ZGRF1,Non bivalent
CAMK2D,Non bivalent
ARSJ,Ni_higher_than_Pr
TRAM1L1,Always_up
PRSS12,Always_up
SEC24D,Non bivalent
C4orf3,Non bivalent
LINC01061,Non bivalent
PDE5A,Non bivalent
MAD2L1,Non bivalent
PRDM5,Ni_higher_than_Pr
ANXA5,Ni_higher_than_Pr
TMEM155,Pr_higher_than_Ni
CCNA2,Non bivalent
BBS7,Non bivalent
NUDT6,Non bivalent
ANKRD50,Non bivalent
MFSD8,Non bivalent
PGRMC2,Non bivalent
SCLT1,Non bivalent
PABPC4L,Always_up
PCDH18,Non bivalent
SLC7A11,Non bivalent
ELF2,Non bivalent
MGARP,Always_up
NDUFC1,Non bivalent
SETD7,Always_up
MAML3,Non bivalent
CLGN,Always_up
UCP1,Always_up
TBC1D9,Ni_higher_than_Pr
RNF150,Always_up
INPP4B,Always_up
ANAPC10,Non bivalent
OTUD4,Non bivalent
ZNF827,Non bivalent
SLC10A7,Always_up
PRMT9,Non bivalent
NR3C2,Always_up
LRBA,Non bivalent
SH3D19,Non bivalent
GATB,Non bivalent
FBXW7,Non bivalent
TMEM154,Non bivalent
TIGD4,Non bivalent
SFRP2,Always_up
PLRG1,Non bivalent
FGA,Non bivalent
FGG,Non bivalent
MAP9,Non bivalent
CTSO,Non bivalent
PDGFC,Always_up
FAM198B,Non bivalent
C4orf46,Non bivalent
PPID,Non bivalent
FSTL5,Always_up
NAF1,Non bivalent
NPY1R,Always_up
MARCH1,Always_up
TRIM61,Non bivalent
TMEM192,Non bivalent
DDX60,Non bivalent
DDX60L,Always_up
CBR4,Non bivalent
SH3RF1,Non bivalent
NEK1,Non bivalent
C4orf27,Non bivalent
MFAP3L,Always_up
AADAT,Always_up
HMGB2,Non bivalent
HAND2,Always_up
LOC101928509,Always_up
FBXO8,Non bivalent
HPGD,Pr_higher_than_Ni
VEGFC,Always_up
AGA,Non bivalent
LOC90768,Always_up
DCTD,Non bivalent
RWDD4,Non bivalent
IRF2,Non bivalent
CASP3,Non bivalent
CENPU,Non bivalent
ACSL1,Always_up
CFAP97,Non bivalent
UFSP2,Non bivalent
PDLIM3,Always_up
SORBS2,Always_up
FAT1,Ni_higher_than_Pr
TRIML2,Non bivalent
PLEKHG4B,Non bivalent
SDHA,Non bivalent
PDCD6,Non bivalent
AHRR,Non bivalent
EXOC3,Non bivalent
LOC100288152,Non bivalent
CEP72,Non bivalent
TRIP13,Non bivalent
NKD2,Non bivalent
SLC6A19,Ni_higher_than_Pr
NDUFS6,Non bivalent
C5orf38,Always_up
IRX1,Always_up
ICE1,Non bivalent
SRD5A1,Non bivalent
PAPD7,Non bivalent
MTRR,Non bivalent
MIR4458HG,Ni_higher_than_Pr
SNHG18,Ni_higher_than_Pr
CCT5,Non bivalent
MARCH6,Non bivalent
ANKRD33B,Always_up
LINC01194,Non bivalent
TRIO,Non bivalent
FAM105A,Always_up
OTULIN,Non bivalent
LOC100130744,Non bivalent
FBXL7,Ni_higher_than_Pr
BASP1,Non bivalent
GUSBP1,Non bivalent
C5orf17,Non bivalent
LINC01021,Non bivalent
CDH6,Ni_higher_than_Pr
C5orf22,Non bivalent
PDZD2,Non bivalent
SUB1,Non bivalent
NPR3,Always_up
TARS,Non bivalent
RAI14,Non bivalent
BRIX1,Non bivalent
DNAJC21,Non bivalent
SPEF2,Always_up
SKP2,Non bivalent
SLC1A3,Non bivalent
NIPBL,Non bivalent
WDR70,Non bivalent
EGFLAM,Always_up
LIFR-AS1,Always_up
OSMR,Pr_higher_than_Ni
CARD6,Non bivalent
C5orf51,Non bivalent
FBXO4,Non bivalent
GHR,Always_up
CCDC152,Ni_higher_than_Pr
LOC100506639,Non bivalent
ZNF131,Non bivalent
NNT,Non bivalent
MRPS30,Non bivalent
PARP8,Always_up
ISL1,Pr_higher_than_Ni
PELO,Always_up
ITGA1,Always_up
ITGA2,Always_up
LOC257396,Non bivalent
FST,Ni_higher_than_Pr
NDUFS4,Non bivalent
SNX18,Non bivalent
GPX8,Non bivalent
SKIV2L2,Non bivalent
DDX4,Non bivalent
MAP3K1,Always_up
SETD9,Non bivalent
GPBP1,Non bivalent
NDUFAF2,Non bivalent
ZSWIM6,Ni_higher_than_Pr
KIF2A,Non bivalent
IPO11,Non bivalent
IPO11-LRRC70,Non bivalent
RNF180,Ni_higher_than_Pr
FAM159B,Always_up
CWC27,Non bivalent
PPWD1,Non bivalent
TRAPPC13,Non bivalent
NLN,Non bivalent
ERBB2IP,Non bivalent
SREK1,Non bivalent
MAST4,Always_up
PIK3R1,Always_up
SLC30A5,Non bivalent
CCNB1,Non bivalent
CENPH,Non bivalent
MRPS36,Non bivalent
CDK7,Non bivalent
MARVELD2,Non bivalent
OCLN,Non bivalent
SMN1,Ni_higher_than_Pr
MCCC2,Non bivalent
MAP1B,Ni_higher_than_Pr
PTCD2,Ni_higher_than_Pr
TNPO1,Non bivalent
FCHO2,Non bivalent
TMEM171,Pr_higher_than_Ni
BTF3,Non bivalent
UTP15,Non bivalent
HEXB,Non bivalent
NSA2,Non bivalent
HMGCR,Non bivalent
POLK,Non bivalent
ANKDD1B,Non bivalent
IQGAP2,Non bivalent
F2R,Always_up
F2RL1,Non bivalent
CRHBP,Always_up
AGGF1,Non bivalent
PDE8B,Always_up
SCAMP1,Non bivalent
BHMT2,Non bivalent
BHMT,Always_up
JMY,Non bivalent
PAPD4,Non bivalent
CMYA5,Non bivalent
THBS4,Always_up
SPZ1,Non bivalent
ZFYVE16,Non bivalent
FAM151B,Non bivalent
MSH3,Non bivalent
RASGRF2,Always_up
CKMT2,Non bivalent
ZCCHC9,Non bivalent
ATG10,Non bivalent
ATP6AP1L,Non bivalent
XRCC4,Non bivalent
VCAN,Ni_higher_than_Pr
COX7C,Non bivalent
RASA1,Non bivalent
TMEM161B-AS1,Non bivalent
POLR3G,Non bivalent
ADGRV1,Always_up
NR2F1,Always_up
SLF1,Non bivalent
ARSK,Non bivalent
RFESD,Ni_higher_than_Pr
RHOBTB3,Always_up
CAST,Ni_higher_than_Pr
ERAP2,Non bivalent
LNPEP,Always_up
RGMB,Always_up
FAM174A,Non bivalent
PAM,Always_up
PPIP5K2,Non bivalent
C5orf30,Always_up
FER,Non bivalent
MAN2A1,Non bivalent
SLC25A46,Always_up
WDR36,Always_up
CAMK4,Ni_higher_than_Pr
EPB41L4A-AS1,Non bivalent
APC,Non bivalent
SRP19,Non bivalent
DCP2,Non bivalent
YTHDC2,Always_up
KCNN2,Ni_higher_than_Pr
AP3S1,Non bivalent
LVRN,Always_up
COMMD10,Non bivalent
DMXL1,Non bivalent
TNFAIP8,Always_up
HSD17B4,Non bivalent
PRR16,Always_up
SRFBP1,Non bivalent
SNCAIP,Always_up
SNX2,Always_up
SNX24,Non bivalent
PRDM6,Always_up
CSNK1G3,Non bivalent
GRAMD3,Non bivalent
PHAX,Non bivalent
LMNB1,Non bivalent
MEGF10,Always_up
PRRC1,Non bivalent
SLC12A2,Non bivalent
SLC27A6,Always_up
ISOC1,Always_up
ADAMTS19,Ni_higher_than_Pr
CHSY3,Ni_higher_than_Pr
LYRM7,Non bivalent
CDC42SE2,Non bivalent
PDLIM4,Non bivalent
SLC22A4,Non bivalent
SLC22A5,Non bivalent
RAD50,Non bivalent
CCNI2,Pr_higher_than_Ni
SOWAHA,Always_up
UQCRQ,Non bivalent
HSPA4,Non bivalent
TCF7,Always_up
UBE2B,Non bivalent
JADE2,Non bivalent
SEC24A,Non bivalent
CAMLG,Non bivalent
DDX46,Non bivalent
C5orf24,Non bivalent
TXNDC15,Non bivalent
PCBD2,Non bivalent
CATSPER3,Non bivalent
C5orf66,Always_up
FBXL21,Always_up
TGFBI,Always_up
SMAD5,Ni_higher_than_Pr
KIF20A,Non bivalent
FAM53C,Non bivalent
KDM3B,Non bivalent
REEP2,Non bivalent
EGR1,Ni_higher_than_Pr
CTNNA1,Non bivalent
MATR3,Non bivalent
SNHG4,Non bivalent
PAIP2,Non bivalent
UBE2D2,Non bivalent
CXXC5,Non bivalent
PURA,Always_up
IGIP,Non bivalent
CYSTM1,Non bivalent
ANKHD1,Non bivalent
ANKHD1-EIF4EBP3,Non bivalent
EIF4EBP3,Non bivalent
SLC35A4,Non bivalent
TMCO6,Non bivalent
IK,Ni_higher_than_Pr
WDR55,Non bivalent
HARS2,Non bivalent
ZMAT2,Non bivalent
PCDHA4,Ni_higher_than_Pr
PCDHA10,Always_up
PCDHAC2,Ni_higher_than_Pr
PCDHB2,Always_up
PCDHB3,Ni_higher_than_Pr
PCDHB5,Ni_higher_than_Pr
PCDHB10,Ni_higher_than_Pr
PCDHB11,Ni_higher_than_Pr
PCDHB13,Ni_higher_than_Pr
PCDHB14,Ni_higher_than_Pr
PCDHB15,Ni_higher_than_Pr
PCDHGA2,Always_up
PCDHGA3,Always_up
PCDHGB1,Always_up
PCDHGA4,Non bivalent
PCDHGB2,Ni_higher_than_Pr
PCDHGA5,Ni_higher_than_Pr
PCDHGA6,Always_up
PCDHGA7,Ni_higher_than_Pr
PCDHGB4,Always_up
PCDHGA8,Always_up
PCDHGB5,Always_up
PCDHGA9,Always_up
PCDHGB6,Always_up
PCDHGA10,Always_up
PCDHGB7,Always_up
PCDHGA11,Ni_higher_than_Pr
PCDHGA12,Always_up
PCDHGC3,Always_up
RELL2,Non bivalent
KIAA0141,Non bivalent
RNF14,Non bivalent
NDFIP1,Always_up
ARHGAP26,Always_up
KCTD16,Non bivalent
SH3RF2,Always_up
RBM27,Non bivalent
TCERG1,Non bivalent
SCGB3A2,Non bivalent
SPINK5,Non bivalent
FBXO38,Ni_higher_than_Pr
ABLIM3,Non bivalent
AFAP1L1,Pr_higher_than_Ni
GRPEL2,Non bivalent
PCYOX1L,Non bivalent
PPARGC1B,Non bivalent
SLC26A2,Non bivalent
HMGXB3,Non bivalent
CDX1,Always_up
TCOF1,Non bivalent
NDST1,Non bivalent
SYNPO,Non bivalent
MYOZ3,Non bivalent
SMIM3,Ni_higher_than_Pr
GPX3,Always_up
GM2A,Non bivalent
SLC36A1,Always_up
G3BP1,Non bivalent
GRIA1,Always_up
MFAP3,Non bivalent
GALNT10,Always_up
SAP30L,Non bivalent
LARP1,Non bivalent
CNOT8,Non bivalent
MRPL22,Non bivalent
SGCD,Non bivalent
PPP1R2P3,Ni_higher_than_Pr
CYFIP2,Non bivalent
NIPAL4,Always_up
THG1L,Non bivalent
LSM11,Non bivalent
UBLCP1,Ni_higher_than_Pr
ADRA1B,Always_up
TTC1,Non bivalent
PTTG1,Non bivalent
GABRG2,Always_up
CCNG1,Non bivalent
HMMR,Non bivalent
MAT2B,Non bivalent
TENM2,Non bivalent
WWC1,Always_up
RARS,Non bivalent
FBLL1,Always_up
SPDL1,Non bivalent
DOCK2,Always_up
C5orf58,Ni_higher_than_Pr
GABRP,Non bivalent
RANBP17,Non bivalent
TLX3,Always_up
NPM1,Non bivalent
FGF18,Non bivalent
NEURL1B,Always_up
ERGIC1,Non bivalent
RPL26L1,Non bivalent
ATP6V0E1,Non bivalent
CREBRF,Non bivalent
BNIP1,Non bivalent
CPEB4,Non bivalent
MSX2,Pr_higher_than_Ni
SFXN1,Always_up
HRH2,Non bivalent
CPLX2,Always_up
SIMC1,Always_up
ARL10,Non bivalent
HIGD2A,Non bivalent
FAF2,Non bivalent
TSPAN17,Ni_higher_than_Pr
UNC5A,Always_up
ZNF346,Non bivalent
FGFR4,Non bivalent
NSD1,Non bivalent
PRELID1,Non bivalent
RGS14,Non bivalent
GRK6,Non bivalent
PRR7,Non bivalent
TMED9,Non bivalent
B4GALT7,Non bivalent
LOC728554,Non bivalent
N4BP3,Non bivalent
RMND5B,Ni_higher_than_Pr
HNRNPAB,Non bivalent
ZNF354B,Non bivalent
ZNF454,Non bivalent
ZNF879,Non bivalent
ZNF354C,Non bivalent
RUFY1,Non bivalent
CANX,Non bivalent
MAML1,Non bivalent
SQSTM1,Non bivalent
CNOT6,Non bivalent
LINC00847,Non bivalent
BTNL9,Non bivalent
TRIM41,Non bivalent
CTC-338M12.4,Non bivalent
TRIM52-AS1,Non bivalent
CCDC127,Non bivalent
EXOC3-AS1,Non bivalent
PP7080,Non bivalent
SLC9A3,Non bivalent
TPPP,Non bivalent
ZDHHC11,Non bivalent
BRD9,Non bivalent
LOC100506688,Non bivalent
SLC12A7,Non bivalent
TERT,Always_up
CLPTM1L,Non bivalent
LPCAT1,Non bivalent
SDHAP3,Non bivalent
LOC728613,Non bivalent
MRPL36,Non bivalent
IRX4,Pr_higher_than_Ni
IRX2,Non bivalent
MED10,Non bivalent
NSUN2,Non bivalent
FASTKD3,Non bivalent
SEMA5A,Ni_higher_than_Pr
FAM173B,Non bivalent
CMBL,Non bivalent
DAP,Non bivalent
CTNND2,Always_up
ANKH,Pr_higher_than_Ni
ZNF622,Non bivalent
FAM134B,Non bivalent
MYO10,Ni_higher_than_Pr
CDH18,Non bivalent
DROSHA,Non bivalent
GOLPH3,Non bivalent
MTMR12,Non bivalent
ZFR,Always_up
ADAMTS12,Non bivalent
SLC45A2,Non bivalent
AMACR,Non bivalent
C1QTNF3-AMACR,Non bivalent
RAD1,Non bivalent
PRLR,Always_up
UGT3A2,Always_up
LMBRD2,Non bivalent
NADK2,Ni_higher_than_Pr
NIPBL-AS1,Non bivalent
C5orf42,Non bivalent
NUP155,Non bivalent
LIFR,Non bivalent
RICTOR,Non bivalent
FYB,Non bivalent
DAB2,Always_up
TTC33,Non bivalent
PRKAA1,Non bivalent
LOC100506548,Non bivalent
RPL37,Non bivalent
OXCT1,Always_up
SEPP1,Non bivalent
FLJ32255,Pr_higher_than_Ni
ANXA2R,Pr_higher_than_Ni
LOC648987,Non bivalent
HMGCS1,Non bivalent
CCL28,Non bivalent
C5orf28,Non bivalent
C5orf34,Non bivalent
PAIP1,Non bivalent
NNT-AS1,Non bivalent
EMB,Ni_higher_than_Pr
LOC642366,Pr_higher_than_Ni
MOCS2,Non bivalent
ARL15,Non bivalent
ESM1,Non bivalent
MCIDAS,Pr_higher_than_Ni
CCNO,Pr_higher_than_Ni
DHX29,Non bivalent
RNF138P1,Non bivalent
PPAP2A,Non bivalent
SLC38A9,Non bivalent
IL6ST,Non bivalent
ANKRD55,Non bivalent
MIER3,Always_up
PLK2,Non bivalent
PDE4D,Always_up
DEPDC1B,Ni_higher_than_Pr
ELOVL7,Ni_higher_than_Pr
ERCC8,Non bivalent
SMIM15,Non bivalent
DIMT1,Non bivalent
SREK1IP1,Non bivalent
ADAMTS6,Always_up
CENPK,Non bivalent
TRIM23,Non bivalent
SGTB,Non bivalent
CCDC125,Non bivalent
NAIP,Non bivalent
GTF2H2C_2,Non bivalent
GTF2H2,Non bivalent
GTF2H2C,Non bivalent
MRPS27,Ni_higher_than_Pr
FOXD1,Always_up
ANKRA2,Non bivalent
ENC1,Always_up
GFM2,Non bivalent
FAM169A,Non bivalent
GCNT4,Non bivalent
COL4A3BP,Non bivalent
POC5,Non bivalent
ZBED3,Non bivalent
WDR41,Always_up
TBCA,Non bivalent
AP3B1,Non bivalent
SCAMP1-AS1,Non bivalent
LHFPL2,Non bivalent
ARSB,Always_up
HOMER1,Non bivalent
MTX3,Always_up
SERINC5,Non bivalent
DHFR,Non bivalent
CKMT2-AS1,Non bivalent
SSBP2,Ni_higher_than_Pr
RPS23,Non bivalent
TMEM167A,Non bivalent
HAPLN1,Non bivalent
EDIL3,Ni_higher_than_Pr
CCNH,Non bivalent
TMEM161B,Non bivalent
MEF2C,Non bivalent
CETN3,Non bivalent
MBLAC2,Non bivalent
LYSMD3,Always_up
ARRDC3,Non bivalent
NR2F1-AS1,Always_up
FAM172A,Always_up
KIAA0825,Non bivalent
TTC37,Non bivalent
GLRX,Non bivalent
ELL2,Always_up
PCSK1,Always_up
ERAP1,Non bivalent
LIX1,Non bivalent
RIOK2,Non bivalent
CHD1,Non bivalent
ST8SIA4,Pr_higher_than_Ni
SLCO4C1,Non bivalent
LINC00491,Non bivalent
GIN1,Non bivalent
NUDT12,Always_up
EFNA5,Ni_higher_than_Pr
FBXL17,Non bivalent
PJA2,Non bivalent
STARD4,Non bivalent
NREP,Non bivalent
EPB41L4A,Always_up
REEP5,Non bivalent
MCC,Always_up
TRIM36,Always_up
PGGT1B,Always_up
CCDC112,Always_up
FEM1C,Non bivalent
TMED7,Non bivalent
TMED7-TICAM2,Non bivalent
CDO1,Always_up
ATG12,Non bivalent
SEMA6A,Non bivalent
DTWD2,Non bivalent
LOX,Pr_higher_than_Ni
MGC32805,Non bivalent
PPIC,Pr_higher_than_Ni
CEP120,Non bivalent
ZNF608,Non bivalent
ALDH7A1,Non bivalent
MARCH3,Ni_higher_than_Pr
C5orf63,Ni_higher_than_Pr
LINC01184,Always_up
FBN2,Ni_higher_than_Pr
HINT1,Non bivalent
RAPGEF6,Non bivalent
FNIP1,Non bivalent
ACSL6,Always_up
P4HA2,Non bivalent
IRF1,Non bivalent
KIF3A,Non bivalent
SEPT8,Always_up
SHROOM1,Pr_higher_than_Ni
AFF4,Non bivalent
ZCCHC10,Non bivalent
FSTL4,Always_up
C5orf15,Non bivalent
VDAC1,Non bivalent
SKP1,Non bivalent
PPP2CA,Non bivalent
CDKL3,Non bivalent
CDKN2AIPNL,Non bivalent
LOC102546229,Non bivalent
SAR1B,Non bivalent
PITX1,Always_up
C5orf66-AS1,Always_up
H2AFY,Ni_higher_than_Pr
NEUROG1,Pr_higher_than_Ni
CXCL14,Always_up
LOC389332,Always_up
SPOCK1,Always_up
KLHL3,Non bivalent
HNRNPA0,Non bivalent
FAM13B,Non bivalent
BRD8,Non bivalent
CDC23,Non bivalent
GFRA3,Always_up
CDC25C,Non bivalent
ETF1,Non bivalent
HSPA9,Non bivalent
SIL1,Non bivalent
PROB1,Always_up
SPATA24,Non bivalent
DNAJC18,Non bivalent
TMEM173,Non bivalent
NRG2,Always_up
LINC01024,Pr_higher_than_Ni
PFDN1,Non bivalent
HBEGF,Non bivalent
SRA1,Non bivalent
APBB3,Non bivalent
CD14,Non bivalent
NDUFA2,Ni_higher_than_Pr
DND1,Non bivalent
HARS,Non bivalent
TAF7,Always_up
DIAPH1,Non bivalent
HDAC3,Non bivalent
FCHSD1,Non bivalent
ARAP3,Ni_higher_than_Pr
PCDH1,Non bivalent
GNPDA1,Non bivalent
SPRY4,Always_up
FGF1,Non bivalent
NR3C1,Non bivalent
YIPF5,Non bivalent
PRELID2,Ni_higher_than_Pr
PLAC8L1,Non bivalent
LARS,Non bivalent
PPP2R2B,Non bivalent
DPYSL3,Ni_higher_than_Pr
JAKMIP2,Always_up
SPINK1,Non bivalent
SH3TC2,Non bivalent
CSNK1A1,Non bivalent
TIGD6,Ni_higher_than_Pr
CSF1R,Non bivalent
PDGFRB,Non bivalent
CAMK2A,Non bivalent
ARSI,Non bivalent
CD74,Non bivalent
RPS14,Non bivalent
RBM22,Non bivalent
DCTN4,Non bivalent
ZNF300,Non bivalent
ZNF300P1,Always_up
TNIP1,Non bivalent
ANXA6,Non bivalent
CCDC69,Non bivalent
FAT2,Non bivalent
SPARC,Non bivalent
ATOX1,Non bivalent
NMUR2,Non bivalent
FAM114A2,Non bivalent
HAND1,Always_up
FAXDC2,Non bivalent
GEMIN5,Non bivalent
TIMD4,Non bivalent
HAVCR1,Non bivalent
MED7,Non bivalent
ADAM19,Non bivalent
SOX30,Non bivalent
CLINT1,Non bivalent
EBF1,Always_up
RNF145,Non bivalent
PWWP2A,Non bivalent
CCNJL,Ni_higher_than_Pr
C1QTNF2,Always_up
ZBED8,Non bivalent
SLU7,Non bivalent
ATP10B,Non bivalent
GABRB2,Always_up
NUDCD2,Non bivalent
PANK3,Non bivalent
SLIT3,Ni_higher_than_Pr
FAM196B,Always_up
FBXW11,Non bivalent
STK10,Non bivalent
UBTD2,Non bivalent
SH3PXD2B,Non bivalent
DUSP1,Non bivalent
NKX2-5,Pr_higher_than_Ni
STC2,Non bivalent
BOD1,Non bivalent
DRD1,Always_up
THOC3,Non bivalent
KIAA1191,Always_up
NOP16,Non bivalent
CLTB,Non bivalent
RNF44,Non bivalent
GPRIN1,Always_up
SNCB,Always_up
UIMC1,Non bivalent
RAB24,Non bivalent
MXD3,Non bivalent
LMAN2,Non bivalent
F12,Non bivalent
DBN1,Non bivalent
PDLIM7,Non bivalent
DOK3,Non bivalent
DDX41,Pr_higher_than_Ni
FAM193B,Non bivalent
LOC202181,Always_up
NHP2,Non bivalent
PHYKPL,Non bivalent
COL23A1,Always_up
CLK4,Ni_higher_than_Pr
ZNF354A,Non bivalent
ADAMTS2,Non bivalent
HNRNPH1,Non bivalent
MGAT4B,Non bivalent
C5orf45,Non bivalent
TBC1D9B,Non bivalent
RNF130,Non bivalent
MAPK9,Non bivalent
GFPT2,Non bivalent
FLT4,Always_up
MGAT1,Non bivalent
HEIH,Non bivalent
ZFP62,Non bivalent
GNB2L1,Non bivalent
TRIM52,Non bivalent
DUSP22,Non bivalent
IRF4,Always_up
FOXQ1,Pr_higher_than_Ni
FOXF2,Pr_higher_than_Ni
FOXC1,Pr_higher_than_Ni
WRNIP1,Non bivalent
LINC01011,Non bivalent
NQO2,Non bivalent
RIPK1,Non bivalent
BPHL,Non bivalent
PSMG4,Non bivalent
FAM50B,Non bivalent
PRPF4B,Non bivalent
CDYL,Always_up
LOC100129461,Non bivalent
PPP1R3G,Always_up
FARS2,Non bivalent
RREB1,Pr_higher_than_Ni
RIOK1,Non bivalent
DSP,Always_up
SNRNP48,Non bivalent
BMP6,Always_up
TFAP2A-AS1,Pr_higher_than_Ni
GCNT2,Non bivalent
PAK1IP1,Non bivalent
TMEM14C,Non bivalent
TMEM14B,Non bivalent
SYCP2L,Pr_higher_than_Ni
SMIM13,Non bivalent
TMEM170B,Always_up
HIVEP1,Non bivalent
EDN1,Ni_higher_than_Pr
PHACTR1,Non bivalent
SIRT5,Non bivalent
NOL7,Non bivalent
RNF182,Ni_higher_than_Pr
CD83,Always_up
JARID2,Non bivalent
MYLIP,Non bivalent
GMPR,Always_up
RBM24,Always_up
CAP2,Non bivalent
FAM8A1,Non bivalent
KDM1B,Non bivalent
RNF144B,Always_up
ID4,Ni_higher_than_Pr
E2F3,Non bivalent
CDKAL1,Non bivalent
SOX4,Non bivalent
CASC15,Non bivalent
HDGFL1,Ni_higher_than_Pr
MRS2,Non bivalent
ALDH5A1,Always_up
ACOT13,Non bivalent
GMNN,Non bivalent
LRRC16A,Ni_higher_than_Pr
TRIM38,Non bivalent
HIST1H2AC,Non bivalent
HIST1H2BD,Ni_higher_than_Pr
HIST1H2BE,Non bivalent
HIST1H2AE,Non bivalent
HIST1H2BH,Non bivalent
BTN3A2,Non bivalent
BTN2A2,Non bivalent
BTN3A1,Non bivalent
BTN3A3,Non bivalent
BTN2A1,Non bivalent
HCG11,Non bivalent
HMGN4,Non bivalent
ABT1,Non bivalent
HIST1H2AG,Non bivalent
PRSS16,Non bivalent
ZNF391,Non bivalent
HIST1H3H,Non bivalent
HIST1H2BN,Non bivalent
HIST1H2BO,Non bivalent
ZNF165,Non bivalent
ZSCAN12P1,Non bivalent
ZSCAN16,Non bivalent
ZKSCAN8,Always_up
ZSCAN9,Always_up
NKAPL,Ni_higher_than_Pr
ZSCAN26,Non bivalent
PGBD1,Always_up
ZKSCAN3,Always_up
ZNRD1,Non bivalent
PRR3,Non bivalent
MRPS18B,Non bivalent
HCP5,Non bivalent
NFKBIL1,Non bivalent
PRRC2A,Non bivalent
LY6G5B,Non bivalent
C6orf48,Non bivalent
RNF5,Non bivalent
RING1,Non bivalent
B3GALT4,Non bivalent
PFDN6,Non bivalent
PHF1,Non bivalent
SYNGAP1,Non bivalent
ZBTB9,Non bivalent
ITPR3,Non bivalent
HMGA1,Non bivalent
PACSIN1,Non bivalent
SNRPC,Non bivalent
UHRF1BP1,Non bivalent
ANKS1A,Non bivalent
SCUBE3,Always_up
ZNF76,Non bivalent
DEF6,Non bivalent
PPARD,Non bivalent
FANCE,Non bivalent
RPL10A,Non bivalent
CLPSL1,Non bivalent
MAPK14,Non bivalent
MAPK13,Non bivalent
BRPF3,Non bivalent
KCTD20,Non bivalent
SRSF3,Non bivalent
CDKN1A,Non bivalent
C6orf89,Non bivalent
PI16,Non bivalent
FGD2,Non bivalent
PIM1,Non bivalent
TBC1D22B,Always_up
RNF8,Non bivalent
CMTR1,Non bivalent
ZFAND3,Non bivalent
DNAH8,Always_up
DAAM2,Always_up
APOBEC2,Non bivalent
NFYA,Non bivalent
ADCY10P1,Non bivalent
FOXP4,Always_up
MDFI,Non bivalent
PRICKLE4,Non bivalent
TOMM6,Non bivalent
BYSL,Non bivalent
TAF8,Non bivalent
GUCA1A,Non bivalent
UBR2,Non bivalent
GLTSCR1L,Non bivalent
RPL7L1,Non bivalent
CNPY3,Non bivalent
PPP2R5D,Non bivalent
KLHDC3,Non bivalent
RRP36,Non bivalent
KLC4,Non bivalent
PTK7,Non bivalent
SRF,Non bivalent
CUL9,Non bivalent
TTBK1,Always_up
ABCC10,Non bivalent
TJAP1,Non bivalent
POLR1C,Non bivalent
POLH,Non bivalent
MAD2L1BP,Non bivalent
VEGFA,Non bivalent
TMEM63B,Non bivalent
SLC29A1,Non bivalent
HSP90AB1,Non bivalent
TMEM151B,Non bivalent
CDC5L,Non bivalent
RUNX2,Always_up
ENPP4,Always_up
TDRD6,Ni_higher_than_Pr
CD2AP,Non bivalent
CENPQ,Ni_higher_than_Pr
C6orf141,Ni_higher_than_Pr
TFAP2B,Pr_higher_than_Ni
PAQR8,Always_up
EFHC1,Ni_higher_than_Pr
TRAM2-AS1,Non bivalent
LOC730101,Non bivalent
TMEM14A,Non bivalent
RN7SK,Non bivalent
FBXO9,Non bivalent
LRRC1,Non bivalent
FAM83B,Non bivalent
BEND6,Always_up
KIAA1586,Non bivalent
ZNF451,Non bivalent
BAG2,Non bivalent
PRIM2,Non bivalent
PTP4A1,Non bivalent
PHF3,Ni_higher_than_Pr
LOC441155,Non bivalent
ADGRB3,Always_up
COL19A1,Always_up
FAM135A,Non bivalent
SDHAF4,Non bivalent
SMAP1,Non bivalent
OGFRL1,Always_up
KCNQ5,Pr_higher_than_Ni
KHDC3L,Non bivalent
DDX43,Non bivalent
MTO1,Non bivalent
CD109,Non bivalent
SENP6,Non bivalent
MYO6,Non bivalent
IRAK1BP1,Non bivalent
HMGN3-AS1,Non bivalent
SH3BGRL2,Always_up
TTK,Non bivalent
BCKDHB,Ni_higher_than_Pr
TPBG,Non bivalent
DOPEY1,Non bivalent
RWDD2A,Non bivalent
PRSS35,Non bivalent
CYB5R4,Ni_higher_than_Pr
MRAP2,Non bivalent
NT5E,Always_up
HTR1E,Always_up
ZNF292,Non bivalent
SMIM8,Non bivalent
C6orf163,Non bivalent
SLC35A1,Non bivalent
ORC3,Non bivalent
PNRC1,Non bivalent
PM20D2,Always_up
ANKRD6,Always_up
LOC101929057,Non bivalent
CASP8AP2,Non bivalent
GJA10,Non bivalent
MANEA,Non bivalent
UFL1,Non bivalent
POU3F2,Always_up
LOC101927365,Non bivalent
TSTD3,Non bivalent
PRDM13,Always_up
LIN28B,Non bivalent
PRDM1,Always_up
AIM1,Pr_higher_than_Ni
QRSL1,Non bivalent
C6orf203,Non bivalent
SOBP,Always_up
NR2E1,Always_up
LACE1,Non bivalent
FOXO3,Non bivalent
ARMC2,Non bivalent
CEP57L1,Non bivalent
LOC100996634,Non bivalent
SMPD2,Non bivalent
FIG4,Non bivalent
CDC40,Non bivalent
AMD1,Non bivalent
GTF3C6,Non bivalent
RPF2,Non bivalent
SLC16A10,Pr_higher_than_Ni
KIAA1919,Non bivalent
TRAF3IP2-AS1,Pr_higher_than_Ni
FAM229B,Non bivalent
RFPL4B,Non bivalent
MARCKS,Ni_higher_than_Pr
LOC101927768,Non bivalent
NT5DC1,Non bivalent
DSE,Non bivalent
FAM26F,Always_up
RWDD1,Non bivalent
KPNA5,Non bivalent
DCBLD1,Always_up
NUS1,Non bivalent
SLC35F1,Always_up
PLN,Non bivalent
ASF1A,Non bivalent
GJA1,Non bivalent
HSF2,Always_up
PKIB,Non bivalent
FABP7,Non bivalent
SMPDL3A,Pr_higher_than_Ni
RNF217,Ni_higher_than_Pr
TPD52L1,Pr_higher_than_Ni
LOC643623,Non bivalent
HEY2,Pr_higher_than_Ni
NCOA7,Non bivalent
HINT3,Always_up
TRMT11,Non bivalent
CENPW,Non bivalent
RSPO3,Always_up
RNF146,Non bivalent
LAMA2,Non bivalent
L3MBTL3,Non bivalent
TMEM200A,Ni_higher_than_Pr
AKAP7,Always_up
ENPP1,Always_up
RPS12,Non bivalent
TCF21,Always_up
TBPL1,Non bivalent
MYB,Always_up
PEX7,Non bivalent
TNFAIP3,Non bivalent
ARFGEF3,Always_up
HEBP2,Non bivalent
FLJ46906,Non bivalent
CCDC28A,Non bivalent
ABRACL,Non bivalent
HECA,Always_up
LOC100132735,Non bivalent
VTA1,Non bivalent
ADGRG6,Always_up
AIG1,Non bivalent
PEX3,Non bivalent
PHACTR2,Non bivalent
LTV1,Non bivalent
STX11,Always_up
UTRN,Non bivalent
RAB32,Always_up
STXBP5,Non bivalent
SAMD5,Always_up
SASH1,Non bivalent
UST,Non bivalent
TAB2,Non bivalent
GINM1,Non bivalent
RPS18P9,Non bivalent
PCMT1,Non bivalent
ULBP2,Pr_higher_than_Ni
ULBP1,Always_up
PPP1R14C,Always_up
PLEKHG1,Always_up
MTHFD1L,Non bivalent
AKAP12,Non bivalent
ARMT1,Non bivalent
MYCT1,Non bivalent
SCAF8,Non bivalent
TIAM2,Non bivalent
ARID1B,Non bivalent
ZDHHC14,Ni_higher_than_Pr
SNX9,Non bivalent
SYNJ2,Always_up
GTF2H5,Non bivalent
TULP4,Non bivalent
TMEM181,Non bivalent
SYTL3,Non bivalent
C6orf99,Non bivalent
FNDC1,Pr_higher_than_Ni
WTAP,Non bivalent
ACAT2,Non bivalent
MRPL18,Non bivalent
PNLDC1,Non bivalent
IGF2R,Ni_higher_than_Pr
SLC22A3,Always_up
MAP3K4,Non bivalent
QKI,Non bivalent
FGFR1OP,Non bivalent
UNC93A,Non bivalent
MLLT4,Non bivalent
SMOC2,Always_up
C6orf120,Non bivalent
ERMARD,Non bivalent
TBP,Non bivalent
EXOC2,Non bivalent
GMDS,Always_up
SERPINB1,Non bivalent
SERPINB9P1,Non bivalent
SERPINB9,Pr_higher_than_Ni
SERPINB6,Non bivalent
HTATSF1P2,Non bivalent
TUBB2A,Non bivalent
LOC100507194,Non bivalent
TUBB2B,Non bivalent
SLC22A23,Always_up
PXDC1,Pr_higher_than_Ni
ECI2,Non bivalent
RPP40,Non bivalent
LYRM4,Non bivalent
NRN1,Pr_higher_than_Ni
SSR1,Non bivalent
TXNDC5,Always_up
BLOC1S5,Non bivalent
EEF1E1,Non bivalent
SLC35B3,Non bivalent
TFAP2A,Pr_higher_than_Ni
C6orf52,Non bivalent
MAK,Non bivalent
GCM2,Always_up
ELOVL2,Always_up
ERVFRD-1,Non bivalent
NEDD9,Non bivalent
ADTRP,Non bivalent
TBC1D7,Non bivalent
GFOD1,Always_up
RANBP9,Non bivalent
MCUR1,Non bivalent
LINC01108,Non bivalent
DTNBP1,Always_up
ATXN1,Always_up
NUP153,Non bivalent
KIF13A,Non bivalent
NHLRC1,Always_up
TPMT,Non bivalent
DEK,Non bivalent
MBOAT1,Always_up
DCDC2,Non bivalent
GPLD1,Non bivalent
KIAA0319,Non bivalent
TDP2,Non bivalent
C6orf62,Non bivalent
FAM65B,Non bivalent
HIST1H1C,Non bivalent
HIST1H2BC,Non bivalent
HIST1H2AD,Non bivalent
HIST1H3D,Non bivalent
HIST1H2BG,Non bivalent
HIST1H3G,Always_up
HIST1H4H,Non bivalent
ZNF322,Non bivalent
LOC100270746,Non bivalent
HIST1H2BJ,Non bivalent
HIST1H2BK,Non bivalent
ZNF204P,Non bivalent
ZNF184,Non bivalent
HIST1H4K,Non bivalent
HIST1H3J,Non bivalent
HIST1H2AM,Non bivalent
ZSCAN16-AS1,Non bivalent
TOB2P1,Always_up
ZKSCAN4,Ni_higher_than_Pr
ZSCAN31,Non bivalent
ZSCAN12,Ni_higher_than_Pr
ZBED9,Non bivalent
RNF39,Non bivalent
HCG18,Non bivalent
PPP1R18,Non bivalent
NRM,Non bivalent
IER3,Non bivalent
PSORS1C2,Non bivalent
HLA-C,Non bivalent
ATP6V1G2,Non bivalent
ATP6V1G2-DDX39B,Non bivalent
LY6G6C,Non bivalent
VWA7,Non bivalent
NEU1,Non bivalent
DXO,Non bivalent
FKBPL,Non bivalent
PRRT1,Non bivalent
PBX2,Non bivalent
GPSM3,Non bivalent
HLA-DRB5,Non bivalent
HLA-DQB1,Non bivalent
PSMB8,Non bivalent
TAP1,Non bivalent
RGL2,Non bivalent
CUTA,Non bivalent
BAK1,Non bivalent
UQCC2,Non bivalent
IP6K3,Non bivalent
LEMD2,Non bivalent
GRM4,Non bivalent
C6orf1,Non bivalent
NUDT3,Non bivalent
RPS10,Non bivalent
RPS10-NUDT3,Non bivalent
SPDEF,Non bivalent
C6orf106,Non bivalent
TAF11,Non bivalent
TEAD3,Non bivalent
FKBP5,Non bivalent
SRPK1,Non bivalent
SLC26A8,Non bivalent
C6orf222,Non bivalent
ETV7,Always_up
STK38,Non bivalent
CPNE5,Always_up
PPIL1,Non bivalent
MTCH1,Non bivalent
CCDC167,Non bivalent
MDGA1,Always_up
BTBD9,Non bivalent
GLO1,Non bivalent
SAYSD1,Always_up
KCNK5,Non bivalent
MOCS1,Ni_higher_than_Pr
UNC5CL,Non bivalent
OARD1,Non bivalent
TREM1,Non bivalent
TFEB,Non bivalent
PGC,Non bivalent
FRS3,Non bivalent
USP49,Non bivalent
MED20,Non bivalent
CCND3,Non bivalent
C6orf132,Non bivalent
GUCA1B,Non bivalent
MRPS10,Non bivalent
TRERF1,Always_up
PRPH2,Non bivalent
TBCC,Non bivalent
C6orf226,Non bivalent
PEX6,Non bivalent
MEA1,Non bivalent
CUL7,Non bivalent
MRPL2,Non bivalent
DNPH1,Non bivalent
CRIP3,Non bivalent
ZNF318,Non bivalent
DLK2,Non bivalent
LRRC73,Non bivalent
YIPF3,Non bivalent
XPO5,Non bivalent
GTPBP2,Non bivalent
MRPS18A,Non bivalent
MRPL14,Non bivalent
SLC35B2,Non bivalent
NFKBIE,Non bivalent
TCTE1,Non bivalent
AARS2,Non bivalent
SUPT3H,Non bivalent
ENPP5,Non bivalent
RCAN2,Non bivalent
CYP39A1,Always_up
PLA2G7,Always_up
ADGRF5,Non bivalent
TNFRSF21,Non bivalent
PTCHD4,Always_up
MUT,Ni_higher_than_Pr
PKHD1,Non bivalent
MCM3,Non bivalent
TRAM2,Non bivalent
GSTA2,Non bivalent
GSTA1,Non bivalent
GSTA3,Non bivalent
GSTA4,Non bivalent
ICK,Non bivalent
GCM1,Non bivalent
ELOVL5,Non bivalent
GCLC,Always_up
HMGCLL1,Always_up
BMP5,Non bivalent
COL21A1,Always_up
DST,Always_up
RAB23,Non bivalent
GUSBP4,Non bivalent
LMBRD1,Non bivalent
KHDC1L,Non bivalent
KHDC1,Non bivalent
DPPA5,Non bivalent
OOEP,Non bivalent
MB21D1,Non bivalent
EEF1A1,Always_up
SLC17A5,Non bivalent
COL12A1,Always_up
COX7A2,Non bivalent
TMEM30A,Non bivalent
FILIP1,Non bivalent
HTR1B,Always_up
PHIP,Non bivalent
HMGN3,Non bivalent
LCA5,Non bivalent
ELOVL4,Always_up
FAM46A,Ni_higher_than_Pr
IBTK,Non bivalent
UBE3D,Non bivalent
PGM3,Non bivalent
ME1,Non bivalent
SNAP91,Always_up
CEP162,Always_up
TBX18,Pr_higher_than_Ni
SNX14,Non bivalent
SYNCRIP,Non bivalent
SNHG5,Non bivalent
CGA,Non bivalent
GJB7,Non bivalent
RARS2,Non bivalent
AKIRIN2,Non bivalent
CNR1,Always_up
RNGTT,Non bivalent
SRSF12,Non bivalent
GABRR1,Non bivalent
UBE2J1,Non bivalent
RRAGD,Ni_higher_than_Pr
LYRM2,Non bivalent
MDN1,Non bivalent
BACH2,Always_up
MAP3K7,Ni_higher_than_Pr
EPHA7,Always_up
GPR63,Non bivalent
NDUFAF4,Non bivalent
MMS22L,Non bivalent
FBXL4,Non bivalent
FAXC,Non bivalent
COQ3,Non bivalent
PNISR,Non bivalent
USP45,Non bivalent
CCNC,Non bivalent
ASCC3,Non bivalent
HACE1,Non bivalent
BVES,Always_up
POPDC3,Always_up
PREP,Non bivalent
ATG5,Non bivalent
RTN4IP1,Non bivalent
CD24,Non bivalent
BEND3,Non bivalent
PDSS2,Non bivalent
SCML4,Non bivalent
SEC63,Non bivalent
OSTM1,Non bivalent
SNX3,Non bivalent
SESN1,Non bivalent
CD164,Non bivalent
MICAL1,Non bivalent
ZBTB24,Non bivalent
AK9,Non bivalent
WASF1,Non bivalent
CDK19,Non bivalent
REV3L,Pr_higher_than_Ni
TRAF3IP2,Non bivalent
FYN,Always_up
TUBE1,Non bivalent
LAMA4,Always_up
HDAC2,Non bivalent
FRK,Non bivalent
TSPYL4,Non bivalent
TSPYL1,Non bivalent
ZUFSP,Non bivalent
FAM162B,Always_up
GOPC,Non bivalent
LOC101927919,Non bivalent
CEP85L,Non bivalent
MCM9,Non bivalent
FAM184A,Always_up
MAN1A1,Always_up
TBC1D32,Non bivalent
SERINC1,Non bivalent
HDDC2,Non bivalent
ECHDC1,Non bivalent
ARHGAP18,Non bivalent
SAMD3,Ni_higher_than_Pr
EPB41L2,Non bivalent
MED23,Non bivalent
OR2A4,Non bivalent
CTGF,Non bivalent
MOXD1,Always_up
STX7,Ni_higher_than_Pr
SLC18B1,Non bivalent
SGK1,Non bivalent
HBS1L,Non bivalent
AHI1,Ni_higher_than_Pr
MTFR2,Non bivalent
BCLAF1,Non bivalent
MAP7,Ni_higher_than_Pr
IFNGR1,Non bivalent
OLIG3,Always_up
LOC100130476,Always_up
PERP,Non bivalent
NHSL1,Non bivalent
REPS1,Non bivalent
TXLNB,Non bivalent
CITED2,Non bivalent
HIVEP2,Always_up
ADAT2,Non bivalent
FUCA2,Non bivalent
PLAGL1,Always_up
SF3B5,Non bivalent
EPM2A,Non bivalent
FBXO30,Non bivalent
SHPRH,Non bivalent
PPIL4,Non bivalent
KATNA1,Non bivalent
LATS1,Non bivalent
NUP43,Non bivalent
LRP11,Always_up
RAET1K,Always_up
ULBP3,Always_up
ZBTB2,Non bivalent
RMND1,Non bivalent
SYNE1,Always_up
FBXO5,Non bivalent
MTRF1L,Ni_higher_than_Pr
CNKSR3,Ni_higher_than_Pr
TFB1M,Non bivalent
TMEM242,Non bivalent
SERAC1,Non bivalent
DYNLT1,Non bivalent
EZR,Non bivalent
RSPH3,Non bivalent
SOD2,Non bivalent
TCP1,Non bivalent
AGPAT4,Non bivalent
PARK2,Non bivalent
PDE10A,Always_up
T,Always_up
SFT2D1,Non bivalent
MPC1,Non bivalent
RPS6KA2,Always_up
RNASET2,Non bivalent
MLLT4-AS1,Non bivalent
DACT2,Always_up
WDR27,Non bivalent
PHF10,Non bivalent
DLL1,Always_up
PSMB1,Non bivalent
PDCD2,Non bivalent
FAM20C,Non bivalent
DNAAF5,Non bivalent
SUN1,Non bivalent
GET4,Non bivalent
GPER1,Non bivalent
LOC101927021,Non bivalent
MAFK,Non bivalent
PSMG3-AS1,Non bivalent
ELFN1,Non bivalent
NUDT1,Non bivalent
EIF3B,Non bivalent
CHST12,Non bivalent
LOC101927181,Non bivalent
LFNG,Non bivalent
IQCE,Non bivalent
TTYH3,Non bivalent
AMZ1,Non bivalent
SDK1,Ni_higher_than_Pr
FOXK1,Non bivalent
AP5Z1,Non bivalent
RNF216P1,Non bivalent
RBAK,Ni_higher_than_Pr
WIPI2,Non bivalent
SLC29A4,Non bivalent
FSCN1,Non bivalent
CCZ1,Non bivalent
AIMP2,Non bivalent
USP42,Non bivalent
RAC1,Non bivalent
ZDHHC4,Non bivalent
C7orf26,Non bivalent
ZNF853,Non bivalent
ZNF316,Non bivalent
PMS2CL,Non bivalent
RSPH10B,Non bivalent
RSPH10B2,Non bivalent
C1GALT1,Non bivalent
MIOS,Non bivalent
UMAD1,Ni_higher_than_Pr
GLCCI1,Non bivalent
LOC100505938,Always_up
PHF14,Non bivalent
TMEM106B,Always_up
SCIN,Always_up
ARL4A,Non bivalent
BZW2,Non bivalent
TSPAN13,Non bivalent
AHR,Ni_higher_than_Pr
HDAC9,Always_up
ITGB8,Ni_higher_than_Pr
SP4,Non bivalent
LOC100506178,Non bivalent
IL6,Non bivalent
KLHL7,Non bivalent
NUPL2,Non bivalent
GPNMB,Non bivalent
MALSU1,Non bivalent
RPS2P32,Non bivalent
CCDC126,Always_up
FAM221A,Non bivalent
STK31,Non bivalent
NPY,Always_up
MPP6,Non bivalent
NFE2L3,Non bivalent
CBX3,Non bivalent
SNX10,Non bivalent
HOTAIRM1,Pr_higher_than_Ni
HOXA10-AS,Pr_higher_than_Ni
HOXA11-AS,Pr_higher_than_Ni
HOTTIP,Always_up
EVX1,Always_up
TAX1BP1,Non bivalent
CREB5,Non bivalent
CHN2,Non bivalent
PRR15,Always_up
WIPF3,Non bivalent
PLEKHA8,Non bivalent
MTURN,Non bivalent
ZNRF2,Non bivalent
DKFZP586I1420,Non bivalent
GARS,Non bivalent
INMT,Non bivalent
FAM188B,Non bivalent
AQP1,Non bivalent
ADCYAP1R1,Always_up
PPP1R17,Non bivalent
AVL9,Non bivalent
ZNRF2P1,Non bivalent
LINC00997,Non bivalent
FKBP9,Non bivalent
BBS9,Non bivalent
BMPER,Always_up
SEPT7,Non bivalent
EEPD1,Ni_higher_than_Pr
ANLN,Non bivalent
EPDR1,Always_up
STARD3NL,Ni_higher_than_Pr
TRG-AS1,Non bivalent
POU6F2,Ni_higher_than_Pr
YAE1D1,Non bivalent
RALA,Non bivalent
LINC00265,Non bivalent
CDK13,Non bivalent
SUGCT,Non bivalent
MRPL32,Non bivalent
HECW1,Ni_higher_than_Pr
STK17A,Always_up
BLVRA,Always_up
UBE2D4,Non bivalent
DBNL,Non bivalent
AEBP1,Non bivalent
YKT6,Non bivalent
OGDH,Non bivalent
ZMIZ2,Non bivalent
PPIA,Non bivalent
CCM2,Non bivalent
ADCY1,Always_up
C7orf57,Pr_higher_than_Ni
UPP1,Non bivalent
ABCA13,Non bivalent
IKZF1,Always_up
EGFR,Always_up
LANCL2,Non bivalent
ZNF713,Non bivalent
MRPS17,Non bivalent
GBAS,Non bivalent
CCT6A,Non bivalent
SUMF2,Non bivalent
ZNF716,Non bivalent
ZNF727,Non bivalent
ZNF735,Non bivalent
ZNF679,Ni_higher_than_Pr
ZNF736,Non bivalent
LOC100128885,Non bivalent
LOC641746,Non bivalent
ZNF107,Non bivalent
ZNF138,Non bivalent
ZNF273,Non bivalent
CCT6P3,Non bivalent
ZNF92,Non bivalent
CCT6P1,Non bivalent
VKORC1L1,Non bivalent
ASL,Non bivalent
CRCP,Non bivalent
TPST1,Non bivalent
KCTD7,Non bivalent
LOC100996437,Non bivalent
RABGEF1,Non bivalent
TMEM248,Non bivalent
TYW1,Non bivalent
STAG3L4,Non bivalent
AUTS2,Always_up
WBSCR17,Always_up
SBDSP1,Non bivalent
POM121,Non bivalent
GTF2IP4,Non bivalent
GTF2IP1,Non bivalent
FZD9,Non bivalent
VPS37D,Non bivalent
WBSCR22,Non bivalent
CLDN4,Non bivalent
ELN,Non bivalent
LIMK1,Non bivalent
EIF4H,Non bivalent
LAT2,Non bivalent
CLIP2,Non bivalent
GTF2IRD1,Non bivalent
GTF2I,Non bivalent
PMS2P5,Non bivalent
GATSL2,Non bivalent
GTF2IRD2B,Non bivalent
STAG3L1,Non bivalent
NSUN5P1,Non bivalent
SPDYE5,Non bivalent
RHBDD2,Pr_higher_than_Ni
POR,Pr_higher_than_Ni
MDH2,Non bivalent
SRRM3,Non bivalent
HSPB1,Non bivalent
DTX2,Non bivalent
UPK3B,Non bivalent
DTX2P1-UPK3BP1-PMS2P11,Non bivalent
PMS2P9,Non bivalent
CCDC146,Non bivalent
PTPN12,Non bivalent
RSBN1L,Non bivalent
PHTF2,Non bivalent
MAGI2-AS3,Ni_higher_than_Pr
GNAI1,Ni_higher_than_Pr
DMTF1,Non bivalent
CROT,Ni_higher_than_Pr
DBF4,Non bivalent
ADAM22,Always_up
GTPBP10,Non bivalent
CLDN12,Non bivalent
CDK14,Ni_higher_than_Pr
FZD1,Always_up
AKAP9,Always_up
ANKIB1,Non bivalent
GATAD1,Non bivalent
RBM48,Non bivalent
VPS50,Non bivalent
GNG11,Non bivalent
COL1A2,Ni_higher_than_Pr
CASD1,Non bivalent
PEG10,Non bivalent
PPP1R9A,Non bivalent
ASB4,Non bivalent
DYNC1I1,Always_up
DLX6,Always_up
SDHAF3,Ni_higher_than_Pr
LMTK2,Non bivalent
BRI3,Non bivalent
NPTX2,Always_up
TRRAP,Non bivalent
LOC101927550,Non bivalent
ARPC1A,Non bivalent
ARPC1B,Non bivalent
BUD31,Non bivalent
CPSF4,Non bivalent
ZNF789,Non bivalent
ZKSCAN5,Non bivalent
ZNF655,Non bivalent
ZSCAN25,Non bivalent
ZKSCAN1,Non bivalent
ZSCAN21,Non bivalent
COPS6,Non bivalent
AP4M1,Non bivalent
CNPY4,Non bivalent
MBLAC1,Non bivalent
LAMTOR4,Non bivalent
STAG3,Non bivalent
STAG3L5P-PVRIG2P-PILRB,Non bivalent
STAG3L5P,Non bivalent
PVRIG2P,Non bivalent
PILRB,Non bivalent
MEPCE,Non bivalent
NYAP1,Non bivalent
AGFG2,Non bivalent
FBXO24,Non bivalent
PCOLCE,Non bivalent
MOSPD3,Non bivalent
GNB2,Non bivalent
POP7,Non bivalent
EPO,Always_up
ZAN,Non bivalent
SLC12A9,Non bivalent
TRIP6,Non bivalent
SRRT,Non bivalent
MUC3A,Non bivalent
MUC12,Always_up
TRIM56,Non bivalent
SERPINE1,Non bivalent
AP1S1,Non bivalent
ZNHIT1,Non bivalent
LOC101927746,Non bivalent
COL26A1,Non bivalent
CUX1,Always_up
SH2B2,Non bivalent
LOC100289561,Non bivalent
LOC100630923,Non bivalent
PRKRIP1,Non bivalent
ORAI2,Non bivalent
LRWD1,Non bivalent
FAM185A,Non bivalent
LRRC17,Non bivalent
ARMC10,Non bivalent
PMPCB,Non bivalent
PSMC2,Non bivalent
KMT2E,Non bivalent
RINT1,Non bivalent
PRKAR2B,Always_up
HBP1,Non bivalent
DUS4L,Non bivalent
BCAP29,Non bivalent
SLC26A4,Always_up
CBLL1,Ni_higher_than_Pr
DLD,Non bivalent
DNAJB9,Non bivalent
LRRN3,Ni_higher_than_Pr
ZNF277,Ni_higher_than_Pr
IFRD1,Non bivalent
FOXP2,Always_up
MDFIC,Ni_higher_than_Pr
TES,Always_up
CAV2,Always_up
CAV1,Always_up
MET,Ni_higher_than_Pr
CAPZA2,Non bivalent
ST7,Ni_higher_than_Pr
CFTR,Ni_higher_than_Pr
LSM8,Non bivalent
KCND2,Ni_higher_than_Pr
ING3,Non bivalent
CPED1,Always_up
WNT16,Non bivalent
PTPRZ1,Always_up
LMOD2,Non bivalent
HYAL4,Non bivalent
SPAM1,Non bivalent
ARF5,Always_up
SND1,Non bivalent
LEP,Always_up
HILPDA,Non bivalent
METTL2B,Non bivalent
LINC01000,Non bivalent
FAM71F2,Non bivalent
CALU,Non bivalent
CCDC136,Ni_higher_than_Pr
FLNC,Non bivalent
ATP6V1F,Non bivalent
LOC100130705,Non bivalent
TPI1P2,Non bivalent
TSPAN33,Always_up
SMO,Non bivalent
AHCYL2,Non bivalent
STRIP2,Non bivalent
NRF1,Non bivalent
KLHDC10,Non bivalent
CPA1,Non bivalent
MEST,Non bivalent
COPG2IT1,Non bivalent
MKLN1,Always_up
EXOC4,Non bivalent
LRGUK,Non bivalent
AKR1B15,Non bivalent
BPGM,Non bivalent
CALD1,Non bivalent
NUP205,Non bivalent
C7orf73,Non bivalent
CHRM2,Always_up
TRIM24,Non bivalent
TTC26,Always_up
UBN2,Non bivalent
C7orf55,Non bivalent
C7orf55-LUC7L2,Non bivalent
LUC7L2,Non bivalent
JHDM1D-AS1,Non bivalent
RAB19,Non bivalent
ADCK2,Non bivalent
NDUFB2,Non bivalent
TMEM178B,Always_up
AGK,Non bivalent
SSBP1,Non bivalent
MGAM,Non bivalent
EPHB6,Non bivalent
GSTK1,Non bivalent
TMEM139,Always_up
CASP2,Always_up
ZYX,Non bivalent
CTAGE15,Non bivalent
TCAF2,Non bivalent
CTAGE8,Non bivalent
CTAGE4,Non bivalent
ARHGEF5,Non bivalent
CNTNAP2,Always_up
CUL1,Non bivalent
ZNF398,Non bivalent
ZNF282,Non bivalent
ZNF212,Non bivalent
ZNF783,Non bivalent
LOC155060,Non bivalent
KRBA1,Non bivalent
SSPO,Non bivalent
ZNF862,Non bivalent
ATP6V0E2,Always_up
LRRC61,Non bivalent
ZBED6CL,Non bivalent
REPIN1,Non bivalent
ZNF775,Non bivalent
LOC728743,Non bivalent
TMEM176A,Always_up
NOS3,Non bivalent
ABCB8,Pr_higher_than_Ni
ASIC3,Non bivalent
SLC4A2,Non bivalent
AGAP3,Non bivalent
CHPF2,Non bivalent
NUB1,Non bivalent
GALNT11,Non bivalent
LINC01003,Non bivalent
ACTR3B,Non bivalent
DPP6,Non bivalent
PAXIP1-AS1,Non bivalent
INSIG1,Non bivalent
EN2,Always_up
RBM33,Non bivalent
RNF32,Always_up
NOM1,Non bivalent
UBE3C,Non bivalent
DNAJB6,Non bivalent
WDR60,Non bivalent
PDGFA,Non bivalent
PRKAR1B,Non bivalent
ADAP1,Always_up
COX19,Ni_higher_than_Pr
C7orf50,Non bivalent
ZFAND2A,Non bivalent
MICALL2,Non bivalent
INTS1,Non bivalent
PSMG3,Non bivalent
MAD1L1,Non bivalent
FTSJ2,Non bivalent
SNX8,Non bivalent
BRAT1,Non bivalent
GNA12,Non bivalent
CARD11,Non bivalent
RADIL,Non bivalent
TNRC18,Non bivalent
FBXL18,Non bivalent
ACTB,Non bivalent
RNF216,Non bivalent
PMS2,Non bivalent
EIF2AK1,Non bivalent
CYTH3,Non bivalent
FAM220A,Non bivalent
DAGLB,Non bivalent
KDELR2,Non bivalent
GRID2IP,Non bivalent
ZNF12,Non bivalent
CCZ1B,Non bivalent
COL28A1,Non bivalent
RPA3,Non bivalent
ICA1,Always_up
NDUFA4,Non bivalent
THSD7A,Ni_higher_than_Pr
VWDE,Always_up
ETV1,Always_up
ISPD,Non bivalent
ANKMY2,Non bivalent
SNX13,Non bivalent
TWIST1,Always_up
TWISTNB,Always_up
SP8,Always_up
CDCA7L,Always_up
RAPGEF5,Ni_higher_than_Pr
STEAP1B,Always_up
LOC401312,Non bivalent
LOC541472,Non bivalent
TOMM7,Non bivalent
FAM126A,Non bivalent
KLHL7-AS1,Non bivalent
IGF2BP3,Non bivalent
TRA2A,Non bivalent
DFNA5,Always_up
OSBPL3,Always_up
CYCS,Non bivalent
C7orf31,Always_up
HNRNPA2B1,Non bivalent
SKAP2,Always_up
HOXA1,Pr_higher_than_Ni
HOXA2,Always_up
HOXA3,Pr_higher_than_Ni
HOXA4,Pr_higher_than_Ni
HOXA5,Pr_higher_than_Ni
HOXA7,Always_up
HOXA9,Pr_higher_than_Ni
HOXA10,Pr_higher_than_Ni
HOXA11,Pr_higher_than_Ni
HOXA13,Always_up
HIBADH,Non bivalent
JAZF1,Always_up
TRIL,Always_up
CPVL,Non bivalent
LOC646762,Non bivalent
ZNRF2P2,Non bivalent
SCRN1,Non bivalent
FKBP14,Non bivalent
NOD1,Always_up
GGCT,Non bivalent
LOC401320,Non bivalent
PDE1C,Always_up
LSM5,Non bivalent
KBTBD2,Non bivalent
RP9P,Always_up
NT5C3A,Non bivalent
RP9,Non bivalent
NPSR1-AS1,Non bivalent
DPY19L1,Non bivalent
DPY19L2P1,Always_up
TBX20,Pr_higher_than_Ni
HERPUD2,Non bivalent
KIAA0895,Always_up
ELMO1,Always_up
AMPH,Ni_higher_than_Pr
VPS41,Non bivalent
MPLKIP,Non bivalent
INHBA,Always_up
GLI3,Always_up
C7orf25,Non bivalent
PSMA2,Non bivalent
COA1,Non bivalent
MRPS24,Non bivalent
URGCP,Ni_higher_than_Pr
POLR2J4,Non bivalent
RASA4CP,Non bivalent
POLM,Non bivalent
POLD2,Non bivalent
MYL7,Non bivalent
GCK,Non bivalent
NUDCD3,Non bivalent
DDX56,Non bivalent
TMED4,Non bivalent
H2AFV,Non bivalent
PURB,Non bivalent
MYO1G,Non bivalent
SNHG15,Non bivalent
NACAD,Non bivalent
TBRG4,Non bivalent
SEPT7P2,Non bivalent
IGFBP3,Always_up
TNS3,Non bivalent
PKD1L1,Non bivalent
HUS1,Non bivalent
SUN3,Non bivalent
FIGNL1,Always_up
GRB10,Always_up
COBL,Always_up
LINC01446,Non bivalent
SEC61G,Non bivalent
VOPP1,Non bivalent
FKBP9P1,Non bivalent
SEPT14,Non bivalent
PSPH,Non bivalent
CHCHD2,Non bivalent
LOC650226,Non bivalent
ZNF680,Non bivalent
ZNF117,Non bivalent
ERV3-1,Non bivalent
LOC441242,Non bivalent
GUSB,Non bivalent
LINC00174,Non bivalent
GS1-124K5.11,Non bivalent
SBDS,Non bivalent
PMS2P4,Non bivalent
CALN1,Non bivalent
TYW1B,Non bivalent
NSUN5P2,Non bivalent
STAG3L3,Non bivalent
NSUN5,Non bivalent
BAZ1B,Non bivalent
BCL7B,Non bivalent
TBL2,Ni_higher_than_Pr
MLXIPL,Always_up
DNAJC30,Non bivalent
STX1A,Non bivalent
ABHD11,Non bivalent
CLDN3,Non bivalent
WBSCR27,Non bivalent
RFC2,Non bivalent
GTF2IRD2,Non bivalent
STAG3L2,Non bivalent
WBSCR16,Non bivalent
NCF1C,Non bivalent
PMS2P7,Non bivalent
POM121C,Non bivalent
PMS2P3,Non bivalent
HIP1,Non bivalent
CCL26,Non bivalent
TMEM120A,Non bivalent
STYXL1,Non bivalent
YWHAG,Non bivalent
SSC4D,Non bivalent
GSAP,Always_up
APTR,Non bivalent
TMEM60,Non bivalent
MAGI2,Ni_higher_than_Pr
SEMA3C,Always_up
HGF,Non bivalent
CACNA2D1,Non bivalent
PCLO,Non bivalent
SEMA3E,Non bivalent
SEMA3A,Ni_higher_than_Pr
SEMA3D,Non bivalent
KIAA1324L,Ni_higher_than_Pr
TMEM243,Always_up
TP53TG1,Ni_higher_than_Pr
ABCB1,Non bivalent
SLC25A40,Non bivalent
SRI,Non bivalent
STEAP4,Always_up
MTERF1,Non bivalent
CYP51A1,Non bivalent
KRIT1,Non bivalent
ERVW-1,Non bivalent
PEX1,Non bivalent
FAM133B,Always_up
CDK6,Always_up
SAMD9,Non bivalent
SAMD9L,Non bivalent
TFPI2,Always_up
BET1,Ni_higher_than_Pr
SGCE,Non bivalent
PON3,Ni_higher_than_Pr
PON2,Non bivalent
SLC25A13,Non bivalent
SHFM1,Always_up
DLX5,Always_up
ASNS,Always_up
MGC72080,Non bivalent
TECPR1,Non bivalent
BAIAP2L1,Non bivalent
TMEM130,Non bivalent
SMURF1,Non bivalent
PDAP1,Non bivalent
PTCD1,Non bivalent
ATP5J2,Non bivalent
ATP5J2-PTCD1,Non bivalent
ZNF394,Non bivalent
FAM200A,Non bivalent
TRIM4,Ni_higher_than_Pr
ZNF3,Non bivalent
MCM7,Non bivalent
TAF6,Non bivalent
C7orf43,Non bivalent
GAL3ST4,Non bivalent
GPC2,Non bivalent
GATS,Non bivalent
PMS2P1,Non bivalent
ZCWPW1,Non bivalent
PPP1R35,Non bivalent
TSC22D4,Non bivalent
SAP25,Non bivalent
LRCH4,Non bivalent
PCOLCE-AS1,Non bivalent
TFR2,Non bivalent
GIGYF1,Non bivalent
EPHB4,Non bivalent
UFSP1,Non bivalent
ACHE,Pr_higher_than_Ni
VGF,Non bivalent
NAT16,Non bivalent
MOGAT3,Non bivalent
PLOD3,Non bivalent
CLDN15,Non bivalent
FIS1,Non bivalent
IFT22,Non bivalent
ALKBH4,Non bivalent
POLR2J,Non bivalent
RASA4B,Non bivalent
POLR2J3,Non bivalent
RASA4,Non bivalent
UPK3BL,Non bivalent
POLR2J2,Non bivalent
FBXL13,Non bivalent
DNAJC2,Non bivalent
RELN,Always_up
ORC5,Ni_higher_than_Pr
LHFPL3-AS2,Non bivalent
LINC01004,Non bivalent
KMT2E-AS1,Non bivalent
SRPK2,Non bivalent
PUS7,Non bivalent
ATXN7L1,Non bivalent
SYPL1,Non bivalent
NAMPT,Non bivalent
CCDC71L,Ni_higher_than_Pr
COG5,Non bivalent
SLC26A4-AS1,Always_up
LAMB1,Always_up
NRCAM,Non bivalent
PNPLA8,Non bivalent
THAP5,Non bivalent
IMMP2L,Non bivalent
DOCK4,Ni_higher_than_Pr
TMEM168,Non bivalent
C7orf60,Non bivalent
GPR85,Non bivalent
LINC00998,Non bivalent
WNT2,Always_up
CTTNBP2,Ni_higher_than_Pr
TSPAN12,Ni_higher_than_Pr
FAM3C,Non bivalent
AASS,Non bivalent
CADPS2,Always_up
IQUB,Always_up
NDUFA5,Non bivalent
WASL,Non bivalent
TMEM229A,Always_up
GPR37,Always_up
POT1,Non bivalent
LOC101928254,Non bivalent
ZNF800,Always_up
GCC1,Always_up
LRRC4,Non bivalent
MGC27345,Non bivalent
RBM28,Non bivalent
PRRT4,Always_up
IMPDH1,Always_up
KCP,Non bivalent
TNPO3,Non bivalent
UBE2H,Non bivalent
ZC3HC1,Non bivalent
TMEM209,Non bivalent
CEP41,Ni_higher_than_Pr
COPG2,Non bivalent
PODXL,Always_up
PLXNA4,Pr_higher_than_Ni
CHCHD3,Non bivalent
SLC35B4,Always_up
AKR1B1,Always_up
C7orf49,Non bivalent
WDR91,Non bivalent
CNOT4,Non bivalent
SLC13A4,Non bivalent
LUZP6,Non bivalent
MTPN,Non bivalent
PTN,Always_up
CREB3L2,Non bivalent
SVOPL,Non bivalent
ATP6V0A4,Non bivalent
KIAA1549,Always_up
ZC3HAV1L,Non bivalent
ZC3HAV1,Always_up
KLRG2,Non bivalent
HIPK2,Ni_higher_than_Pr
PARP12,Pr_higher_than_Ni
KDM7A,Non bivalent
SLC37A3,Non bivalent
MKRN1,Non bivalent
DENND2A,Non bivalent
NDUFB2-AS1,Non bivalent
BRAF,Non bivalent
MRPS33,Non bivalent
WEE2-AS1,Non bivalent
TRPV6,Non bivalent
KEL,Non bivalent
FAM131B,Always_up
EPHA1,Non bivalent
LOC154761,Non bivalent
TCAF1,Non bivalent
ARHGEF35,Non bivalent
OR2A9P,Non bivalent
OR2A20P,Non bivalent
ARHGEF34P,Non bivalent
OR2A1-AS1,Non bivalent
TPK1,Non bivalent
EZH2,Non bivalent
PDIA4,Non bivalent
ZNF786,Non bivalent
ZNF425,Non bivalent
ZNF777,Always_up
ZNF746,Always_up
ZNF767P,Non bivalent
ZNF467,Non bivalent
ATP6V0E2-AS1,Always_up
RARRES2,Always_up
TMEM176B,Always_up
KCNH2,Non bivalent
ATG9B,Non bivalent
CDK5,Non bivalent
FASTK,Non bivalent
TMUB1,Non bivalent
ABCF2,Non bivalent
SMARCD3,Non bivalent
WDR86,Non bivalent
RHEB,Non bivalent
PRKAG2,Always_up
KMT2C,Non bivalent
XRCC2,Non bivalent
PAXIP1,Non bivalent
LOC100506302,Non bivalent
SHH,Always_up
C7orf13,Always_up
LMBR1,Non bivalent
MNX1,Pr_higher_than_Ni
PTPRN2,Always_up
NCAPG2,Non bivalent
ESYT2,Non bivalent
ZNF596,Non bivalent
FBXO25,Pr_higher_than_Ni
ARHGEF10,Non bivalent
KBTBD11,Non bivalent
MYOM2,Non bivalent
MCPH1,Non bivalent
AGPAT5,Non bivalent
PRR23D2,Non bivalent
FAM86B3P,Non bivalent
CLDN23,Non bivalent
ERI1,Non bivalent
LOC101929128,Non bivalent
TNKS,Non bivalent
MSRA,Non bivalent
MTMR9,Non bivalent
TDH,Non bivalent
GATA4,Pr_higher_than_Ni
NEIL2,Non bivalent
FDFT1,Non bivalent
ZNF705D,Non bivalent
LOC100506990,Non bivalent
C8orf48,Always_up
TUSC3,Non bivalent
MICU3,Non bivalent
ZDHHC2,Ni_higher_than_Pr
VPS37A,Non bivalent
SLC7A2,Always_up
PDGFRL,Always_up
PCM1,Non bivalent
NAT1,Non bivalent
NAT2,Non bivalent
SH2D4A,Non bivalent
INTS10,Non bivalent
ATP6V1B2,Always_up
XPO7,Non bivalent
FGF17,Always_up
DMTN,Always_up
FAM160B2,Non bivalent
BMP1,Non bivalent
POLR3D,Non bivalent
PIWIL2,Non bivalent
SLC39A14,Non bivalent
PPP3CC,Always_up
SORBS3,Pr_higher_than_Ni
PDLIM2,Non bivalent
C8orf58,Non bivalent
CCAR2,Non bivalent
RHOBTB2,Always_up
TNFRSF10C,Always_up
CHMP7,Ni_higher_than_Pr
R3HCC1,Ni_higher_than_Pr
SLC25A37,Non bivalent
NEFM,Ni_higher_than_Pr
DOCK5,Ni_higher_than_Pr
CDCA2,Non bivalent
PPP2R2A,Non bivalent
BNIP3L,Always_up
DPYSL2,Ni_higher_than_Pr
PTK2B,Non bivalent
EPHX2,Ni_higher_than_Pr
SCARA3,Non bivalent
ESCO2,Non bivalent
ELP3,Always_up
FZD3,Ni_higher_than_Pr
EXTL3,Non bivalent
HMBOX1,Non bivalent
LEPROTL1,Non bivalent
DCTN6,Non bivalent
RBPMS,Non bivalent
UBXN8,Ni_higher_than_Pr
WRN,Ni_higher_than_Pr
NRG1,Always_up
MAK16,Non bivalent
UNC5D,Ni_higher_than_Pr
ZNF703,Always_up
ERLIN2,Non bivalent
PROSC,Non bivalent
ADGRA2,Pr_higher_than_Ni
EIF4EBP1,Non bivalent
ASH2L,Non bivalent
BAG4,Non bivalent
DDHD2,Non bivalent
LETM2,Always_up
TACC1,Non bivalent
PLEKHA2,Always_up
HTRA4,Always_up
ADAM9,Non bivalent
ADAM18,Non bivalent
C8orf4,Non bivalent
GOLGA7,Non bivalent
GINS4,Non bivalent
GPAT4,Non bivalent
AP3M2,Non bivalent
IKBKB,Non bivalent
POLB,Non bivalent
VDAC3,Non bivalent
SMIM19,Non bivalent
HOOK3,Non bivalent
FNTA,Non bivalent
POMK,Ni_higher_than_Pr
HGSNAT,Non bivalent
LOC100287846,Non bivalent
SPIDR,Non bivalent
MCM4,Non bivalent
UBE2V2,Non bivalent
RGS20,Always_up
MRPL15,Non bivalent
SOX17,Always_up
XKR4,Non bivalent
TGS1,Non bivalent
LYN,Always_up
CHCHD7,Non bivalent
FAM110B,Always_up
UBXN2B,Non bivalent
SDCBP,Always_up
RAB2A,Non bivalent
CHD7,Always_up
YTHDF3,Non bivalent
BHLHE22,Always_up
MTFR1,Non bivalent
TRIM55,Non bivalent
RRS1,Non bivalent
ADHFE1,Non bivalent
C8orf44,Non bivalent
SGK3,Always_up
CSPP1,Non bivalent
PREX2,Ni_higher_than_Pr
SULF1,Always_up
LOC101926892,Non bivalent
XKR9,Non bivalent
TERF1,Non bivalent
RDH10,Always_up
TMEM70,Non bivalent
GDAP1,Ni_higher_than_Pr
CRISPLD1,Ni_higher_than_Pr
HNF4G,Non bivalent
ZFHX4,Always_up
PKIA,Ni_higher_than_Pr
ZC2HC1A,Non bivalent
STMN2,Always_up
ZBTB10,Non bivalent
FABP5,Non bivalent
CHMP4C,Non bivalent
LRRCC1,Ni_higher_than_Pr
E2F5,Non bivalent
CA13,Always_up
CA2,Non bivalent
ATP6V0D2,Non bivalent
WWP1,Non bivalent
CPNE3,Non bivalent
RIPK2,Ni_higher_than_Pr
OSGIN2,Non bivalent
DECR1,Non bivalent
NECAB1,Always_up
OTUD6B,Non bivalent
LRRC69,Non bivalent
SLC26A7,Non bivalent
FAM92A1,Non bivalent
TMEM67,Non bivalent
PDP1,Non bivalent
ESRP1,Non bivalent
DPY19L4,Non bivalent
INTS8,Non bivalent
NDUFAF6,Non bivalent
PLEKHF2,Pr_higher_than_Ni
PTDSS1,Non bivalent
SDC2,Ni_higher_than_Pr
CPQ,Always_up
MTDH,Non bivalent
LAPTM4B,Non bivalent
MATN2,Non bivalent
ERICH5,Pr_higher_than_Ni
POP1,Non bivalent
OSR2,Pr_higher_than_Ni
VPS13B,Non bivalent
POLR2K,Always_up
SPAG1,Non bivalent
GRHL2,Always_up
ATP6V1C1,Non bivalent
FZD6,Always_up
CTHRC1,Non bivalent
DCAF13,Non bivalent
RIMS2,Non bivalent
ZFPM2,Always_up
OXR1,Always_up
EMC2,Non bivalent
ENY2,Non bivalent
EBAG9,Non bivalent
UTP23,Non bivalent
AARD,Ni_higher_than_Pr
SLC30A8,Non bivalent
MED30,Always_up
MAL2,Always_up
DEPTOR,Always_up
COL14A1,Always_up
MTBP,Non bivalent
HAS2-AS1,Non bivalent
ZHX2,Always_up
TBC1D31,Non bivalent
WDYHV1,Always_up
FAM91A1,Non bivalent
TRMT12,Non bivalent
RNF139,Non bivalent
NDUFB9,Non bivalent
ZNF572,Non bivalent
SQLE,Non bivalent
NSMCE2,Non bivalent
TRIB1,Non bivalent
POU5F1B,Non bivalent
MYC,Non bivalent
PVT1,Non bivalent
EFR3A,Non bivalent
PHF20L1,Non bivalent
TG,Non bivalent
WISP1,Always_up
KHDRBS3,Non bivalent
CHRAC1,Non bivalent
DENND3,Always_up
LINC01300,Non bivalent
PTP4A3,Non bivalent
ADGRB1,Non bivalent
LY6K,Ni_higher_than_Pr
THEM6,Always_up
LY6E,Non bivalent
C8orf31,Non bivalent
ZFP41,Non bivalent
GLI4,Non bivalent
ZNF696,Non bivalent
RHPN1,Non bivalent
GSDMD,Non bivalent
TIGD5,Non bivalent
ZNF623,Non bivalent
ZNF707,Non bivalent
MAPK15,Non bivalent
GRINA,Non bivalent
EXOSC4,Non bivalent
GPAA1,Non bivalent
CYC1,Non bivalent
MAF1,Non bivalent
KIAA1875,Non bivalent
HGH1,Non bivalent
MROH1,Always_up
SCX,Non bivalent
HSF1,Non bivalent
SLC52A2,Non bivalent
ADCK5,Pr_higher_than_Ni
KIFC2,Non bivalent
PPP1R16A,Non bivalent
MFSD3,Non bivalent
LRRC14,Non bivalent
ZNF517,Non bivalent
ZNF7,Non bivalent
C8orf33,Non bivalent
RPL23AP53,Non bivalent
TDRP,Non bivalent
ERICH1,Non bivalent
CSMD1,Always_up
LOC100287015,Non bivalent
ANGPT2,Non bivalent
XKR5,Non bivalent
DEFB1,Non bivalent
DEFA6,Non bivalent
FAM66B,Non bivalent
SGK223,Non bivalent
MFHAS1,Non bivalent
PPP1R3B,Non bivalent
SOX7,Always_up
PINX1,Non bivalent
XKR6,Always_up
FAM167A,Always_up
CTSB,Non bivalent
FAM86B1,Non bivalent
LOC729732,Non bivalent
LONRF1,Non bivalent
DLC1,Non bivalent
CNOT7,Non bivalent
MTMR7,Ni_higher_than_Pr
MTUS1,Non bivalent
ASAH1,Non bivalent
PSD3,Always_up
CSGALNACT1,Non bivalent
LZTS1,Non bivalent
GFRA2,Always_up
NUDT18,Non bivalent
HR,Pr_higher_than_Ni
REEP4,Non bivalent
PHYHIP,Non bivalent
BIN3,Non bivalent
TNFRSF10B,Non bivalent
TNFRSF10D,Always_up
LOXL2,Always_up
ENTPD4,Always_up
NKX3-1,Pr_higher_than_Ni
STC1,Ni_higher_than_Pr
NEFL,Always_up
KCTD9,Non bivalent
EBF2,Always_up
PNMA2,Always_up
TRIM35,Non bivalent
CLU,Non bivalent
CCDC25,Non bivalent
PBK,Non bivalent
SCARA5,Non bivalent
ZNF395,Pr_higher_than_Ni
FBXO16,Non bivalent
INTS9,Non bivalent
KIF13B,Non bivalent
DUSP4,Ni_higher_than_Pr
SARAF,Non bivalent
GTF2E2,Non bivalent
GSR,Ni_higher_than_Pr
PPP2CB,Non bivalent
TEX15,Non bivalent
PURG,Ni_higher_than_Pr
FUT10,Non bivalent
TTI2,Non bivalent
RNF122,Non bivalent
LINC01605,Non bivalent
LOC728024,Non bivalent
BRF2,Non bivalent
RAB11FIP1,Non bivalent
ADRB3,Pr_higher_than_Ni
STAR,Non bivalent
LSM1,Non bivalent
PPAPDC1B,Non bivalent
WHSC1L1,Non bivalent
FGFR1,Non bivalent
RNF5P1,Non bivalent
TM2D2,Non bivalent
SFRP1,Ni_higher_than_Pr
ANK1,Always_up
KAT6A,Non bivalent
PLAT,Ni_higher_than_Pr
SLC20A2,Non bivalent
THAP1,Non bivalent
RNF170,Non bivalent
CEBPD,Pr_higher_than_Ni
PRKDC,Non bivalent
SNAI2,Always_up
PCMTD1,Non bivalent
RB1CC1,Non bivalent
ATP6V1H,Non bivalent
TCEA1,Non bivalent
LYPLA1,Non bivalent
TMEM68,Non bivalent
RPS20,Non bivalent
PLAG1,Non bivalent
IMPAD1,Non bivalent
NSMAF,Non bivalent
TOX,Always_up
CA8,Always_up
ASPH,Always_up
GGH,Non bivalent
YTHDF3-AS1,Non bivalent
CYP7B1,Always_up
ARMC1,Non bivalent
PDE7A,Non bivalent
CRH,Always_up
MYBL1,Non bivalent
VCPIP1,Non bivalent
SNHG6,Non bivalent
TCF24,Always_up
COPS5,Non bivalent
ARFGEF1,Non bivalent
SLCO5A1,Always_up
PRDM14,Always_up
NCOA2,Non bivalent
TRAM1,Non bivalent
LACTB2,Non bivalent
EYA1,Ni_higher_than_Pr
MSC,Always_up
TRPA1,Always_up
SBSPON,Always_up
RPL7,Always_up
STAU2,Non bivalent
UBE2W,Non bivalent
TCEB1,Non bivalent
JPH1,Ni_higher_than_Pr
CASC9,Non bivalent
ZFHX4-AS1,Always_up
PEX2,Non bivalent
HEY1,Always_up
MRPS28,Non bivalent
TPD52,Non bivalent
ZNF704,Always_up
PAG1,Always_up
IMPA1,Non bivalent
ZFAND1,Non bivalent
SNX16,Ni_higher_than_Pr
C8orf59,Non bivalent
RMDN1,Non bivalent
DCAF4L2,Non bivalent
MMP16,Ni_higher_than_Pr
LOC101929709,Ni_higher_than_Pr
NBN,Non bivalent
CALB1,Non bivalent
TMEM64,Non bivalent
C8orf88,Always_up
TMEM55A,Ni_higher_than_Pr
OTUD6B-AS1,Non bivalent
RUNX1T1,Always_up
TRIQK,Non bivalent
RBM12B,Non bivalent
CDH17,Non bivalent
GEM,Always_up
FSBP,Non bivalent
RAD54B,Non bivalent
KIAA1429,Non bivalent
LOC100288748,Pr_higher_than_Ni
CCNE2,Always_up
TP53INP1,Non bivalent
C8orf37,Non bivalent
GDF6,Always_up
UQCRB,Non bivalent
MTERF3,Non bivalent
TSPYL5,Ni_higher_than_Pr
RPL30,Non bivalent
HRSP12,Non bivalent
NIPAL2,Always_up
STK3,Non bivalent
COX6C,Non bivalent
FBXO43,Non bivalent
RNF19A,Non bivalent
ANKRD46,Non bivalent
PABPC1,Non bivalent
YWHAZ,Non bivalent
ZNF706,Non bivalent
NCALD,Always_up
RRM2B,Non bivalent
UBR5,Non bivalent
KLF10,Non bivalent
AZIN1,Non bivalent
SLC25A32,Non bivalent
LRP12,Ni_higher_than_Pr
ANGPT1,Always_up
RSPO2,Ni_higher_than_Pr
EIF3E,Non bivalent
TMEM74,Non bivalent
NUDCD1,Non bivalent
SYBU,Always_up
KCNV1,Always_up
TRPS1,Non bivalent
EIF3H,Always_up
RAD21,Non bivalent
EXT1,Non bivalent
SAMD12,Ni_higher_than_Pr
ENPP2,Ni_higher_than_Pr
TAF2,Non bivalent
DSCC1,Non bivalent
MRPL13,Non bivalent
SNTB1,Always_up
HAS2,Non bivalent
DERL1,Non bivalent
C8orf76,Non bivalent
ZHX1,Ni_higher_than_Pr
ZHX1-C8orf76,Ni_higher_than_Pr
ATAD2,Always_up
FBXO32,Always_up
TMEM65,Ni_higher_than_Pr
TATDN1,Non bivalent
MTSS1,Always_up
KIAA0196,Non bivalent
FAM84B,Non bivalent
LINC00824,Non bivalent
FAM49B,Non bivalent
ASAP1,Non bivalent
OC90,Non bivalent
HHLA1,Non bivalent
LRRC6,Ni_higher_than_Pr
NDRG1,Non bivalent
ST3GAL1,Non bivalent
ZFAT,Non bivalent
COL22A1,Always_up
KCNK9,Always_up
TRAPPC9,Non bivalent
AGO2,Non bivalent
PTK2,Non bivalent
SLC45A4,Non bivalent
TSNARE1,Non bivalent
ARC,Non bivalent
JRK,Non bivalent
LYNX1,Non bivalent
LY6H,Always_up
TOP1MT,Non bivalent
RHPN1-AS1,Non bivalent
MAFA,Pr_higher_than_Ni
ZC3H3,Non bivalent
MROH6,Non bivalent
NAPRT,Non bivalent
EEF1D,Non bivalent
PYCRL,Non bivalent
TSTA3,Non bivalent
SCRIB,Non bivalent
PUF60,Non bivalent
NRBP2,Non bivalent
EPPK1,Non bivalent
PLEC,Non bivalent
PARP10,Non bivalent
OPLAH,Non bivalent
SHARPIN,Non bivalent
BOP1,Non bivalent
DGAT1,Non bivalent
SCRT1,Non bivalent
TMEM249,Non bivalent
FBXL6,Non bivalent
CPSF1,Non bivalent
SLC39A4,Non bivalent
VPS28,Non bivalent
TONSL,Non bivalent
CYHR1,Pr_higher_than_Ni
FOXH1,Non bivalent
RECQL4,Non bivalent
LRRC24,Non bivalent
C8orf82,Non bivalent
ARHGAP39,Non bivalent
ZNF251,Non bivalent
ZNF34,Non bivalent
RPL8,Non bivalent
COMMD5,Non bivalent
ZNF250,Always_up
ZNF16,Non bivalent
ZNF252P,Non bivalent
DOCK8,Always_up
KANK1,Non bivalent
DMRT3,Pr_higher_than_Ni
SMARCA2,Pr_higher_than_Ni
VLDLR,Always_up
KCNV2,Ni_higher_than_Pr
SLC1A1,Ni_higher_than_Pr
PPAPDC2,Non bivalent
CDC37L1,Non bivalent
RCL1,Non bivalent
JAK2,Always_up
CD274,Always_up
RIC1,Non bivalent
UHRF2,Ni_higher_than_Pr
KDM4C,Non bivalent
TYRP1,Non bivalent
LURAP1L,Always_up
SNAPC3,Non bivalent
CCDC171,Non bivalent
CNTLN,Non bivalent
SH3GL2,Always_up
ADAMTSL1,Ni_higher_than_Pr
RRAGA,Non bivalent
DENND4C,Non bivalent
ACER2,Non bivalent
FOCAD,Non bivalent
MTAP,Always_up
IFT74,Non bivalent
TEK,Non bivalent
ACO1,Always_up
TOPORS-AS1,Non bivalent
DNAJA1,Non bivalent
B4GALT1-AS1,Always_up
CHMP5,Non bivalent
NFX1,Non bivalent
ANKRD18B,Ni_higher_than_Pr
ANXA2P2,Non bivalent
UBE2R2,Ni_higher_than_Pr
UBAP1,Non bivalent
NUDT2,Non bivalent
GALT,Non bivalent
IL11RA,Non bivalent
PHF24,Ni_higher_than_Pr
DNAJB5,Non bivalent
UNC13B,Non bivalent
ATP8B5P,Non bivalent
RUSC2,Non bivalent
TESK1,Non bivalent
CCDC107,Non bivalent
CA9,Non bivalent
CREB3,Non bivalent
RGP1,Non bivalent
NPR2,Ni_higher_than_Pr
TMEM8B,Non bivalent
RECK,Non bivalent
GLIPR2,Pr_higher_than_Ni
CLTA,Non bivalent
MELK,Non bivalent
EBLN3,Non bivalent
ZCCHC7,Non bivalent
GRHPR,Non bivalent
POLR1E,Non bivalent
TRMT10B,Non bivalent
DCAF10,Non bivalent
ALDH1B1,Non bivalent
FRG1HP,Ni_higher_than_Pr
LOC728673,Always_up
CBWD5,Always_up
ZNF658,Non bivalent
CNTNAP3P2,Ni_higher_than_Pr
CBWD3,Always_up
PGM5,Always_up
PIP5K1B,Always_up
FAM122A,Non bivalent
FXN,Non bivalent
TJP2,Non bivalent
FAM189A2,Always_up
C9orf135,Always_up
MAMDC2,Non bivalent
SMC5,Non bivalent
C9orf85,Non bivalent
GDA,Always_up
TMC1,Non bivalent
ANXA1,Non bivalent
OSTF1,Non bivalent
PCSK5,Non bivalent
RPSAP9,Non bivalent
GCNT1,Non bivalent
VPS13A,Non bivalent
CEP78,Non bivalent
PSAT1,Non bivalent
TLE4,Non bivalent
IDNK,Non bivalent
RMI1,Non bivalent
NTRK2,Always_up
LOC389765,Always_up
NAA35,Non bivalent
DAPK1,Non bivalent
CTSL,Non bivalent
SPIN1,Non bivalent
C9orf47,Non bivalent
S1PR3,Non bivalent
CKS2,Non bivalent
SECISBP2,Non bivalent
GADD45G,Pr_higher_than_Ni
SYK,Pr_higher_than_Ni
CENPP,Non bivalent
LOC100128361,Non bivalent
ANKRD19P,Pr_higher_than_Ni
FGD3,Non bivalent
SUSD3,Non bivalent
C9orf89,Non bivalent
WNK2,Non bivalent
FAM120A,Ni_higher_than_Pr
PHF2,Pr_higher_than_Ni
PTPDC1,Always_up
ZNF169,Non bivalent
LOC100132077,Non bivalent
HIATL1,Non bivalent
C9orf3,Non bivalent
ERCC6L2,Non bivalent
HABP4,Always_up
LOC441455,Non bivalent
NUTM2G,Non bivalent
LOC100499484,Non bivalent
CCDC180,Ni_higher_than_Pr
TDRD7,Always_up
TMOD1,Pr_higher_than_Ni
NCBP1,Non bivalent
FOXE1,Always_up
ANP32B,Always_up
NANS,Non bivalent
GALNT12,Always_up
COL15A1,Ni_higher_than_Pr
TGFBR1,Always_up
SEC61B,Non bivalent
NR4A3,Always_up
STX17,Non bivalent
INVS,Non bivalent
MSANTD3,Non bivalent
MSANTD3-TMEFF1,Non bivalent
TMEFF1,Non bivalent
MURC,Non bivalent
ZNF189,Non bivalent
RNF20,Non bivalent
SMC2,Non bivalent
NIPSNAP3A,Non bivalent
NIPSNAP3B,Non bivalent
SLC44A1,Non bivalent
FSD1L,Non bivalent
RALGAPA1P,Ni_higher_than_Pr
FKTN,Non bivalent
TMEM38B,Pr_higher_than_Ni
ZNF462,Non bivalent
RAD23B,Non bivalent
FAM206A,Non bivalent
PALM2,Always_up
PALM2-AKAP2,Ni_higher_than_Pr
AKAP2,Always_up
ZNF483,Non bivalent
DNAJC25,Non bivalent
GNG10,Pr_higher_than_Ni
UGCG,Non bivalent
HSDL2,Non bivalent
KIAA1958,Non bivalent
SNX30,Non bivalent
FAM225A,Always_up
SLC31A2,Non bivalent
SLC31A1,Non bivalent
PRPF4,Non bivalent
BSPRY,Pr_higher_than_Ni
C9orf43,Non bivalent
RGS3,Non bivalent
ZNF618,Non bivalent
COL27A1,Non bivalent
ATP6V1G1,Non bivalent
C9orf91,Non bivalent
PAPPA,Ni_higher_than_Pr
TRIM32,Non bivalent
TLR4,Non bivalent
LOC100288842,Non bivalent
PSMD5-AS1,Non bivalent
CNTRL,Non bivalent
GSN,Ni_higher_than_Pr
DAB2IP,Non bivalent
MRRF,Non bivalent
PTGS1,Always_up
RABGAP1,Non bivalent
CRB2,Non bivalent
LHX2,Always_up
NEK6,Non bivalent
LOC100129034,Non bivalent
OLFML2A,Non bivalent
ARPC5L,Non bivalent
RABEPK,Non bivalent
GAPVD1,Non bivalent
PBX3,Ni_higher_than_Pr
MVB12B,Non bivalent
LMX1B,Always_up
ZBTB43,Non bivalent
ZBTB34,Non bivalent
RALGPS1,Non bivalent
GARNL3,Non bivalent
SLC2A8,Non bivalent
ZNF79,Non bivalent
LRSAM1,Non bivalent
STXBP1,Non bivalent
CDK9,Non bivalent
FPGS,Non bivalent
SLC25A25,Non bivalent
C9orf16,Non bivalent
DNM1,Ni_higher_than_Pr
SWI5,Non bivalent
COQ4,Non bivalent
SLC27A4,Non bivalent
URM1,Non bivalent
CERCAM,Non bivalent
ODF2,Non bivalent
GLE1,Non bivalent
SPTAN1,Non bivalent
SET,Non bivalent
PKN3,Non bivalent
LOC100506100,Non bivalent
TBC1D13,Non bivalent
ENDOG,Non bivalent
LRRC8A,Non bivalent
PHYHD1,Non bivalent
NUP188,Non bivalent
FAM73B,Non bivalent
DOLPP1,Non bivalent
PPP2R4,Non bivalent
LINC01503,Non bivalent
LINC00963,Non bivalent
NTMT1,Non bivalent
PRRX2,Non bivalent
TOR1B,Non bivalent
USP20,Non bivalent
GPR107,Non bivalent
NCS1,Non bivalent
HMCN2,Always_up
ASS1,Non bivalent
FUBP3,Non bivalent
EXOSC2,Non bivalent
ABL1,Non bivalent
LAMC3,Non bivalent
AIF1L,Non bivalent
NUP214,Non bivalent
PPAPDC3,Non bivalent
PRRC2B,Non bivalent
POMT1,Non bivalent
GTF3C4,Non bivalent
C9orf9,Non bivalent
GTF3C5,Non bivalent
CEL,Non bivalent
RPL7A,Non bivalent
SURF2,Non bivalent
ADAMTS13,Non bivalent
CACFD1,Non bivalent
ADAMTSL2,Non bivalent
LINC00094,Non bivalent
WDR5,Non bivalent
RXRA,Non bivalent
COL5A1,Non bivalent
OLFM1,Always_up
PPP1R26,Non bivalent
MRPS2,Non bivalent
KCNT1,Non bivalent
GPSM1,Non bivalent
PMPCA,Non bivalent
EGFL7,Non bivalent
FAM69B,Non bivalent
TMEM141,Non bivalent
CCDC183,Non bivalent
RABL6,Non bivalent
C9orf172,Non bivalent
PHPT1,Non bivalent
MAMDC4,Non bivalent
TRAF2,Non bivalent
C9orf142,Non bivalent
UAP1L1,Always_up
MAN1B1,Non bivalent
GRIN1,Pr_higher_than_Ni
SSNA1,Non bivalent
NDOR1,Non bivalent
CYSRT1,Non bivalent
TUBB4B,Non bivalent
NELFB,Non bivalent
TOR4A,Non bivalent
MRPL41,Non bivalent
ARRDC1,Non bivalent
EHMT1,Non bivalent
CACNA1B,Always_up
TUBBP5,Non bivalent
FAM157B,Non bivalent
WASH1,Always_up
CBWD1,Non bivalent
KIAA0020,Non bivalent
RFX3,Non bivalent
GLIS3,Always_up
AK3,Non bivalent
PLGRKT,Non bivalent
ERMP1,Ni_higher_than_Pr
KIAA2026,Non bivalent
RANBP6,Ni_higher_than_Pr
GLDC,Non bivalent
TMEM261,Non bivalent
PTPRD,Ni_higher_than_Pr
MPDZ,Non bivalent
NFIB,Always_up
ZDHHC21,Non bivalent
CER1,Always_up
FREM1,Always_up
TTC39B,Always_up
PSIP1,Non bivalent
BNC2,Pr_higher_than_Ni
HAUS6,Non bivalent
PLIN2,Non bivalent
RPS6,Non bivalent
MLLT3,Always_up
HACD4,Non bivalent
KLHL9,Ni_higher_than_Pr
CDKN2A,Pr_higher_than_Ni
CDKN2B,Always_up
ELAVL2,Always_up
TUSC1,Non bivalent
CAAP1,Non bivalent
PLAA,Non bivalent
MOB3B,Non bivalent
C9orf72,Always_up
LINGO2,Always_up
DDX58,Ni_higher_than_Pr
TOPORS,Non bivalent
NDUFB6,Non bivalent
TAF1L,Ni_higher_than_Pr
APTX,Non bivalent
SMU1,Non bivalent
B4GALT1,Always_up
BAG1,Non bivalent
AQP3,Non bivalent
NOL6,Non bivalent
PTENP1,Ni_higher_than_Pr
UBAP2,Non bivalent
DCAF12,Non bivalent
KIF24,Non bivalent
KIAA1161,Non bivalent
FAM219A,Non bivalent
ENHO,Ni_higher_than_Pr
CNTFR,Always_up
RPP25L,Non bivalent
DCTN3,Non bivalent
SIGMAR1,Non bivalent
VCP,Non bivalent
FANCG,Non bivalent
PIGO,Non bivalent
STOML2,Non bivalent
FAM214B,Non bivalent
RMRP,Non bivalent
ARHGEF39,Non bivalent
TPM2,Non bivalent
TLN1,Non bivalent
GBA2,Non bivalent
HINT2,Non bivalent
GNE,Non bivalent
RNF38,Non bivalent
PAX5,Pr_higher_than_Ni
ZBTB5,Non bivalent
FBXO10,Non bivalent
TOMM5,Non bivalent
EXOSC3,Non bivalent
SLC25A51,Non bivalent
SHB,Non bivalent
IGFBPL1,Ni_higher_than_Pr
CNTNAP3,Non bivalent
ZNF658B,Non bivalent
GLIDR,Ni_higher_than_Pr
KGFLP2,Always_up
CBWD6,Always_up
LOC554249,Always_up
FRG1JP,Always_up
FAM27E3,Non bivalent
FAM27B,Always_up
APBA1,Always_up
PTAR1,Non bivalent
KLF9,Always_up
TMEM2,Non bivalent
ABHD17B,Non bivalent
ZFAND5,Non bivalent
ALDH1A1,Non bivalent
TRPM6,Always_up
C9orf40,Non bivalent
CARNMT1,Non bivalent
NMRK1,Non bivalent
RFK,Non bivalent
PRUNE2,Pr_higher_than_Ni
GNAQ,Non bivalent
TLE1,Always_up
FRMD3,Ni_higher_than_Pr
UBQLN1,Non bivalent
GKAP1,Always_up
KIF27,Non bivalent
C9orf64,Non bivalent
HNRNPK,Non bivalent
SLC28A3,Non bivalent
AGTPBP1,Non bivalent
GOLM1,Always_up
ISCA1,Non bivalent
ZCCHC6,Non bivalent
GAS1,Non bivalent
LOC440173,Non bivalent
CDK20,Non bivalent
SHC3,Ni_higher_than_Pr
SEMA4D,Non bivalent
LINC01508,Always_up
AUH,Non bivalent
NFIL3,Always_up
ROR2,Always_up
SPTLC1,Non bivalent
IARS,Non bivalent
NOL8,Non bivalent
OMD,Non bivalent
ASPN,Non bivalent
IPPK,Non bivalent
BICD2,Non bivalent
ZNF484,Non bivalent
NINJ1,Non bivalent
C9orf129,Non bivalent
FAM120AOS,Ni_higher_than_Pr
BARX1,Always_up
FBP1,Always_up
FANCC,Non bivalent
PTCH1,Pr_higher_than_Ni
LINC00476,Non bivalent
LINC00092,Always_up
SLC35D2,Non bivalent
ZNF367,Non bivalent
CDC14B,Always_up
AAED1,Non bivalent
ZNF510,Non bivalent
ZNF782,Non bivalent
HIATL2,Non bivalent
CTSV,Non bivalent
TSTD2,Non bivalent
XPA,Always_up
C9orf156,Always_up
TRIM14,Non bivalent
CORO2A,Non bivalent
TBC1D2,Non bivalent
GABBR2,Always_up
ANKS6,Always_up
ALG2,Non bivalent
ERP44,Non bivalent
TEX10,Non bivalent
MRPL50,Non bivalent
TMEM246,Ni_higher_than_Pr
ABCA1,Non bivalent
KLF4,Pr_higher_than_Ni
IKBKAP,Non bivalent
CTNNAL1,Non bivalent
TMEM245,Non bivalent
EPB41L4B,Non bivalent
PTPN3,Always_up
TXN,Non bivalent
SVEP1,Always_up
LPAR1,Ni_higher_than_Pr
KIAA0368,Non bivalent
PTGR1,Non bivalent
C9orf84,Non bivalent
SUSD1,Non bivalent
PTBP3,Non bivalent
INIP,Non bivalent
ZNF883,Always_up
ZFP37,Always_up
FAM225B,Always_up
FKBP15,Non bivalent
CDC26,Non bivalent
RNF183,Non bivalent
WDR31,Non bivalent
HDHD3,Non bivalent
ALAD,Non bivalent
POLE3,Non bivalent
KIF12,Non bivalent
AKNA,Non bivalent
DFNB31,Non bivalent
TNFSF15,Non bivalent
TNFSF8,Non bivalent
TNC,Always_up
ASTN2,Always_up
BRINP1,Always_up
CDK5RAP2,Non bivalent
MEGF9,Always_up
FBXW2,Non bivalent
PSMD5,Non bivalent
PHF19,Non bivalent
TRAF1,Non bivalent
C5,Non bivalent
RAB14,Non bivalent
STOM,Non bivalent
TTLL11,Always_up
NDUFA8,Non bivalent
LHX6,Always_up
RBM18,Non bivalent
PDCL,Non bivalent
RC3H2,Non bivalent
ZBTB6,Non bivalent
ZBTB26,Non bivalent
MIR600HG,Non bivalent
STRBP,Non bivalent
DENND1A,Ni_higher_than_Pr
PSMB7,Non bivalent
NR6A1,Always_up
RPL35,Non bivalent
GOLGA1,Non bivalent
SCAI,Non bivalent
PPP6C,Ni_higher_than_Pr
HSPA5,Non bivalent
MAPKAP1,Non bivalent
ANGPTL2,Non bivalent
RPL12,Non bivalent
FAM129B,Ni_higher_than_Pr
PTRH1,Non bivalent
TOR2A,Non bivalent
SH2D3C,Non bivalent
ENG,Non bivalent
AK1,Non bivalent
ST6GALNAC6,Non bivalent
ST6GALNAC4,Non bivalent
DPM2,Non bivalent
FAM102A,Non bivalent
NAIF1,Non bivalent
SLC25A25-AS1,Non bivalent
PTGES2,Non bivalent
CIZ1,Non bivalent
GOLGA2,Non bivalent
TRUB2,Non bivalent
WDR34,Non bivalent
ZDHHC12,Non bivalent
ZER1,Non bivalent
C9orf114,Non bivalent
CCBL1,Non bivalent
DOLK,Non bivalent
SH3GLB2,Non bivalent
CRAT,Non bivalent
IER5L,Non bivalent
ASB6,Non bivalent
PTGES,Non bivalent
TOR1A,Non bivalent
C9orf78,Non bivalent
FNBP1,Non bivalent
FIBCD1,Always_up
FAM78A,Non bivalent
UCK1,Non bivalent
RAPGEF1,Non bivalent
MED27,Non bivalent
SETX,Non bivalent
TTF1,Non bivalent
DDX31,Non bivalent
AK8,Non bivalent
TSC1,Non bivalent
RALGDS,Non bivalent
GBGT1,Non bivalent
ABO,Always_up
SURF6,Non bivalent
MED22,Non bivalent
SURF1,Non bivalent
SURF4,Non bivalent
REXO4,Non bivalent
SLC2A6,Non bivalent
FAM163B,Non bivalent
SARDH,Non bivalent
VAV2,Non bivalent
BRD3,Non bivalent
PPP1R26-AS1,Non bivalent
C9orf116,Non bivalent
CAMSAP1,Non bivalent
UBAC1,Non bivalent
NACC2,Non bivalent
C9orf69,Non bivalent
QSOX2,Non bivalent
DNLZ,Non bivalent
CARD9,Non bivalent
SNAPC4,Non bivalent
SDCCAG3,Non bivalent
INPP5E,Non bivalent
SEC16A,Non bivalent
NOTCH1,Non bivalent
AGPAT2,Non bivalent
SNHG7,Non bivalent
LCN10,Non bivalent
CCDC183-AS1,Non bivalent
EDF1,Non bivalent
FBXW5,Non bivalent
ABCA2,Non bivalent
NPDC1,Non bivalent
ENTPD2,Non bivalent
SAPCD2,Non bivalent
DPP7,Non bivalent
LRRC26,Always_up
ANAPC2,Non bivalent
TPRN,Non bivalent
TMEM203,Non bivalent
RNF208,Non bivalent
NRARP,Non bivalent
EXD3,Non bivalent
ENTPD8,Non bivalent
NSMF,Non bivalent
PNPLA7,Non bivalent
DPH7,Non bivalent
ZMYND19,Non bivalent
ARRDC1-AS1,Non bivalent
ZMYND11,Always_up
GTPBP4,Non bivalent
WDR37,Non bivalent
PFKP,Non bivalent
PITRM1-AS1,Non bivalent
NET1,Non bivalent
FAM208B,Always_up
FBXO18,Non bivalent
RBM17,Non bivalent
PFKFB3,Ni_higher_than_Pr
PRKCQ-AS1,Always_up
ATP5C1,Non bivalent
TAF3,Ni_higher_than_Pr
GATA3,Pr_higher_than_Ni
CELF2,Ni_higher_than_Pr
ECHDC3,Non bivalent
PROSER2,Non bivalent
DHTKD1,Non bivalent
SEC61A2,Non bivalent
CDC123,Non bivalent
CAMK1D,Always_up
OPTN,Non bivalent
MCM10,Non bivalent
PRPF18,Non bivalent
HSPA14,Non bivalent
SUV39H2,Non bivalent
OLAH,Non bivalent
RPP38,Non bivalent
PTER,Non bivalent
VIM,Ni_higher_than_Pr
ST8SIA6-AS1,Non bivalent
STAM,Non bivalent
CACNB2,Always_up
ARL5B,Non bivalent
PLXDC2,Ni_higher_than_Pr
MLLT10,Non bivalent
COMMD3,Pr_higher_than_Ni
COMMD3-BMI1,Pr_higher_than_Ni
BMI1,Pr_higher_than_Ni
SPAG6,Always_up
MSRB2,Non bivalent
OTUD1,Non bivalent
KIAA1217,Non bivalent
THNSL1,Non bivalent
MYO3A,Always_up
GAD2,Always_up
APBB1IP,Pr_higher_than_Ni
PDSS1,Non bivalent
MASTL,Non bivalent
RAB18,Non bivalent
WAC,Non bivalent
BAMBI,Pr_higher_than_Ni
SVIL-AS1,Always_up
MAP3K8,Non bivalent
ZEB1,Always_up
CCDC7,Non bivalent
CREM,Non bivalent
CCNY,Non bivalent
ZNF33A,Non bivalent
ZNF37A,Non bivalent
HSD17B7P2,Always_up
LINC00999,Non bivalent
LINC00839,Non bivalent
BMS1,Non bivalent
RET,Always_up
CSGALNACT2,Non bivalent
FXYD4,Non bivalent
ZNF487,Non bivalent
ZNF485,Always_up
RASSF4,Non bivalent
ZNF22,Non bivalent
ALOX5,Always_up
FAM21C,Non bivalent
TIMM23,Non bivalent
AGAP7P,Always_up
ANXA8L1,Non bivalent
LINC00842,Non bivalent
HNRNPA1P33,Non bivalent
SYT15,Always_up
BMS1P5,Non bivalent
PTPN20,Always_up
GDF10,Always_up
FAM35DP,Non bivalent
MAPK8,Always_up
SLC18A3,Always_up
TIMM23B,Non bivalent
AGAP6,Non bivalent
FAM21A,Non bivalent
SGMS1-AS1,Non bivalent
ASAH2B,Non bivalent
PRKG1,Always_up
DKK1,Always_up
CISD1,Non bivalent
UBE2D1,Non bivalent
TFAM,Non bivalent
BICC1,Always_up
CDK1,Non bivalent
ARID5B,Pr_higher_than_Ni
ZNF365,Always_up
ADO,Non bivalent
NRBF2,Non bivalent
JMJD1C-AS1,Non bivalent
REEP3,Non bivalent
LRRTM3,Always_up
SIRT1,Non bivalent
HNRNPH3,Non bivalent
TET1,Non bivalent
CCAR1,Non bivalent
STOX1,Ni_higher_than_Pr
DDX50,Non bivalent
DDX21,Non bivalent
KIAA1279,Non bivalent
VPS26A,Non bivalent
SUPV3L1,Non bivalent
HK1,Non bivalent
TSPAN15,Ni_higher_than_Pr
C10orf35,Non bivalent
COL13A1,Ni_higher_than_Pr
H2AFY2,Pr_higher_than_Ni
EIF4EBP2,Non bivalent
PALD1,Non bivalent
ADAMTS14,Always_up
SGPL1,Non bivalent
UNC5B,Always_up
SLC29A3,Non bivalent
CDH23,Always_up
CHST3,Non bivalent
ANAPC16,Non bivalent
DDIT4,Non bivalent
MCU,Non bivalent
NUDT13,Non bivalent
FAM149B1,Non bivalent
PPP3CB-AS1,Non bivalent
GLUD1P3,Non bivalent
SEC24C,Non bivalent
FUT11,Non bivalent
CHCHD1,Non bivalent
ZSWIM8,Non bivalent
PLAU,Non bivalent
VCL,Non bivalent
ADK,Non bivalent
KAT6B,Non bivalent
SAMD8,Non bivalent
VDAC2,Non bivalent
ZNF503-AS2,Non bivalent
C10orf11,Always_up
DLG5-AS1,Non bivalent
RPS24,Non bivalent
ZMIZ1,Non bivalent
PPIF,Non bivalent
EIF5AL1,Non bivalent
NUTM2B,Non bivalent
LOC642361,Non bivalent
MBL1P,Non bivalent
TMEM254,Non bivalent
PLAC9,Non bivalent
LINC00857,Pr_higher_than_Ni
FAM213A,Non bivalent
TSPAN14,Non bivalent
GHITM,Non bivalent
CDHR1,Always_up
LINC00858,Non bivalent
CCSER2,Non bivalent
LDB3,Non bivalent
BMPR1A,Non bivalent
SNCG,Non bivalent
FAM35A,Non bivalent
NUTM2A,Non bivalent
LOC439994,Non bivalent
NUTM2D,Non bivalent
MINPP1,Non bivalent
PAPSS2,Non bivalent
PTEN,Non bivalent
STAMBPL1,Ni_higher_than_Pr
FAS,Ni_higher_than_Pr
IFIT3,Ni_higher_than_Pr
IFIT1,Non bivalent
IFIT5,Non bivalent
KIF20B,Non bivalent
RPP30,Ni_higher_than_Pr
PCGF5,Always_up
HECTD2,Ni_higher_than_Pr
TNKS2,Non bivalent
BTAF1,Non bivalent
MARCH5,Non bivalent
KIF11,Non bivalent
HHEX,Pr_higher_than_Ni
EXOC6,Always_up
CYP26A1,Always_up
CEP55,Non bivalent
SLC35G1,Always_up
PLCE1,Pr_higher_than_Ni
TBC1D12,Non bivalent
HELLS,Non bivalent
CYP2C18,Non bivalent
ENTPD1,Non bivalent
CCNJ,Always_up
ZNF518A,Non bivalent
DNTT,Non bivalent
RPL13AP5,Non bivalent
LCOR,Non bivalent
C10orf12,Non bivalent
FRAT1,Non bivalent
PGAM1,Non bivalent
ZDHHC16,Non bivalent
UBTD1,Non bivalent
ANKRD2,Non bivalent
PI4K2A,Non bivalent
MARVELD1,Non bivalent
ZFYVE27,Always_up
GOLGA7B,Non bivalent
R3HCC1L,Non bivalent
CNNM1,Always_up
ENTPD7,Non bivalent
CUTC,Non bivalent
ABCC2,Non bivalent
SCD,Non bivalent
OLMALINC,Non bivalent
HIF1AN,Non bivalent
PAX2,Always_up
SLF2,Non bivalent
SEMA4G,Non bivalent
C10orf2,Non bivalent
LZTS2,Non bivalent
SFXN3,Non bivalent
KAZALD1,Non bivalent
TLX1,Pr_higher_than_Ni
BTRC,Non bivalent
DPCD,Non bivalent
HPS6,Pr_higher_than_Ni
PPRC1,Non bivalent
NOLC1,Non bivalent
GBF1,Non bivalent
NFKB2,Non bivalent
FBXL15,Non bivalent
RPARP-AS1,Non bivalent
TMEM180,Non bivalent
SUFU,Non bivalent
TRIM8,Non bivalent
SFXN2,Non bivalent
WBP1L,Non bivalent
C10orf32,Non bivalent
C10orf32-ASMT,Non bivalent
AS3MT,Non bivalent
CNNM2,Non bivalent
INA,Pr_higher_than_Ni
TAF5,Non bivalent
PDCD11,Non bivalent
NEURL1,Always_up
SLK,Non bivalent
SFR1,Non bivalent
GSTO1,Non bivalent
GSTO2,Non bivalent
ADD3,Non bivalent
MXI1,Non bivalent
DUSP5,Ni_higher_than_Pr
SMC3,Ni_higher_than_Pr
RBM20,Always_up
PDCD4,Ni_higher_than_Pr
SHOC2,Non bivalent
ADRA2A,Always_up
VTI1A,Non bivalent
LOC103344931,Non bivalent
TCF7L2,Ni_higher_than_Pr
HABP2,Non bivalent
CASP7,Ni_higher_than_Pr
NHLRC2,Non bivalent
TDRD1,Non bivalent
FAM160B1,Non bivalent
TRUB1,Non bivalent
ATRNL1,Always_up
EMX2,Always_up
CASC2,Non bivalent
NANOS1,Non bivalent
FAM45A,Non bivalent
GRK5,Always_up
BAG3,Non bivalent
INPP5F,Non bivalent
SEC23IP,Non bivalent
WDR11,Non bivalent
TACC2,Non bivalent
PLEKHA1,Always_up
HTRA1,Always_up
PSTK,Non bivalent
ACADSB,Non bivalent
BUB3,Always_up
LHPP,Non bivalent
FAM175B,Non bivalent
ZRANB1,Non bivalent
EDRF1,Non bivalent
BCCIP,Non bivalent
DOCK1,Non bivalent
PTPRE,Non bivalent
MGMT,Non bivalent
GLRX3,Non bivalent
PPP2R2D,Non bivalent
DPYSL4,Always_up
LRRC27,Non bivalent
PWWP2B,Non bivalent
INPP5A,Non bivalent
ADGRA1,Always_up
KNDC1,Non bivalent
UTF1,Always_up
VENTX,Non bivalent
ZNF511,Non bivalent
PRAP1,Non bivalent
PAOX,Non bivalent
MTG1,Non bivalent
CYP2E1,Non bivalent
DIP2C,Non bivalent
LARP4B,Non bivalent
IDI1,Non bivalent
PITRM1,Non bivalent
KLF6,Non bivalent
ASB13,Non bivalent
GDI2,Non bivalent
ANKRD16,Non bivalent
PRKCQ,Pr_higher_than_Ni
SFMBT2,Pr_higher_than_Ni
ITIH5,Always_up
KIN,Non bivalent
GATA3-AS1,Pr_higher_than_Ni
USP6NL,Non bivalent
PROSER2-AS1,Always_up
UPF2,Non bivalent
NUDT5,Non bivalent
CCDC3,Pr_higher_than_Ni
PHYH,Non bivalent
SEPHS1,Non bivalent
BEND7,Non bivalent
FRMD4A,Non bivalent
FAM107B,Non bivalent
DCLRE1C,Non bivalent
ACBD7,Non bivalent
NMT2,Always_up
FAM171A1,Non bivalent
ITGA8,Always_up
FAM188A,Always_up
C1QL3,Always_up
RSU1,Non bivalent
TRDMT1,Always_up
VIM-AS1,Ni_higher_than_Pr
HACD1,Non bivalent
NSUN6,Non bivalent
NEBL,Non bivalent
CASC10,Always_up
SKIDA1,Non bivalent
DNAJC1,Non bivalent
LOC100499489,Always_up
PIP4K2A,Non bivalent
ARHGAP21,Non bivalent
PRTFDC1,Non bivalent
ABI1,Non bivalent
LINC00202-1,Non bivalent
ANKRD26,Non bivalent
YME1L1,Non bivalent
ACBD5,Non bivalent
LRRC37A6P,Non bivalent
MKX,Always_up
MPP7,Non bivalent
WAC-AS1,Non bivalent
SVIL,Always_up
KIAA1462,Ni_higher_than_Pr
MTPAP,Non bivalent
ZNF438,Always_up
ZEB1-AS1,Ni_higher_than_Pr
ARHGAP12,Non bivalent
KIF5B,Non bivalent
EPC1,Non bivalent
ITGB1,Non bivalent
NRP1,Always_up
PARD3,Non bivalent
CUL2,Non bivalent
FZD8,Non bivalent
ZNF248,Non bivalent
LOC441666,Non bivalent
ZNF37BP,Non bivalent
ZNF33B,Non bivalent
RASGEF1A,Always_up
HNRNPF,Ni_higher_than_Pr
ZNF239,Always_up
ZNF32,Always_up
CXCL12,Pr_higher_than_Ni
C10orf10,Non bivalent
C10orf25,Always_up
MARCH8,Non bivalent
ZFAND4,Non bivalent
AGAP4,Non bivalent
PARGP1,Non bivalent
NCOA4,Non bivalent
ZNF488,Always_up
ANXA8,Non bivalent
AGAP9,Non bivalent
BMS1P6,Non bivalent
CTGLF12P,Non bivalent
ARHGAP22,Always_up
VSTM4,Ni_higher_than_Pr
PGBD3,Non bivalent
ERCC6,Non bivalent
ERCC6-PGBD3,Non bivalent
OGDHL,Always_up
PARG,Non bivalent
ASAH2,Non bivalent
SGMS1,Non bivalent
CSTF2T,Non bivalent
PCDH15,Non bivalent
ZWINT,Non bivalent
IPMK,Non bivalent
SLC16A9,Always_up
CCDC6,Non bivalent
ANK3,Non bivalent
RHOBTB1,Always_up
RTKN2,Non bivalent
JMJD1C,Non bivalent
HERC4,Non bivalent
PBLD,Non bivalent
RUFY2,Non bivalent
DNA2,Non bivalent
SLC25A16,Non bivalent
AIFM2,Non bivalent
TYSND1,Non bivalent
SAR1A,Non bivalent
PPA1,Non bivalent
LRRC20,Non bivalent
NODAL,Pr_higher_than_Ni
PRF1,Non bivalent
PCBD1,Non bivalent
UNC5B-AS1,Non bivalent
C10orf54,Non bivalent
PSAP,Non bivalent
SPOCK2,Always_up
ASCC1,Non bivalent
DNAJB12,Non bivalent
MICU1,Non bivalent
P4HA1,Non bivalent
ECD,Non bivalent
DNAJC9,Non bivalent
MRPS16,Non bivalent
ANXA7,Non bivalent
MSS51,Non bivalent
PPP3CB,Non bivalent
USP54,Non bivalent
MYOZ1,Non bivalent
SYNPO2L,Non bivalent
AGAP5,Non bivalent
BMS1P4,Non bivalent
ZSWIM8-AS1,Non bivalent
NDST2,Non bivalent
CAMK2G,Non bivalent
AP3M1,Non bivalent
DUSP13,Non bivalent
COMTD1,Non bivalent
ZNF503,Non bivalent
KCNMA1,Always_up
POLR3A,Non bivalent
ZCCHC24,Non bivalent
NUTM2B-AS1,Non bivalent
SFTPD,Non bivalent
TMEM254-AS1,Non bivalent
ANXA11,Non bivalent
GRID1,Always_up
WAPL,Non bivalent
MMRN2,Non bivalent
GLUD1,Non bivalent
NUTM2A-AS1,Non bivalent
ATAD1,Non bivalent
RNLS,Ni_higher_than_Pr
ACTA2,Ni_higher_than_Pr
LIPA,Non bivalent
SLC16A12,Always_up
PANK1,Non bivalent
HTR7,Always_up
ANKRD1,Non bivalent
PPP1R3C,Always_up
FGFBP3,Ni_higher_than_Pr
CPEB3,Non bivalent
IDE,Non bivalent
MYOF,Non bivalent
RBP4,Always_up
FRA10AC1,Non bivalent
PIPSL,Non bivalent
NOC3L,Non bivalent
CYP2C8,Non bivalent
PDLIM1,Non bivalent
SORBS1,Non bivalent
ALDH18A1,Non bivalent
TCTN3,Non bivalent
ENTPD1-AS1,Ni_higher_than_Pr
TLL2,Non bivalent
TM9SF3,Non bivalent
PIK3AP1,Non bivalent
ARHGAP19,Non bivalent
ARHGAP19-SLIT1,Non bivalent
FRAT2,Pr_higher_than_Ni
RRP12,Non bivalent
EXOSC1,Non bivalent
MMS19,Non bivalent
MORN4,Non bivalent
AVPI1,Non bivalent
SFRP5,Always_up
CRTAC1,Always_up
LOXL4,Non bivalent
PYROXD2,Non bivalent
HPS1,Non bivalent
HPSE2,Pr_higher_than_Ni
GOT1,Non bivalent
SLC25A28,Non bivalent
COX15,Non bivalent
DNMBP,Non bivalent
ERLIN1,Non bivalent
CHUK,Non bivalent
CWF19L1,Non bivalent
BLOC1S2,Non bivalent
SEC31B,Non bivalent
NDUFB8,Non bivalent
MRPL43,Non bivalent
LBX1,Always_up
POLL,Non bivalent
FBXW4,Non bivalent
FGF8,Pr_higher_than_Ni
NPM3,Ni_higher_than_Pr
MGEA5,Non bivalent
KCNIP2,Non bivalent
C10orf76,Non bivalent
LDB1,Non bivalent
PSD,Non bivalent
CUEDC2,Non bivalent
C10orf95,Non bivalent
ACTR1A,Non bivalent
ARL3,Non bivalent
NT5C2,Non bivalent
PCGF6,Non bivalent
USMG5,Non bivalent
CALHM2,Non bivalent
SH3PXD2A,Always_up
OBFC1,Non bivalent
COL17A1,Non bivalent
ITPRIP,Non bivalent
SORCS1,Ni_higher_than_Pr
XPNPEP1,Always_up
SMNDC1,Non bivalent
PDCD4-AS1,Non bivalent
BBIP1,Non bivalent
GPAM,Non bivalent
ZDHHC6,Non bivalent
DCLRE1A,Non bivalent
CCDC186,Always_up
AFAP1L2,Always_up
ABLIM1,Non bivalent
GFRA1,Always_up
C10orf82,Ni_higher_than_Pr
HSPA12A,Always_up
SHTN1,Non bivalent
VAX1,Always_up
PDZD8,Non bivalent
RAB11FIP2,Non bivalent
FAM204A,Non bivalent
PRLHR,Always_up
CACUL1,Always_up
EIF3A,Non bivalent
SFXN4,Non bivalent
PRDX3,Non bivalent
RGS10,Pr_higher_than_Ni
TIAL1,Non bivalent
MCMBP,Non bivalent
WDR11-AS1,Non bivalent
FGFR2,Non bivalent
ATE1,Non bivalent
NSMCE4A,Non bivalent
C10orf88,Always_up
IKZF5,Non bivalent
CPXM2,Always_up
CHST15,Always_up
OAT,Non bivalent
NKX1-2,Always_up
FAM53B,Pr_higher_than_Ni
METTL10,Non bivalent
CTBP2,Non bivalent
FLJ37035,Non bivalent
UROS,Non bivalent
DHX32,Non bivalent
ADAM12,Always_up
MKI67,Pr_higher_than_Ni
EBF3,Pr_higher_than_Ni
LINC00959,Non bivalent
TCERG1L,Non bivalent
BNIP3,Non bivalent
STK32C,Always_up
CFAP46,Non bivalent
LINC01166,Non bivalent
ADAM8,Non bivalent
TUBGCP2,Non bivalent
CALY,Non bivalent
FUOM,Non bivalent
ECHS1,Non bivalent
SPRN,Non bivalent
SYCE1,Non bivalent
RIC8A,Non bivalent
PSMD13,Non bivalent
ATHL1,Non bivalent
IFITM2,Non bivalent
IFITM1,Non bivalent
B4GALNT4,Non bivalent
PKP3,Non bivalent
PTDSS2,Non bivalent
LRRC56,Non bivalent
RASSF7,Non bivalent
DRD4,Non bivalent
TMEM80,Non bivalent
EPS8L2,Non bivalent
TALDO1,Non bivalent
LOC171391,Non bivalent
PANO1,Non bivalent
RPLP2,Non bivalent
PNPLA2,Non bivalent
CRACR2B,Non bivalent
CD151,Non bivalent
TSPAN4,Non bivalent
AP2A2,Non bivalent
MUC5B,Non bivalent
BRSK2,Non bivalent
LSP1,Non bivalent
MRPL23,Non bivalent
IGF2-AS,Always_up
CD81,Non bivalent
TSSC4,Non bivalent
SLC22A18,Non bivalent
TSSC2,Non bivalent
PGAP2,Non bivalent
STIM1,Non bivalent
RRM1,Non bivalent
OR51E1,Non bivalent
TRIM6,Non bivalent
TRIM34,Non bivalent
TRIM22,Non bivalent
CCKBR,Ni_higher_than_Pr
SMPD1,Non bivalent
TIMM10B,Non bivalent
DNHD1,Non bivalent
ILK,Non bivalent
ZNF215,Non bivalent
RBMXL2,Ni_higher_than_Pr
SYT9,Ni_higher_than_Pr
OLFML1,Non bivalent
PPFIBP2,Ni_higher_than_Pr
EIF3F,Non bivalent
TUB,Non bivalent
RPL27A,Non bivalent
AKIP1,Non bivalent
TMEM9B-AS1,Non bivalent
IPO7,Non bivalent
ZNF143,Non bivalent
WEE1,Non bivalent
SWAP70,Non bivalent
SBF2-AS1,Non bivalent
ADM,Non bivalent
AMPD3,Always_up
CTR9,Non bivalent
ZBED5-AS1,Non bivalent
USP47,Ni_higher_than_Pr
MICAL2,Always_up
PARVA,Always_up
TEAD1,Non bivalent
ARNTL,Always_up
FAR1,Non bivalent
SPON1,Always_up
PDE3B,Ni_higher_than_Pr
CALCB,Always_up
C11orf58,Non bivalent
NUCB2,Non bivalent
NCR3LG1,Always_up
KCNC1,Always_up
MRGPRX3,Non bivalent
GTF2H1,Non bivalent
LDHA,Non bivalent
LDHC,Non bivalent
TMEM86A,Non bivalent
ZDHHC13,Non bivalent
NAV2,Non bivalent
HTATIP2,Always_up
PRMT3,Non bivalent
ANO5,Non bivalent
FIBIN,Ni_higher_than_Pr
BDNF-AS,Non bivalent
METTL15,Non bivalent
ARL14EP,Ni_higher_than_Pr
DNAJC24,Non bivalent
ELP4,Non bivalent
RCN1,Non bivalent
EIF3M,Non bivalent
PRRG4,Always_up
QSER1,Non bivalent
DEPDC7,Always_up
TCP11L1,Non bivalent
LINC00294,Non bivalent
HIPK3,Non bivalent
KIAA1549L,Non bivalent
CAPRIN1,Non bivalent
NAT10,Non bivalent
CAT,Non bivalent
PDHX,Non bivalent
CD44,Always_up
FJX1,Ni_higher_than_Pr
TRIM44,Always_up
LDLRAD3,Non bivalent
PRR5L,Non bivalent
RAG1,Non bivalent
C11orf74,Always_up
API5,Non bivalent
TTC17,Non bivalent
HSD17B12,Non bivalent
ALKBH3,Ni_higher_than_Pr
SEC14L1P1,Non bivalent
C11orf96,Always_up
ACCS,Non bivalent
EXT2,Non bivalent
CD82,Always_up
TSPAN18,Non bivalent
PRDM11,Always_up
SLC35C1,Non bivalent
CRY2,Pr_higher_than_Ni
MAPK8IP1,Non bivalent
GYLTL1B,Non bivalent
CREB3L1,Non bivalent
DGKZ,Non bivalent
MDK,Non bivalent
ATG13,Non bivalent
ZNF408,Non bivalent
F2,Non bivalent
C11orf49,Non bivalent
DDB2,Non bivalent
NR1H3,Non bivalent
MADD,Non bivalent
SLC39A13,Non bivalent
PTPMT1,Non bivalent
NDUFS3,Non bivalent
PTPRJ,Non bivalent
TRIM49B,Always_up
TRIM51,Non bivalent
LRRC55,Non bivalent
RTN4RL2,Always_up
SERPING1,Non bivalent
CLP1,Non bivalent
ZDHHC5,Ni_higher_than_Pr
TMX2,Non bivalent
TMX2-CTNND1,Non bivalent
C11orf31,Non bivalent
CTNND1,Non bivalent
ZFP91,Non bivalent
ZFP91-CNTF,Non bivalent
FAM111B,Ni_higher_than_Pr
FAM111A,Ni_higher_than_Pr
DTX4,Non bivalent
STX3,Non bivalent
MS4A15,Non bivalent
CCDC86,Non bivalent
TMEM109,Non bivalent
TMEM132A,Non bivalent
CD6,Non bivalent
TKFC,Non bivalent
TMEM138,Non bivalent
TMEM216,Ni_higher_than_Pr
SDHAF2,Non bivalent
PPP1R32,Non bivalent
DAGLA,Non bivalent
MYRF,Non bivalent
FEN1,Non bivalent
FADS2,Non bivalent
INCENP,Non bivalent
SCGB1D2,Non bivalent
ASRGL1,Non bivalent
METTL12,Non bivalent
UQCC3,Non bivalent
TTC9C,Non bivalent
POLR2G,Non bivalent
TAF6L,Non bivalent
TMEM179B,Non bivalent
SLC3A2,Non bivalent
LGALS12,Non bivalent
RARRES3,Non bivalent
RTN3,Non bivalent
C11orf84,Non bivalent
MARK2,Non bivalent
NAA40,Non bivalent
COX8A,Non bivalent
OTUB1,Non bivalent
FLRT1,Non bivalent
STIP1,Non bivalent
FERMT3,Non bivalent
NUDT22,Non bivalent
DNAJC4,Non bivalent
VEGFB,Non bivalent
FKBP2,Non bivalent
PLCB3,Non bivalent
GPR137,Non bivalent
TEX40,Always_up
ESRRA,Non bivalent
PRDX5,Non bivalent
CCDC88B,Non bivalent
RPS6KA4,Non bivalent
SLC22A11,Non bivalent
PPP2R5B,Non bivalent
ARL2,Non bivalent
SNX15,Non bivalent
SAC3D1,Non bivalent
ZFPL1,Non bivalent
VPS51,Non bivalent
TM7SF2,Non bivalent
MRPL49,Non bivalent
CAPN1,Non bivalent
POLA2,Non bivalent
CDC42EP2,Non bivalent
DPF2,Non bivalent
TIGD3,Non bivalent
FRMD8,Non bivalent
NEAT1,Non bivalent
MALAT1,Non bivalent
SCYL1,Non bivalent
SSSCA1,Non bivalent
FAM89B,Non bivalent
EHBP1L1,Non bivalent
PCNXL3,Non bivalent
SIPA1,Non bivalent
KAT5,Non bivalent
OVOL1,Pr_higher_than_Ni
MUS81,Non bivalent
CCDC85B,Non bivalent
DRAP1,Non bivalent
TSGA10IP,Non bivalent
SART1,Non bivalent
BANF1,Non bivalent
SF3B2,Non bivalent
PACS1,Non bivalent
KLC2,Non bivalent
RAB1B,Non bivalent
CNIH2,Non bivalent
PELI3,Non bivalent
DPP3,Non bivalent
BBS1,Non bivalent
ACTN3,Non bivalent
CCS,Non bivalent
RBM14,Non bivalent
RBM14-RBM4,Non bivalent
RBM4,Non bivalent
C11orf80,Non bivalent
RCE1,Non bivalent
LRFN4,Non bivalent
C11orf86,Non bivalent
SYT12,Always_up
RHOD,Non bivalent
KDM2A,Non bivalent
ADRBK1,Ni_higher_than_Pr
ANKRD13D,Non bivalent
SSH3,Non bivalent
RAD9A,Non bivalent
RPS6KB2,Non bivalent
AIP,Non bivalent
GSTP1,Non bivalent
NDUFV1,Non bivalent
ALDH3B1,Non bivalent
NDUFS8,Non bivalent
TCIRG1,Non bivalent
LRP5,Non bivalent
PPP6R3,Non bivalent
GAL,Pr_higher_than_Ni
IGHMBP2,Non bivalent
TPCN2,Non bivalent
CCND1,Non bivalent
ANO1,Pr_higher_than_Ni
FADD,Non bivalent
PPFIA1,Non bivalent
CTTN,Non bivalent
NADSYN1,Non bivalent
FAM86C1,Non bivalent
RNF121,Non bivalent
IL18BP,Non bivalent
LOC100128494,Non bivalent
LRTOMT,Non bivalent
FOLR3,Non bivalent
FOLR1,Non bivalent
INPPL1,Non bivalent
LINC01537,Non bivalent
ATG16L2,Non bivalent
P2RY2,Non bivalent
P2RY6,Non bivalent
ARHGEF17,Non bivalent
RELT,Non bivalent
PLEKHB1,Non bivalent
MRPL48,Non bivalent
PAAF1,Non bivalent
PPME1,Non bivalent
POLD3,Non bivalent
RNF169,Non bivalent
SPCS2,Non bivalent
NEU3,Non bivalent
SLCO2B1,Non bivalent
TPBGL,Non bivalent
RPS3,Non bivalent
SERPINH1,Non bivalent
DGAT2,Always_up
UVRAG,Non bivalent
LOC100506127,Non bivalent
C11orf30,Non bivalent
TSKU,Non bivalent
ACER3,Non bivalent
CAPN5,Non bivalent
MYO7A,Non bivalent
AQP11,Non bivalent
AAMDC,Non bivalent
KCTD21-AS1,Non bivalent
USP35,Non bivalent
DDIAS,Non bivalent
RAB30-AS1,Non bivalent
PCF11,Non bivalent
ANKRD42,Non bivalent
TMEM126B,Non bivalent
TMEM126A,Ni_higher_than_Pr
EED,Non bivalent
C11orf73,Non bivalent
CCDC81,Non bivalent
PRSS23,Non bivalent
TMEM135,Non bivalent
TRIM53AP,Non bivalent
TRIM49D2,Non bivalent
TRIM49C,Non bivalent
NAALAD2,Non bivalent
FAT3,Non bivalent
CEP295,Always_up
C11orf54,Non bivalent
MED17,Non bivalent
PANX1,Non bivalent
ANKRD49,Non bivalent
FUT4,Always_up
PIWIL4,Non bivalent
AMOTL1,Always_up
KDM4D,Non bivalent
KDM4E,Non bivalent
SRSF8,Non bivalent
ENDOD1,Always_up
CEP57,Non bivalent
JRKL,Non bivalent
CNTN5,Ni_higher_than_Pr
ARHGAP42,Non bivalent
TMEM133,Non bivalent
CEP126,Always_up
YAP1,Non bivalent
BIRC3,Non bivalent
BIRC2,Non bivalent
DYNC2H1,Non bivalent
AASDHPPT,Non bivalent
ELMOD1,Pr_higher_than_Ni
RAB39A,Non bivalent
CUL5,Non bivalent
ACAT1,Non bivalent
ATM,Non bivalent
DDX10,Non bivalent
ZC3H12C,Ni_higher_than_Pr
FDX1,Non bivalent
LAYN,Always_up
SIK2,Always_up
C11orf1,Ni_higher_than_Pr
HSPB2,Non bivalent
C11orf52,Non bivalent
DIXDC1,Non bivalent
DLAT,Non bivalent
C11orf57,Non bivalent
SDHD,Non bivalent
BCO2,Non bivalent
PTS,Non bivalent
NCAM1,Ni_higher_than_Pr
TTC12,Always_up
ANKK1,Non bivalent
HTR3A,Non bivalent
ZBTB16,Always_up
NNMT,Non bivalent
RBM7,Non bivalent
REXO2,Non bivalent
PAFAH1B2,Non bivalent
SIDT2,Non bivalent
TAGLN,Non bivalent
RNF214,Non bivalent
CEP164,Non bivalent
TMPRSS4,Non bivalent
UBE4A,Always_up
ATP5L,Non bivalent
KMT2A,Non bivalent
TMEM25,Non bivalent
ARCN1,Non bivalent
PHLDB1,Always_up
FOXR1,Non bivalent
CCDC84,Non bivalent
TRAPPC4,Non bivalent
VPS11,Non bivalent
HMBS,Non bivalent
C2CD2L,Non bivalent
HINFP,Non bivalent
ABCG4,Always_up
NLRX1,Non bivalent
CBL,Non bivalent
RNF26,Non bivalent
OAF,Always_up
POU2F3,Non bivalent
TMEM136,Always_up
ARHGEF12,Non bivalent
GRIK4,Non bivalent
TBCEL,Non bivalent
TECTA,Non bivalent
SC5D,Non bivalent
SORL1,Ni_higher_than_Pr
UBASH3B,Non bivalent
C11orf63,Always_up
GRAMD1B,Non bivalent
VWA5A,Non bivalent
TBRG1,Always_up
SPA17,Pr_higher_than_Ni
NRGN,Pr_higher_than_Ni
ROBO3,Always_up
CCDC15,Ni_higher_than_Pr
SLC37A2,Always_up
PKNOX2,Ni_higher_than_Pr
EI24,Non bivalent
STT3A,Non bivalent
CHEK1,Non bivalent
HYLS1,Non bivalent
DDX25,Always_up
FAM118B,Always_up
FOXRED1,Non bivalent
TIRAP,Non bivalent
DCPS,Non bivalent
ST3GAL4,Non bivalent
FLI1,Pr_higher_than_Ni
KCNJ5,Always_up
BARX2,Always_up
TMEM45B,Always_up
APLP2,Non bivalent
ST14,Always_up
ADAMTS15,Always_up
NTM,Ni_higher_than_Pr
JAM3,Non bivalent
VPS26B,Non bivalent
ACAD8,Non bivalent
GLB1L3,Always_up
GLB1L2,Always_up
LINC01001,Non bivalent
BET1L,Non bivalent
SIRT3,Non bivalent
IFITM3,Non bivalent
SIGIRR,Non bivalent
ANO9,Non bivalent
RNH1,Non bivalent
HRAS,Non bivalent
MIR210HG,Non bivalent
LOC143666,Non bivalent
DEAF1,Non bivalent
PDDC1,Non bivalent
CEND1,Non bivalent
SLC25A22,Non bivalent
PIDD1,Non bivalent
POLR2L,Non bivalent
CHID1,Non bivalent
TOLLIP,Non bivalent
MOB2,Non bivalent
DUSP8,Pr_higher_than_Ni
IFITM10,Non bivalent
CTSD,Non bivalent
H19,Non bivalent
IGF2,Always_up
ASCL2,Always_up
KCNQ1OT1,Non bivalent
PHLDA2,Non bivalent
CARS,Non bivalent
OSBPL5,Non bivalent
ZNF195,Non bivalent
ART5,Non bivalent
CHRNA10,Non bivalent
NUP98,Non bivalent
RHOG,Non bivalent
TRIM21,Non bivalent
TRIM68,Non bivalent
TRIM5,Non bivalent
FAM160A2,Non bivalent
PRKCDBP,Non bivalent
APBB1,Always_up
HPX,Non bivalent
TRIM3,Non bivalent
ARFIP2,Non bivalent
RRP8,Non bivalent
TAF10,Non bivalent
TPP1,Non bivalent
DCHS1,Always_up
MRPL17,Non bivalent
GVINP1,Non bivalent
ZNF214,Always_up
CYB5R2,Always_up
NLRP10,Non bivalent
RIC3,Ni_higher_than_Pr
LMO1,Always_up
STK33,Ni_higher_than_Pr
TRIM66,Non bivalent
ST5,Non bivalent
TMEM9B,Non bivalent
NRIP3,Pr_higher_than_Ni
SCUBE2,Pr_higher_than_Ni
DENND5A,Non bivalent
TMEM41B,Non bivalent
LOC644656,Non bivalent
LOC440028,Non bivalent
SBF2,Non bivalent
MTRNR2L8,Always_up
RNF141,Non bivalent
MRVI1,Non bivalent
EIF4G2,Non bivalent
ZBED5,Non bivalent
CSNK2A3,Non bivalent
GALNT18,Always_up
DKK3,Ni_higher_than_Pr
BTBD10,Non bivalent
RRAS2,Non bivalent
COPB1,Non bivalent
PSMA1,Non bivalent
CYP2R1,Always_up
CALCA,Always_up
SOX6,Non bivalent
PLEKHA7,Ni_higher_than_Pr
RPS13,Non bivalent
PIK3C2A,Non bivalent
SERGEF,Always_up
SAAL1,Non bivalent
HPS5,Non bivalent
TSG101,Non bivalent
UEVLD,Non bivalent
SPTY2D1,Non bivalent
PTPN5,Always_up
MRGPRX1,Non bivalent
E2F8,Always_up
LOC100126784,Always_up
FANCF,Non bivalent
SVIP,Non bivalent
MUC15,Non bivalent
SLC5A12,Non bivalent
BBOX1-AS1,Non bivalent
CCDC34,Non bivalent
LGR4,Non bivalent
LIN7C,Non bivalent
LINC00678,Non bivalent
BDNF,Always_up
KIF18A,Non bivalent
MPPED2,Always_up
IMMP1L,Non bivalent
WT1,Always_up
CSTF3,Non bivalent
CD59,Non bivalent
FBXO3,Always_up
LMO2,Always_up
ABTB2,Always_up
APIP,Non bivalent
SLC1A2,Always_up
PAMR1,Non bivalent
COMMD9,Non bivalent
TRAF6,Non bivalent
LRRC4C,Non bivalent
ALX4,Always_up
TP53I11,Always_up
SYT13,Non bivalent
CHST1,Always_up
PEX16,Non bivalent
PHF21A,Non bivalent
CHRM4,Non bivalent
AMBRA1,Non bivalent
HARBI1,Non bivalent
ARHGAP1,Non bivalent
CKAP5,Non bivalent
LRP4,Non bivalent
ARFGAP2,Non bivalent
PACSIN3,Non bivalent
ACP2,Non bivalent
SPI1,Non bivalent
PSMC3,Non bivalent
CELF1,Non bivalent
KBTBD4,Non bivalent
C1QTNF4,Non bivalent
MTCH2,Non bivalent
FNBP4,Non bivalent
NUP160,Non bivalent
FOLH1,Ni_higher_than_Pr
LOC441601,Non bivalent
OR7E5P,Non bivalent
APLNR,Non bivalent
TNKS1BP1,Non bivalent
SSRP1,Non bivalent
SLC43A3,Ni_higher_than_Pr
SLC43A1,Always_up
TIMM10,Non bivalent
UBE2L6,Ni_higher_than_Pr
MED19,Non bivalent
BTBD18,Non bivalent
LPXN,Non bivalent
OSBP,Non bivalent
PATL1,Non bivalent
MRPL16,Non bivalent
PRPF19,Non bivalent
SLC15A3,Always_up
VPS37C,Non bivalent
VWCE,Non bivalent
DDB1,Non bivalent
CYB561A3,Non bivalent
CPSF7,Non bivalent
SYT7,Non bivalent
TMEM258,Non bivalent
FADS1,Non bivalent
FADS3,Non bivalent
RAB3IL1,Non bivalent
FTH1,Non bivalent
AHNAK,Pr_higher_than_Ni
EEF1G,Non bivalent
TUT1,Non bivalent
MTA2,Non bivalent
EML3,Non bivalent
B3GAT3,Non bivalent
GANAB,Non bivalent
INTS5,Non bivalent
C11orf98,Non bivalent
LBHD1,Non bivalent
UBXN1,Non bivalent
BSCL2,Non bivalent
HNRNPUL2-BSCL2,Non bivalent
HNRNPUL2,Non bivalent
ZBTB3,Non bivalent
TMEM223,Non bivalent
NXF1,Non bivalent
STX5,Non bivalent
WDR74,Non bivalent
SNHG1,Non bivalent
HRASLS5,Always_up
PLA2G16,Non bivalent
ATL3,Always_up
C11orf95,Non bivalent
RCOR2,Non bivalent
MACROD1,Non bivalent
TRPT1,Non bivalent
PPP1R14B,Non bivalent
BAD,Non bivalent
TRMT112,Non bivalent
NRXN2,Non bivalent
RASGRP2,Non bivalent
PYGM,Non bivalent
SF1,Non bivalent
MAP4K2,Non bivalent
MEN1,Non bivalent
CDC42BPG,Non bivalent
EHD1,Non bivalent
ATG2A,Non bivalent
BATF2,Non bivalent
CDCA5,Non bivalent
ZNHIT2,Non bivalent
FAU,Non bivalent
SYVN1,Non bivalent
LTBP3,Non bivalent
MAP3K11,Non bivalent
RELA,Non bivalent
RNASEH2C,Non bivalent
AP5B1,Pr_higher_than_Ni
CFL1,Non bivalent
EFEMP2,Non bivalent
FIBP,Non bivalent
FOSL1,Always_up
C11orf68,Non bivalent
EIF1AD,Non bivalent
YIF1A,Non bivalent
CD248,Non bivalent
RIN1,Non bivalent
BRMS1,Non bivalent
B4GAT1,Non bivalent
SLC29A2,Non bivalent
MRPL11,Non bivalent
ZDHHC24,Non bivalent
CTSF,Non bivalent
CCDC87,Non bivalent
RBM4B,Non bivalent
SPTBN2,Non bivalent
PC,Non bivalent
POLD4,Non bivalent
CLCF1,Non bivalent
PPP1CA,Non bivalent
PTPRCAP,Non bivalent
CORO1B,Non bivalent
TMEM134,Non bivalent
PITPNM1,Non bivalent
CDK2AP2,Non bivalent
C11orf72,Non bivalent
NUDT8,Non bivalent
ALDH3B2,Non bivalent
FAM86C2P,Non bivalent
UNC93B1,Non bivalent
CHKA,Non bivalent
SUV420H1,Non bivalent
C11orf24,Non bivalent
MTL5,Non bivalent
CPT1A,Pr_higher_than_Ni
MRPL21,Non bivalent
MRGPRF,Non bivalent
ORAOV1,Non bivalent
FGF19,Non bivalent
FGF4,Always_up
SHANK2,Non bivalent
DHCR7,Non bivalent
NUMA1,Non bivalent
LAMTOR1,Non bivalent
ANAPC15,Non bivalent
PHOX2A,Always_up
CLPB,Non bivalent
PDE2A,Non bivalent
ARAP1,Non bivalent
STARD10,Non bivalent
FCHSD2,Non bivalent
FAM168A,Non bivalent
RAB6A,Non bivalent
COA4,Non bivalent
UCP2,Non bivalent
UCP3,Non bivalent
C2CD3,Non bivalent
P4HA3,Always_up
PGM2L1,Non bivalent
KCNE3,Non bivalent
LIPT2,Non bivalent
XRRA1,Non bivalent
ARRB1,Pr_higher_than_Ni
KLHL35,Pr_higher_than_Ni
GDPD5,Non bivalent
MAP6,Always_up
WNT11,Pr_higher_than_Ni
PRKRIR,Non bivalent
LRRC32,Non bivalent
PAK1,Non bivalent
CLNS1A,Non bivalent
RSF1,Non bivalent
INTS4,Non bivalent
KCTD14,Non bivalent
NDUFC2,Non bivalent
NDUFC2-KCTD14,Non bivalent
ALG8,Non bivalent
KCTD21,Non bivalent
GAB2,Non bivalent
NARS2,Non bivalent
TENM4,Always_up
FAM181B,Always_up
PRCP,Non bivalent
RAB30,Non bivalent
CCDC90B,Non bivalent
DLG2,Ni_higher_than_Pr
CREBZF,Non bivalent
PICALM,Non bivalent
ME3,Ni_higher_than_Pr
FZD4,Non bivalent
RAB38,Non bivalent
CTSC,Non bivalent
NOX4,Non bivalent
TRIM49,Non bivalent
TRIM49D1,Non bivalent
CHORDC1,Non bivalent
SLC36A4,Non bivalent
SMCO4,Non bivalent
TAF1D,Non bivalent
GPR83,Always_up
MRE11A,Non bivalent
CWC15,Non bivalent
SESN3,Non bivalent
FAM76B,Non bivalent
MTMR2,Non bivalent
MAML2,Non bivalent
CCDC82,Non bivalent
PGR,Always_up
TRPC6,Always_up
TMEM123,Always_up
MMP10,Non bivalent
MMP1,Non bivalent
DCUN1D5,Non bivalent
MSANTD4,Non bivalent
KBTBD3,Non bivalent
CWF19L2,Non bivalent
ALKBH8,Non bivalent
SLN,Non bivalent
SLC35F2,Non bivalent
NPAT,Non bivalent
KDELC2,Non bivalent
EXPH5,Pr_higher_than_Ni
RDX,Non bivalent
PPP2R1B,Non bivalent
ALG9,Non bivalent
FDXACB1,Ni_higher_than_Pr
CRYAB,Non bivalent
TIMM8B,Non bivalent
LOC101928847,Ni_higher_than_Pr
DRD2,Always_up
ZW10,Non bivalent
USP28,Non bivalent
C11orf71,Non bivalent
CADM1,Always_up
BUD13,Non bivalent
ZPR1,Non bivalent
APOA1,Non bivalent
SIK3,Non bivalent
PCSK7,Non bivalent
BACE1,Non bivalent
DSCAML1,Always_up
FXYD6,Ni_higher_than_Pr
TMPRSS13,Always_up
SCN4B,Always_up
MPZL3,Ni_higher_than_Pr
MPZL2,Always_up
IFT46,Non bivalent
DDX6,Non bivalent
BCL9L,Non bivalent
RPS25,Non bivalent
SLC37A4,Non bivalent
HYOU1,Non bivalent
H2AFX,Non bivalent
DPAGT1,Non bivalent
CCDC153,Non bivalent
MCAM,Non bivalent
C1QTNF5,Non bivalent
USP2,Always_up
THY1,Ni_higher_than_Pr
PVRL1,Non bivalent
TRIM29,Non bivalent
HSPA8,Non bivalent
CLMP,Non bivalent
SCN3B,Always_up
ZNF202,Non bivalent
SIAE,Pr_higher_than_Ni
ESAM,Pr_higher_than_Ni
MSANTD2,Non bivalent
TMEM218,Non bivalent
FEZ1,Always_up
PUS3,Always_up
CDON,Ni_higher_than_Pr
RPUSD4,Always_up
SRPR,Non bivalent
ST3GAL4-AS1,Non bivalent
ETS1,Pr_higher_than_Ni
C11orf45,Always_up
ARHGAP32,Non bivalent
NFRKB,Non bivalent
PRDM10,Non bivalent
ZBTB44,Non bivalent
ADAMTS8,Always_up
LOC103611081,Non bivalent
SNX19,Always_up
MIR4697HG,Non bivalent
IGSF9B,Always_up
NCAPD3,Non bivalent
THYN1,Non bivalent
CCDC77,Non bivalent
B4GALNT3,Always_up
LOC100049716,Non bivalent
WNK1,Non bivalent
ERC1,Non bivalent
WNT5B,Non bivalent
ADIPOR2,Non bivalent
CACNA1C,Always_up
FKBP4,Non bivalent
ITFG2,Non bivalent
LOC100507424,Non bivalent
RHNO1,Non bivalent
TULP3,Non bivalent
TEAD4,Non bivalent
TSPAN9,Non bivalent
PRMT8,Ni_higher_than_Pr
CCND2,Ni_higher_than_Pr
TIGAR,Non bivalent
RAD51AP1,Non bivalent
DYRK4,Non bivalent
NDUFA9,Non bivalent
GALNT8,Non bivalent
KCNA6,Always_up
NTF3,Always_up
CD9,Non bivalent
PLEKHG6,Non bivalent
LTBR,Non bivalent
TAPBPL,Non bivalent
NCAPD2,Non bivalent
GAPDH,Non bivalent
COPS7A,Non bivalent
PTMS,Non bivalent
LAG3,Non bivalent
GPR162,Ni_higher_than_Pr
P3H3,Non bivalent
GNB3,Non bivalent
USP5,Non bivalent
TPI1,Non bivalent
RPL13P5,Non bivalent
DSTNP2,Non bivalent
LRRC23,Non bivalent
ENO2,Non bivalent
ATN1,Non bivalent
C12orf57,Non bivalent
PTPN6,Non bivalent
EMG1,Non bivalent
C1S,Non bivalent
CLSTN3,Non bivalent
PEX5,Non bivalent
DPPA3,Non bivalent
NANOG,Non bivalent
FOXJ2,Non bivalent
NECAP1,Non bivalent
LOC101927905,Non bivalent
CLEC6A,Non bivalent
CLEC4D,Non bivalent
RIMKLB,Non bivalent
A2ML1,Non bivalent
PHC1,Non bivalent
KLRG1,Non bivalent
LOC642846,Non bivalent
LOC374443,Non bivalent
CLEC2D,Non bivalent
CLEC12A,Non bivalent
CLEC12B,Non bivalent
CLEC9A,Non bivalent
TMEM52B,Non bivalent
GABARAPL1,Non bivalent
ETV6,Non bivalent
LOH12CR1,Non bivalent
CREBL2,Non bivalent
CDKN1B,Non bivalent
APOLD1,Always_up
DDX47,Non bivalent
RPL13AP20,Ni_higher_than_Pr
GPRC5A,Always_up
LOC100506314,Non bivalent
HTR7P1,Always_up
KIAA1467,Ni_higher_than_Pr
EMP1,Non bivalent
ATF7IP,Non bivalent
H2AFJ,Non bivalent
C12orf60,Non bivalent
STRAP,Non bivalent
DERA,Non bivalent
MGST1,Ni_higher_than_Pr
PLEKHA5,Ni_higher_than_Pr
AEBP2,Non bivalent
PDE3A,Ni_higher_than_Pr
PYROXD1,Always_up
GOLT1B,Non bivalent
CMAS,Non bivalent
ETNK1,Non bivalent
LYRM5,Non bivalent
RASSF8,Ni_higher_than_Pr
SSPN,Always_up
FGFR1OP2,Non bivalent
MED21,Non bivalent
STK38L,Non bivalent
ARNTL2,Always_up
PPFIBP1,Ni_higher_than_Pr
MRPS35,Non bivalent
KLHL42,Non bivalent
CCDC91,Non bivalent
FAR2,Always_up
OVCH1-AS1,Ni_higher_than_Pr
TSPAN11,Always_up
DDX11,Non bivalent
METTL20,Non bivalent
KIAA1551,Non bivalent
BICD1,Non bivalent
FGD4,Non bivalent
DNM1L,Non bivalent
ALG10,Non bivalent
ALG10B,Non bivalent
LRRK2,Always_up
PDZRN4,Always_up
PPHLN1,Non bivalent
IRAK4,Non bivalent
TMEM117,Always_up
ANO6,Non bivalent
ARID2,Non bivalent
PCED1B,Always_up
SLC48A1,Non bivalent
TMEM106C,Always_up
PFKM,Non bivalent
CCDC184,Always_up
CACNB3,Non bivalent
TUBA1C,Non bivalent
PRPH,Always_up
TROAP,Non bivalent
DNAJC22,Always_up
SPATS2,Non bivalent
LOC100335030,Non bivalent
KCNH3,Always_up
PRPF40B,Non bivalent
TMBIM6,Non bivalent
AQP5,Always_up
ASIC1,Always_up
SMARCD1,Non bivalent
COX14,Non bivalent
LARP4,Non bivalent
DIP2B,Non bivalent
ATF1,Ni_higher_than_Pr
METTL7A,Ni_higher_than_Pr
LETMD1,Non bivalent
DAZAP2,Non bivalent
SLC4A8,Non bivalent
SCN8A,Non bivalent
ANKRD33,Non bivalent
ACVRL1,Non bivalent
ACVR1B,Always_up
GRASP,Always_up
NR4A1,Non bivalent
ATG101,Non bivalent
KRT7,Non bivalent
KRT18,Non bivalent
EIF4B,Non bivalent
TNS2,Non bivalent
IGFBP6,Non bivalent
ZNF740,Ni_higher_than_Pr
MFSD5,Non bivalent
ESPL1,Non bivalent
PFDN5,Non bivalent
C12orf10,Non bivalent
SP1,Non bivalent
AMHR2,Non bivalent
PRR13,Non bivalent
PCBP2,Non bivalent
PCBP2-OT1,Non bivalent
TARBP2,Non bivalent
HOXC13,Pr_higher_than_Ni
HOXC12,Always_up
HOXC11,Pr_higher_than_Ni
HOXC10,Pr_higher_than_Ni
HOXC9,Pr_higher_than_Ni
HOXC8,Always_up
HOXC4,Always_up
HOXC6,Pr_higher_than_Ni
HOXC5,Always_up
LOC400043,Always_up
HNRNPA1,Non bivalent
COPZ1,Non bivalent
PDE1B,Ni_higher_than_Pr
BLOC1S1,Non bivalent
BLOC1S1-RDH5,Non bivalent
GDF11,Non bivalent
ORMDL2,Non bivalent
TMEM198B,Non bivalent
DGKA,Non bivalent
CDK2,Non bivalent
RAB5B,Non bivalent
SUOX,Non bivalent
IKZF4,Non bivalent
RPS26,Non bivalent
ERBB3,Non bivalent
PA2G4,Non bivalent
RPL41,Non bivalent
ZC3H10,Non bivalent
ESYT1,Non bivalent
MYL6B,Non bivalent
MYL6,Non bivalent
NABP2,Non bivalent
COQ10A,Non bivalent
IL23A,Non bivalent
SPRYD4,Non bivalent
RBMS2,Non bivalent
HSD17B6,Non bivalent
NAB2,Non bivalent
LRP1,Non bivalent
NXPH4,Always_up
SHMT2,Non bivalent
GLI1,Non bivalent
MARS,Non bivalent
MBD6,Non bivalent
KIF5A,Non bivalent
PIP4K2C,Non bivalent
DTX3,Ni_higher_than_Pr
ARHGEF25,Non bivalent
SLC26A10,Always_up
OS9,Non bivalent
AGAP2-AS1,Always_up
TSPAN31,Non bivalent
MARCH9,Non bivalent
METTL21B,Non bivalent
TSFM,Non bivalent
XRCC6BP1,Non bivalent
SLC16A7,Always_up
USP15,Non bivalent
MON2,Non bivalent
TMEM5,Non bivalent
SRGAP1,Non bivalent
XPOT,Ni_higher_than_Pr
TBK1,Non bivalent
RASSF3,Non bivalent
TBC1D30,Always_up
LEMD3,Always_up
MSRB3,Ni_higher_than_Pr
HMGA2,Ni_higher_than_Pr
IRAK3,Always_up
HELB,Ni_higher_than_Pr
CAND1,Non bivalent
DYRK2,Non bivalent
RAP1B,Non bivalent
NUP107,Non bivalent
SLC35E3,Non bivalent
MDM2,Non bivalent
CPSF6,Non bivalent
LYZ,Non bivalent
YEATS4,Non bivalent
FRS2,Non bivalent
CCT2,Non bivalent
RAB3IP,Always_up
CNOT2,Non bivalent
KCNMB4,Always_up
LGR5,Always_up
THAP2,Non bivalent
TMEM19,Non bivalent
RAB21,Non bivalent
TBC1D15,Non bivalent
TRHDE,Always_up
ATXN7L3B,Non bivalent
GLIPR1,Non bivalent
ZDHHC17,Non bivalent
NAV3,Non bivalent
SYT1,Ni_higher_than_Pr
OTOGL,Non bivalent
ACSS3,Non bivalent
METTL25,Non bivalent
TMTC2,Non bivalent
ALX1,Pr_higher_than_Ni
NTS,Non bivalent
C12orf29,Non bivalent
TMTC3,Non bivalent
LINC00936,Always_up
NUDT4,Non bivalent
MRPL42,Ni_higher_than_Pr
SOCS2,Non bivalent
CRADD,Non bivalent
PLXNC1,Always_up
VEZT,Non bivalent
METAP2,Non bivalent
SNRPF,Non bivalent
ELK3,Non bivalent
NEDD1,Non bivalent
TMPO,Non bivalent
SLC25A3,Non bivalent
APAF1,Non bivalent
ACTR6,Ni_higher_than_Pr
SCYL2,Non bivalent
GAS2L3,Always_up
ANO4,Ni_higher_than_Pr
UTP20,Non bivalent
SPIC,Non bivalent
CHPT1,Always_up
DRAM1,Non bivalent
PARPBP,Non bivalent
ASCL1,Pr_higher_than_Ni
STAB2,Non bivalent
HSP90B1,Non bivalent
TDG,Non bivalent
HCFC2,Non bivalent
TXNRD1,Non bivalent
EID3,Non bivalent
CHST11,Always_up
C12orf45,Non bivalent
KIAA1033,Non bivalent
C12orf75,Non bivalent
POLR3B,Non bivalent
RIC8B,Non bivalent
TMEM263,Always_up
BTBD11,Always_up
PWP1,Ni_higher_than_Pr
FICD,Non bivalent
ISCU,Non bivalent
USP30,Non bivalent
UNG,Non bivalent
ACACB,Non bivalent
UBE3B,Non bivalent
MVK,Non bivalent
FAM222A,Non bivalent
TCHP,Always_up
ANKRD13A,Non bivalent
IFT81,Non bivalent
ATP2A2,Non bivalent
FAM216A,Non bivalent
RAD9B,Non bivalent
TCTN1,Non bivalent
LINC01405,Non bivalent
CUX2,Ni_higher_than_Pr
SH2B3,Non bivalent
ACAD10,Non bivalent
ALDH2,Non bivalent
MAPKAPK5,Non bivalent
ADAM1A,Non bivalent
ERP29,Non bivalent
TRAFD1,Non bivalent
PTPN11,Non bivalent
OAS1,Non bivalent
OAS3,Always_up
DTX1,Always_up
RITA1,Non bivalent
TPCN1,Non bivalent
PLBD2,Non bivalent
SDSL,Non bivalent
TBX5-AS1,Always_up
MAP1LC3B2,Non bivalent
RNFT2,Non bivalent
FBXW8,Non bivalent
RFC5,Non bivalent
PEBP1,Non bivalent
SUDS3,Non bivalent
HSPB8,Non bivalent
CCDC60,Always_up
PRKAB1,Non bivalent
CCDC64,Always_up
PXN-AS1,Non bivalent
SIRT4,Non bivalent
COX6A1,Non bivalent
GATC,Non bivalent
DYNLL1,Non bivalent
RNF10,Non bivalent
MLEC,Non bivalent
UNC119B,Non bivalent
ACADS,Non bivalent
P2RX4,Non bivalent
RNF34,Non bivalent
ORAI1,Non bivalent
TMEM120B,Non bivalent
SETD1B,Non bivalent
PSMD9,Non bivalent
WDR66,Non bivalent
BCL7A,Non bivalent
MLXIP,Non bivalent
B3GNT4,Non bivalent
KNTC1,Non bivalent
DENR,Non bivalent
CCDC62,Non bivalent
HIP1R,Always_up
OGFOD2,Non bivalent
ARL6IP4,Non bivalent
C12orf65,Non bivalent
SETD8,Non bivalent
SNRNP35,Non bivalent
TMED2,Non bivalent
DDX55,Non bivalent
GTF2H3,Non bivalent
TCTN2,Non bivalent
ATP6V0A2,Non bivalent
DNAH10,Non bivalent
ZNF664,Always_up
FAM101A,Non bivalent
BRI3BP,Non bivalent
AACS,Non bivalent
TMEM132B,Non bivalent
TMEM132C,Always_up
GLT1D1,Non bivalent
FZD10,Always_up
RAN,Non bivalent
ADGRD1,Non bivalent
SFSWAP,Non bivalent
MMP17,Always_up
ULK1,Non bivalent
PUS1,Non bivalent
EP400,Non bivalent
EP400NL,Non bivalent
NOC4L,Non bivalent
FBRSL1,Non bivalent
P2RX2,Always_up
PXMP2,Non bivalent
PGAM5,Non bivalent
ZNF26,Non bivalent
ZNF84,Non bivalent
ZNF140,Non bivalent
ZNF10,Non bivalent
ZNF268,Non bivalent
KDM5A,Non bivalent
NINJ2,Non bivalent
RAD52,Non bivalent
FBXL14,Always_up
DCP1B,Non bivalent
FOXM1,Non bivalent
CRACR2A,Always_up
PARP11,Non bivalent
C12orf4,Non bivalent
AKAP3,Non bivalent
LOC101929549,Non bivalent
ANO2,Always_up
VWF,Non bivalent
TNFRSF1A,Non bivalent
SCNN1A,Non bivalent
CD27-AS1,Non bivalent
VAMP1,Non bivalent
MRPL51,Non bivalent
IFFO1,Non bivalent
NOP2,Non bivalent
CHD4,Non bivalent
LPAR5,Non bivalent
ACRBP,Non bivalent
ING4,Non bivalent
ZNF384,Non bivalent
PIANP,Ni_higher_than_Pr
MLF2,Non bivalent
CDCA3,Non bivalent
SPSB2,Non bivalent
SCARNA12,Non bivalent
PHB2,Non bivalent
LPCAT3,Non bivalent
C1R,Non bivalent
C1RL,Non bivalent
GDF3,Non bivalent
SLC2A14,Non bivalent
SLC2A3,Non bivalent
POU5F1P3,Non bivalent
FAM90A1,Non bivalent
FAM86FP,Non bivalent
LINC00937,Non bivalent
AICDA,Non bivalent
MFAP5,Non bivalent
M6PR,Non bivalent
DDX12P,Non bivalent
KLRB1,Non bivalent
CLEC2B,Non bivalent
CLEC1B,Non bivalent
CLEC1A,Non bivalent
CLEC7A,Non bivalent
OLR1,Non bivalent
KLRAP1,Non bivalent
MAGOHB,Non bivalent
STYK1,Always_up
YBX3,Non bivalent
PRR4,Non bivalent
LRP6,Non bivalent
MANSC1,Pr_higher_than_Ni
DUSP16,Non bivalent
GPR19,Non bivalent
HEBP1,Always_up
GSG1,Ni_higher_than_Pr
LINC01559,Always_up
PLBD1,Non bivalent
GUCY2C,Non bivalent
WBP11,Non bivalent
SMCO3,Non bivalent
ART4,Non bivalent
MGP,Non bivalent
ERP27,Non bivalent
ARHGDIB,Non bivalent
RERG,Always_up
EPS8,Always_up
LMO3,Always_up
SLCO1A2,Non bivalent
RECQL,Non bivalent
LDHB,Ni_higher_than_Pr
KCNJ8,Pr_higher_than_Ni
ABCC9,Non bivalent
C2CD5,Non bivalent
SOX5,Always_up
BCAT1,Non bivalent
KRAS,Non bivalent
RASSF8-AS1,Ni_higher_than_Pr
BHLHE41,Always_up
ITPR2,Non bivalent
ASUN,Non bivalent
TM7SF3,Non bivalent
ERGIC2,Non bivalent
TMTC1,Always_up
IPO8,Non bivalent
CAPRIN2,Non bivalent
DDX11-AS1,Non bivalent
FAM60A,Non bivalent
DENND5B,Non bivalent
AMN1,Non bivalent
YARS2,Non bivalent
PKP2,Non bivalent
SYT10,Always_up
CPNE8,Non bivalent
KIF21A,Non bivalent
SLC2A13,Non bivalent
GXYLT1,Always_up
YAF2,Always_up
ZCRB1,Non bivalent
PRICKLE1,Ni_higher_than_Pr
ADAMTS20,Always_up
PUS7L,Non bivalent
TWF1,Non bivalent
NELL2,Ni_higher_than_Pr
PLEKHA8P1,Non bivalent
LINC00938,Non bivalent
SCAF11,Non bivalent
SLC38A1,Non bivalent
SLC38A2,Non bivalent
SLC38A4,Always_up
AMIGO2,Always_up
RPAP3,Non bivalent
RAPGEF3,Ni_higher_than_Pr
HDAC7,Non bivalent
VDR,Always_up
COL2A1,Always_up
SENP1,Non bivalent
ASB8,Non bivalent
ZNF641,Ni_higher_than_Pr
KANSL2,Non bivalent
CCNT1,Non bivalent
ADCY6,Non bivalent
DDX23,Non bivalent
RND1,Non bivalent
FKBP11,Non bivalent
ARF3,Non bivalent
WNT10B,Pr_higher_than_Ni
PRKAG1,Non bivalent
KMT2D,Non bivalent
RHEBL1,Non bivalent
LMBR1L,Non bivalent
TUBA1B,Non bivalent
TUBA1A,Always_up
C1QL4,Always_up
MCRS1,Non bivalent
FAM186B,Non bivalent
FMNL3,Always_up
NCKAP5L,Non bivalent
BCDIN3D,Non bivalent
FAIM2,Non bivalent
RACGAP1,Non bivalent
CERS5,Non bivalent
LIMA1,Non bivalent
SLC11A2,Non bivalent
CSRNP2,Non bivalent
TFCP2,Non bivalent
POU6F1,Non bivalent
SMAGP,Non bivalent
BIN2,Non bivalent
GALNT6,Non bivalent
FIGNL2,Non bivalent
KRT80,Non bivalent
KRT8,Non bivalent
SPRYD3,Non bivalent
CSAD,Ni_higher_than_Pr
RARG,Non bivalent
AAAS,Non bivalent
MAP3K12,Non bivalent
ATF7,Non bivalent
ATP5G2,Non bivalent
CALCOCO1,Non bivalent
HOTAIR,Pr_higher_than_Ni
SMUG1,Non bivalent
CBX5,Non bivalent
NFE2,Non bivalent
ZNF385A,Non bivalent
ITGA5,Ni_higher_than_Pr
GTSF1,Ni_higher_than_Pr
PPP1R1A,Non bivalent
ITGA7,Non bivalent
CD63,Non bivalent
SARNP,Non bivalent
DNAJC14,Non bivalent
MMP19,Non bivalent
WIBG,Non bivalent
PMEL,Non bivalent
SMARCC2,Non bivalent
RNF41,Non bivalent
ANKRD52,Non bivalent
CS,Non bivalent
CNPY2,Non bivalent
PAN2,Non bivalent
STAT2,Non bivalent
TIMELESS,Non bivalent
GLS2,Always_up
BAZ2A,Non bivalent
ATP5B,Non bivalent
PTGES3,Non bivalent
NACA,Non bivalent
PRIM1,Non bivalent
ZBTB39,Non bivalent
TAC3,Non bivalent
NEMP1,Non bivalent
STAT6,Non bivalent
STAC3,Non bivalent
R3HDM2,Non bivalent
ARHGAP9,Non bivalent
DDIT3,Non bivalent
DCTN2,Non bivalent
B4GALNT1,Always_up
AGAP2,Always_up
CDK4,Non bivalent
CYP27B1,Always_up
METTL1,Non bivalent
AVIL,Non bivalent
CTDSP2,Non bivalent
LOC100506844,Always_up
LRIG3,Ni_higher_than_Pr
PPM1H,Non bivalent
C12orf66,Non bivalent
C12orf56,Non bivalent
GNS,Non bivalent
LLPH,Non bivalent
TMBIM4,Non bivalent
GRIP1,Non bivalent
MDM1,Non bivalent
CPM,Non bivalent
LINC01481,Non bivalent
ZFC3H1,Non bivalent
KRR1,Non bivalent
PHLDA1,Non bivalent
NAP1L1,Non bivalent
BBS10,Non bivalent
OSBPL8,Non bivalent
CSRP2,Non bivalent
E2F7,Non bivalent
PAWR,Non bivalent
PPP1R12A,Non bivalent
LIN7A,Ni_higher_than_Pr
CCDC59,Non bivalent
SLC6A15,Ni_higher_than_Pr
CEP290,Non bivalent
KITLG,Always_up
DUSP6,Ni_higher_than_Pr
GALNT4,Non bivalent
POC1B,Ni_higher_than_Pr
POC1B-GALNT4,Ni_higher_than_Pr
ATP2B1,Non bivalent
LUM,Non bivalent
DCN,Non bivalent
BTG1,Ni_higher_than_Pr
EEA1,Non bivalent
UBE2N,Non bivalent
CEP83,Non bivalent
TMCC3,Non bivalent
NDUFA12,Non bivalent
NR2C1,Non bivalent
FGD6,Non bivalent
USP44,Non bivalent
NTN4,Always_up
LTA4H,Non bivalent
CDK17,Non bivalent
SLC9A7P1,Always_up
TMPO-AS1,Non bivalent
IKBIP,Non bivalent
ANKS1B,Ni_higher_than_Pr
UHRF1BP1L,Non bivalent
GOLGA2P5,Ni_higher_than_Pr
ARL1,Non bivalent
SYCP3,Non bivalent
GNPTAB,Non bivalent
CCDC53,Non bivalent
NUP37,Non bivalent
IGF1,Non bivalent
NT5DC3,Non bivalent
C12orf73,Non bivalent
GLT8D2,Always_up
NFYB,Non bivalent
SLC41A2,Non bivalent
ALDH1L2,Always_up
APPL2,Always_up
NUAK1,Non bivalent
CKAP4,Non bivalent
MTERF2,Always_up
CRY1,Non bivalent
PRDM4,Non bivalent
CMKLR1,Always_up
SART3,Non bivalent
TMEM119,Non bivalent
SELPLG,Non bivalent
CORO1C,Non bivalent
SSH1,Non bivalent
ALKBH2,Non bivalent
KCTD10,Non bivalent
MMAB,Non bivalent
TRPV4,Ni_higher_than_Pr
GLTP,Non bivalent
GIT2,Non bivalent
C12orf76,Non bivalent
ANAPC7,Non bivalent
ARPC3,Non bivalent
GPN3,Non bivalent
VPS29,Non bivalent
PPTC7,Non bivalent
HVCN1,Non bivalent
PPP1CC,Non bivalent
FAM109A,Non bivalent
ATXN2,Non bivalent
BRAP,Non bivalent
MAPKAPK5-AS1,Non bivalent
TMEM116,Non bivalent
NAA25,Non bivalent
HECTD4,Non bivalent
RPL6,Non bivalent
DDX54,Non bivalent
IQCD,Non bivalent
SLC8B1,Non bivalent
LINC01234,Non bivalent
RBM19,Non bivalent
TBX5,Always_up
TBX3,Pr_higher_than_Ni
MED13L,Non bivalent
C12orf49,Non bivalent
HRK,Pr_higher_than_Ni
TESC,Ni_higher_than_Pr
FBXO21,Non bivalent
KSR2,Non bivalent
WSB2,Non bivalent
VSIG10,Non bivalent
TAOK3,Always_up
CIT,Non bivalent
RAB35,Non bivalent
GCN1,Non bivalent
RPLP0,Non bivalent
PXN,Non bivalent
MSI1,Ni_higher_than_Pr
TRIAP1,Non bivalent
SRSF9,Non bivalent
NRAV,Non bivalent
COQ5,Non bivalent
POP5,Non bivalent
SPPL3,Non bivalent
C12orf43,Ni_higher_than_Pr
CAMKK2,Non bivalent
ANAPC5,Non bivalent
KDM2B,Non bivalent
RHOF,Non bivalent
LINC01089,Non bivalent
HPD,Non bivalent
DIABLO,Non bivalent
VPS33A,Non bivalent
CLIP1,Non bivalent
ZCCHC8,Non bivalent
RSRC2,Non bivalent
HCAR2,Non bivalent
HCAR3,Non bivalent
HCAR1,Non bivalent
VPS37B,Non bivalent
ABCB9,Non bivalent
PITPNM2,Non bivalent
MPHOSPH9,Non bivalent
CDK2AP1,Non bivalent
SBNO1,Non bivalent
RILPL2,Non bivalent
RILPL1,Non bivalent
EIF2B1,Non bivalent
CCDC92,Always_up
NCOR2,Non bivalent
SCARB1,Non bivalent
UBC,Non bivalent
DHX37,Non bivalent
LINC00508,Non bivalent
SLC15A4,Non bivalent
FZD10-AS1,Always_up
RIMBP2,Non bivalent
STX2,Non bivalent
DDX51,Non bivalent
POLE,Non bivalent
ANKLE2,Non bivalent
GOLGA3,Non bivalent
CHFR,Non bivalent
ZNF605,Non bivalent
ZNF891,Non bivalent
MPHOSPH8,Non bivalent
ZMYM2,Non bivalent
IFT88,Non bivalent
IL17D,Always_up
SAP18,Non bivalent
MRPL57,Non bivalent
MIPEPP3,Non bivalent
FGF9,Always_up
LINC00540,Non bivalent
SGCG,Non bivalent
TNFRSF19,Non bivalent
C1QTNF9B-AS1,Non bivalent
SPATA13,Non bivalent
C1QTNF9,Non bivalent
TPTE2P6,Non bivalent
ATP12A,Pr_higher_than_Ni
RNF17,Non bivalent
PABPC3,Non bivalent
NUPL1,Non bivalent
ATP8A2,Always_up
CDK8,Non bivalent
WASF3,Ni_higher_than_Pr
RPL21,Non bivalent
RASL11A,Always_up
GTF3A,Non bivalent
POLR1D,Non bivalent
PAN3,Non bivalent
POMP,Non bivalent
USPL1,Non bivalent
ALOX5AP,Non bivalent
MEDAG,Always_up
B3GLCT,Non bivalent
FRY,Non bivalent
BRCA2,Non bivalent
PDS5B,Non bivalent
RFC3,Non bivalent
NBEA,Ni_higher_than_Pr
CCNA1,Always_up
RFXAP,Non bivalent
EXOSC8,Non bivalent
UFM1,Non bivalent
FREM2,Ni_higher_than_Pr
NHLRC3,Non bivalent
COG6,Ni_higher_than_Pr
SLC25A15,Non bivalent
WBP4,Non bivalent
NAA16,Non bivalent
RGCC,Pr_higher_than_Ni
DGKH,Ni_higher_than_Pr
AKAP11,Non bivalent
DNAJC15,Non bivalent
LACC1,Always_up
GPALPP1,Non bivalent
GTF2F2,Non bivalent
TPT1-AS1,Non bivalent
COG3,Non bivalent
CPB2-AS1,Non bivalent
LRCH1,Non bivalent
NUDT15,Non bivalent
ITM2B,Non bivalent
RB1,Non bivalent
CYSLTR2,Non bivalent
FNDC3A,Always_up
MLNR,Always_up
CDADC1,Non bivalent
SETDB2,Non bivalent
PHF11,Non bivalent
ARL11,Non bivalent
TRIM13,Non bivalent
DLEU1,Non bivalent
ST13P4,Non bivalent
RNASEH2B,Non bivalent
FAM124A,Always_up
WDFY2,Non bivalent
ALG11,Always_up
UTP14C,Non bivalent
LOC101929657,Non bivalent
CKAP2,Non bivalent
TPTE2P3,Ni_higher_than_Pr
HNRNPA1L2,Non bivalent
SUGT1,Non bivalent
PCDH17,Always_up
TDRD3,Non bivalent
BORA,Non bivalent
PIBF1,Non bivalent
KLF5,Pr_higher_than_Ni
UCHL3,Non bivalent
LMO7,Always_up
CLN5,Non bivalent
SLAIN1,Always_up
NDFIP2,Always_up
SLITRK5,Always_up
MIR17HG,Always_up
GPC6,Ni_higher_than_Pr
GPR180,Non bivalent
SOX21-AS1,Ni_higher_than_Pr
CLDN10,Non bivalent
DNAJC3,Non bivalent
HS6ST3,Always_up
MBNL2,Ni_higher_than_Pr
RAP2A,Non bivalent
IPO5,Non bivalent
FARP1,Non bivalent
DOCK9-AS2,Pr_higher_than_Ni
UBAC2,Non bivalent
TM9SF2,Non bivalent
CLYBL,Non bivalent
ZIC2,Always_up
PCCA,Non bivalent
ITGBL1,Ni_higher_than_Pr
FGF14-AS2,Ni_higher_than_Pr
TPP2,Non bivalent
BIVM,Non bivalent
BIVM-ERCC5,Non bivalent
ERCC5,Non bivalent
ABHD13,Non bivalent
COL4A2,Ni_higher_than_Pr
CARKD,Non bivalent
ING1,Non bivalent
ARHGEF7,Always_up
ATP11A,Ni_higher_than_Pr
MCF2L,Always_up
F10,Ni_higher_than_Pr
CUL4A,Non bivalent
LAMP1,Non bivalent
TMCO3,Non bivalent
TFDP1,Non bivalent
GAS6-AS2,Pr_higher_than_Ni
CDC16,Non bivalent
UPF3A,Non bivalent
CHAMP1,Non bivalent
TPTE2,Non bivalent
PSPC1,Non bivalent
ZMYM5,Non bivalent
GJA3,Always_up
CRYL1,Pr_higher_than_Ni
N6AMT2,Non bivalent
XPO4,Non bivalent
LATS2,Non bivalent
SKA3,Non bivalent
ZDHHC20,Non bivalent
MICU2,Always_up
SACS,Ni_higher_than_Pr
MIPEP,Non bivalent
C1QTNF9B,Non bivalent
PARP4,Non bivalent
CENPJ,Non bivalent
TPTE2P1,Non bivalent
MTMR6,Non bivalent
SHISA2,Ni_higher_than_Pr
RNF6,Non bivalent
USP12,Non bivalent
MTIF3,Non bivalent
LNX2,Non bivalent
CDX2,Always_up
URAD,Non bivalent
PAN3-AS1,Non bivalent
FLT1,Ni_higher_than_Pr
SLC46A3,Pr_higher_than_Ni
SLC7A1,Ni_higher_than_Pr
UBL3,Non bivalent
KATNAL1,Non bivalent
HMGB1,Non bivalent
HSPH1,Non bivalent
N4BP2L2,Non bivalent
STARD13,Non bivalent
MAB21L1,Always_up
DCLK1,Always_up
SOHLH2,Non bivalent
CCDC169,Non bivalent
SPG20,Non bivalent
SMAD9,Always_up
ALG5,Non bivalent
SUPT20H,Non bivalent
CSNK1A1L,Non bivalent
POSTN,Non bivalent
TRPC4,Ni_higher_than_Pr
PROSER1,Non bivalent
LHFP,Ni_higher_than_Pr
FOXO1,Always_up
MRPS31,Non bivalent
ELF1,Non bivalent
KBTBD6,Non bivalent
KBTBD7,Non bivalent
MTRF1,Non bivalent
VWA8,Non bivalent
LINC00428,Pr_higher_than_Ni
EPSTI1,Non bivalent
ENOX1,Always_up
CCDC122,Always_up
TSC22D1,Non bivalent
NUFIP1,Non bivalent
TPT1,Non bivalent
SLC25A30,Non bivalent
SIAH3,Always_up
ZC3H13,Non bivalent
LCP1,Non bivalent
KIAA0226L,Always_up
LINC01198,Ni_higher_than_Pr
ESD,Non bivalent
HTR2A,Always_up
SUCLA2,Non bivalent
MED4,Non bivalent
LPAR6,Non bivalent
RCBTB2,Non bivalent
CAB39L,Non bivalent
RCBTB1,Non bivalent
EBPL,Non bivalent
KPNA3,Non bivalent
SPRYD7,Non bivalent
DLEU2,Always_up
LINC00371,Non bivalent
INTS6,Non bivalent
DHRS12,Ni_higher_than_Pr
ATP7B,Always_up
NEK5,Non bivalent
NEK3,Non bivalent
MRPS31P5,Non bivalent
THSD1,Always_up
VPS36,Non bivalent
LECT1,Ni_higher_than_Pr
PCDH8,Pr_higher_than_Ni
LINC00458,Non bivalent
DIAPH3,Non bivalent
PCDH20,Always_up
PCDH9,Always_up
DACH1,Always_up
MZT1,Non bivalent
DIS3,Non bivalent
KLF12,Always_up
TBC1D4,Ni_higher_than_Pr
COMMD6,Non bivalent
KCTD12,Always_up
FBXL3,Non bivalent
MYCBP2,Always_up
EDNRB,Always_up
POU4F1,Always_up
RNF219,Always_up
RBM26,Non bivalent
SPRY2,Non bivalent
SLITRK1,Always_up
TGDS,Non bivalent
SOX21,Ni_higher_than_Pr
ABCC4,Always_up
DZIP1,Non bivalent
DNAJC3-AS1,Non bivalent
UGGT2,Non bivalent
STK24,Non bivalent
SLC15A1,Always_up
DOCK9,Pr_higher_than_Ni
UBAC2-AS1,Non bivalent
LINC01232,Non bivalent
ZIC5,Ni_higher_than_Pr
GGACT,Non bivalent
TMTC4,Always_up
TEX30,Non bivalent
KDELC1,Non bivalent
EFNB2,Non bivalent
ARGLU1,Non bivalent
FAM155A,Always_up
LIG4,Non bivalent
IRS2,Ni_higher_than_Pr
COL4A1,Ni_higher_than_Pr
RAB20,Non bivalent
CARS2,Non bivalent
LINC00346,Always_up
ANKRD10,Non bivalent
TUBGCP3,Non bivalent
MCF2L-AS1,Non bivalent
PCID2,Non bivalent
GRTP1,Non bivalent
ADPRHL1,Non bivalent
DCUN1D2,Non bivalent
GAS6,Pr_higher_than_Ni
RASA3,Non bivalent
LINC01296,Ni_higher_than_Pr
PARP2,Non bivalent
APEX1,Non bivalent
PNP,Non bivalent
ANG,Non bivalent
RNASE4,Non bivalent
METTL17,Non bivalent
SLC39A2,Non bivalent
ARHGEF40,Ni_higher_than_Pr
RPGRIP1,Non bivalent
TOX4,Pr_higher_than_Ni
ABHD4,Non bivalent
OXA1L,Non bivalent
MRPL52,Non bivalent
MMP14,Non bivalent
LRP10,Non bivalent
REM2,Non bivalent
C14orf119,Non bivalent
BCL2L2,Non bivalent
BCL2L2-PABPN1,Non bivalent
PABPN1,Non bivalent
NGDN,Non bivalent
THTPA,Non bivalent
DHRS4,Non bivalent
DHRS4L2,Non bivalent
LRRC16B,Non bivalent
PCK2,Non bivalent
DCAF11,Non bivalent
PSME1,Non bivalent
RNF31,Non bivalent
IRF9,Non bivalent
REC8,Non bivalent
GMPR2,Non bivalent
NOP9,Non bivalent
LTB4R2,Non bivalent
LTB4R,Non bivalent
NFATC4,Non bivalent
NYNRIN,Non bivalent
KHNYN,Non bivalent
LOC101927045,Non bivalent
FOXG1,Pr_higher_than_Ni
G2E3,Non bivalent
SCFD1,Non bivalent
COCH,Always_up
AP4S1,Non bivalent
NUBPL,Non bivalent
ARHGAP5,Non bivalent
AKAP6,Non bivalent
NPAS3,Always_up
SRP54,Non bivalent
FAM177A1,Non bivalent
KIAA0391,Non bivalent
PSMA6,Non bivalent
BRMS1L,Non bivalent
PAX9,Always_up
SLC25A21-AS1,Ni_higher_than_Pr
MIPOL1,Always_up
SSTR1,Always_up
GEMIN2,Non bivalent
PNN,Non bivalent
CTAGE5,Non bivalent
LOC644919,Non bivalent
LRFN5,Pr_higher_than_Ni
C14orf28,Non bivalent
FAM179B,Non bivalent
PRPF39,Non bivalent
FANCM,Non bivalent
RN7SL1,Non bivalent
LRR1,Non bivalent
MGAT2,Non bivalent
KLHDC2,Non bivalent
ARF6,Non bivalent
ATP5S,Non bivalent
ATL1,Non bivalent
ABHD12B,Always_up
TMX1,Non bivalent
FRMD6,Non bivalent
GNG2,Always_up
C14orf166,Non bivalent
PTGDR,Always_up
PTGER2,Always_up
GPR137C,Ni_higher_than_Pr
PSMC6,Non bivalent
STYX,Non bivalent
CDKN3,Non bivalent
CGRRF1,Non bivalent
SAMD4A,Non bivalent
SOCS4,Non bivalent
MAPK1IP1L,Non bivalent
LGALS3,Pr_higher_than_Ni
FBXO34,Non bivalent
KTN1,Non bivalent
PELI2,Ni_higher_than_Pr
TMEM260,Ni_higher_than_Pr
AP5M1,Non bivalent
NAA30,Non bivalent
ACTR10,Non bivalent
PSMA3,Non bivalent
ARID4A,Non bivalent
KIAA0586,Non bivalent
DACT1,Always_up
DAAM1,Always_up
JKAMP,Non bivalent
PCNXL4,Non bivalent
PPM1A,Non bivalent
MNAT1,Non bivalent
SLC38A6,Non bivalent
PRKCH,Always_up
HIF1A,Non bivalent
SNAPC1,Non bivalent
LINC00643,Always_up
SYNE2,Non bivalent
MTHFD1,Non bivalent
AKAP5,Non bivalent
ZBTB1,Non bivalent
HSPA2,Non bivalent
PLEKHG3,Ni_higher_than_Pr
CHURC1,Non bivalent
CHURC1-FNTB,Non bivalent
FNTB,Non bivalent
FUT8,Non bivalent
GPHN,Non bivalent
MPP5,Non bivalent
EIF2S1,Non bivalent
PLEKHH1,Non bivalent
ARG2,Non bivalent
RDH12,Non bivalent
RAD51B,Non bivalent
EXD2,Ni_higher_than_Pr
GALNT16,Always_up
SLC39A9,Non bivalent
SUSD6,Non bivalent
SRSF5,Non bivalent
SMOC1,Ni_higher_than_Pr
TTC9,Always_up
PCNX,Non bivalent
SIPA1L1,Non bivalent
DCAF4,Non bivalent
RBM25,Non bivalent
PSEN1,Non bivalent
PAPLN,Pr_higher_than_Ni
C14orf169,Non bivalent
ACOT1,Pr_higher_than_Ni
ACOT2,Non bivalent
ACOT4,Non bivalent
DNAL1,Non bivalent
PTGR2,Non bivalent
ZNF410,Non bivalent
COQ6,Non bivalent
CCDC176,Non bivalent
LIN52,Non bivalent
VRTN,Non bivalent
ISCA2,Non bivalent
FCF1,Non bivalent
YLPM1,Non bivalent
DLST,Non bivalent
EIF2B2,Non bivalent
ZC2HC1C,Non bivalent
FOS,Non bivalent
JDP2,Non bivalent
FLVCR2,Non bivalent
TTLL5,Non bivalent
IFT43,Non bivalent
GPATCH2L,Non bivalent
ESRRB,Non bivalent
VASH1,Always_up
CIPC,Non bivalent
TMEM63C,Ni_higher_than_Pr
GSTZ1,Non bivalent
AHSA1,Non bivalent
SLIRP,Non bivalent
ADCK1,Non bivalent
NRXN3,Ni_higher_than_Pr
FLRT2,Always_up
SPATA7,Non bivalent
ZC3H14,Non bivalent
TTC8,Non bivalent
FOXN3-AS1,Non bivalent
TDP1,Non bivalent
KCNK13,Pr_higher_than_Ni
PSMC1,Non bivalent
CALM1,Non bivalent
C14orf159,Non bivalent
CPSF2,Non bivalent
RIN3,Non bivalent
GOLGA5,Non bivalent
CHGA,Non bivalent
TMEM251,Non bivalent
UBR7,Non bivalent
OTUB2,Non bivalent
IFI27L1,Non bivalent
PPP4R4,Non bivalent
SERPINA5,Non bivalent
GLRX5,Non bivalent
TCL1B,Non bivalent
TUNAR,Ni_higher_than_Pr
C14orf132,Ni_higher_than_Pr
BDKRB2,Always_up
BDKRB1,Non bivalent
GSKIP,Non bivalent
AK7,Non bivalent
PAPOLA,Non bivalent
VRK1,Non bivalent
CCNK,Non bivalent
HHIPL1,Non bivalent
EML1,Always_up
EVL,Non bivalent
YY1,Non bivalent
WDR25,Non bivalent
DLK1,Always_up
MEG3,Non bivalent
SNHG24,Non bivalent
MEG9,Non bivalent
DIO3,Always_up
PPP2R5C,Non bivalent
DYNC1H1,Pr_higher_than_Ni
WDR20,Non bivalent
ZNF839,Non bivalent
TECPR2,Non bivalent
RCOR1,Non bivalent
TRAF3,Non bivalent
AMN,Non bivalent
TNFAIP2,Non bivalent
EIF5,Non bivalent
MARK3,Non bivalent
TRMT61A,Non bivalent
APOPT1,Non bivalent
KLC1,Non bivalent
ZFYVE21,Non bivalent
TDRD9,Always_up
ASPG,Non bivalent
KIF26A,Non bivalent
INF2,Non bivalent
ADSSL1,Non bivalent
SIVA1,Non bivalent
ZBTB42,Pr_higher_than_Ni
LINC00638,Non bivalent
CEP170B,Non bivalent
C14orf79,Non bivalent
BTBD6,Non bivalent
PACS2,Non bivalent
MTA1,Non bivalent
CRIP2,Non bivalent
CRIP1,Non bivalent
C14orf80,Pr_higher_than_Ni
TMEM121,Always_up
TTC5,Non bivalent
CCNB1IP1,Non bivalent
RPPH1,Non bivalent
TEP1,Non bivalent
OSGEP,Non bivalent
TMEM55B,Non bivalent
RNASE1,Non bivalent
LOC101929718,Non bivalent
NDRG2,Always_up
ZNF219,Non bivalent
LINC00641,Non bivalent
HNRNPC,Non bivalent
SUPT16H,Non bivalent
CHD8,Non bivalent
RAB2B,Pr_higher_than_Ni
METTL3,Non bivalent
SALL2,Non bivalent
DAD1,Non bivalent
SLC7A7,Non bivalent
RBM23,Non bivalent
PRMT5,Non bivalent
HAUS4,Non bivalent
AJUBA,Non bivalent
C14orf93,Non bivalent
PSMB5,Non bivalent
CDH24,Non bivalent
ACIN1,Non bivalent
SLC7A8,Non bivalent
HOMEZ,Ni_higher_than_Pr
PPP1R3E,Always_up
SLC22A17,Ni_higher_than_Pr
EFS,Always_up
ZFHX2,Non bivalent
AP1G2,Non bivalent
DHRS4-AS1,Non bivalent
NRL,Non bivalent
EMC9,Non bivalent
PSME2,Non bivalent
IPO4,Non bivalent
TM9SF1,Non bivalent
CHMP4A,Non bivalent
MDP1,Non bivalent
NEDD8,Non bivalent
TINF2,Non bivalent
TGM1,Non bivalent
RABGGTA,Non bivalent
DHRS1,Non bivalent
CBLN3,Non bivalent
SDR39U1,Non bivalent
STXBP6,Always_up
NOVA1,Ni_higher_than_Pr
PRKD1,Always_up
STRN3,Non bivalent
HECTD1,Non bivalent
HEATR5A,Non bivalent
DTD2,Non bivalent
ARHGAP5-AS1,Non bivalent
EGLN3,Non bivalent
SPTSSA,Non bivalent
EAPP,Non bivalent
SNX6,Non bivalent
CFL2,Ni_higher_than_Pr
BAZ1A,Always_up
PPP2R3C,Non bivalent
NFKBIA,Non bivalent
RALGAPA1,Non bivalent
MBIP,Ni_higher_than_Pr
FOXA1,Always_up
SEC23A,Non bivalent
TRAPPC6B,Non bivalent
FBXO33,Non bivalent
KLHL28,Non bivalent
FKBP3,Non bivalent
MIS18BP1,Non bivalent
RPL10L,Always_up
MDGA2,Always_up
LINC00648,Non bivalent
RPS29,Non bivalent
RPL36AL,Non bivalent
DNAAF2,Non bivalent
POLE2,Non bivalent
NEMF,Non bivalent
RN7SL2,Non bivalent
VCPKMT,Non bivalent
SOS2,Non bivalent
L2HGDH,Non bivalent
CDKL1,Always_up
MAP4K5,Non bivalent
SAV1,Non bivalent
NIN,Always_up
PYGL,Non bivalent
NID2,Always_up
TXNDC16,Ni_higher_than_Pr
ERO1A,Non bivalent
GNPNAT1,Non bivalent
FERMT2,Non bivalent
DDHD1,Non bivalent
BMP4,Always_up
CNIH1,Non bivalent
GMFB,Non bivalent
GCH1,Always_up
WDHD1,Non bivalent
DLGAP5,Non bivalent
ATG14,Non bivalent
TBPL2,Non bivalent
KTN1-AS1,Non bivalent
OTX2,Always_up
EXOC5,Non bivalent
C14orf37,Ni_higher_than_Pr
PSMA3-AS1,Non bivalent
TIMM9,Non bivalent
L3HYPDH,Non bivalent
RTN1,Ni_higher_than_Pr
DHRS7,Non bivalent
SIX1,Always_up
SIX4,Non bivalent
TRMT5,Non bivalent
TMEM30B,Always_up
KCNH5,Always_up
PPP2R5E,Non bivalent
WDR89,Non bivalent
SGPP1,Pr_higher_than_Ni
ZBTB25,Non bivalent
SPTB,Non bivalent
GPX2,Non bivalent
RAB15,Non bivalent
MAX,Non bivalent
FUT8-AS1,Non bivalent
ATP6V1D,Non bivalent
PLEK2,Always_up
TMEM229B,Pr_higher_than_Ni
PIGH,Non bivalent
VTI1B,Non bivalent
RDH11,Non bivalent
ZFYVE26,Non bivalent
ZFP36L1,Non bivalent
ACTN1,Non bivalent
DCAF5,Ni_higher_than_Pr
ERH,Non bivalent
COX16,Always_up
SYNJ2BP,Non bivalent
MED6,Non bivalent
MAP3K9,Non bivalent
DPF3,Always_up
ZFYVE1,Non bivalent
NUMB,Non bivalent
PNMA1,Non bivalent
ELMSAN1,Pr_higher_than_Ni
FAM161B,Non bivalent
ENTPD5,Non bivalent
ALDH6A1,Non bivalent
ABCD4,Non bivalent
NPC2,Non bivalent
LTBP2,Always_up
AREL1,Non bivalent
RPS6KL1,Non bivalent
PGF,Non bivalent
MLH3,Non bivalent
ACYP1,Non bivalent
NEK9,Non bivalent
TMED10,Non bivalent
LOC102724153,Non bivalent
C14orf1,Non bivalent
TGFB3,Non bivalent
LOC100506603,Non bivalent
ANGEL1,Non bivalent
IRF2BPL,Non bivalent
ZDHHC22,Always_up
NGB,Ni_higher_than_Pr
POMT2,Non bivalent
TMED8,Non bivalent
VIPAS39,Non bivalent
ISM2,Always_up
SPTLC2,Non bivalent
ALKBH1,Non bivalent
SNW1,Non bivalent
CEP128,Non bivalent
GTF2A1,Non bivalent
STON2,Non bivalent
SEL1L,Non bivalent
GALC,Always_up
KCNK10,Always_up
PTPN21,Non bivalent
EML5,Always_up
FOXN3,Non bivalent
EFCAB11,Non bivalent
NRDE2,Always_up
TTC7B,Non bivalent
RPS6KA5,Non bivalent
CCDC88C,Non bivalent
PPP4R3A,Non bivalent
TC2N,Non bivalent
FBLN5,Always_up
TRIP11,Non bivalent
ATXN3,Non bivalent
NDUFB1,Non bivalent
LGMN,Non bivalent
ITPK1,Non bivalent
MOAP1,Non bivalent
C14orf142,Non bivalent
BTBD7,Non bivalent
PRIMA1,Non bivalent
DDX24,Non bivalent
IFI27L2,Ni_higher_than_Pr
GSC,Always_up
DICER1,Non bivalent
CLMN,Always_up
LINC00341,Non bivalent
SNHG10,Non bivalent
TCL1A,Non bivalent
ATG2B,Non bivalent
LOC730202,Non bivalent
BCL11B,Always_up
SETD3,Non bivalent
CCDC85C,Non bivalent
SLC25A29,Non bivalent
WARS,Non bivalent
BEGAIN,Non bivalent
HSP90AA1,Non bivalent
MOK,Non bivalent
CINP,Non bivalent
ANKRD9,Non bivalent
CDC42BPB,Non bivalent
CKB,Always_up
BAG5,Non bivalent
XRCC3,Non bivalent
PPP1R13B,Always_up
C14orf2,Non bivalent
TMEM179,Non bivalent
AKT1,Non bivalent
AHNAK2,Non bivalent
CDCA4,Non bivalent
JAG2,Non bivalent
NUDT14,Non bivalent
BRF1,Non bivalent
REREP3,Ni_higher_than_Pr
WHAMMP3,Always_up
LOC283683,Always_up
NIPA1,Non bivalent
NIPA2,Non bivalent
MKRN3,Non bivalent
SNRPN,Non bivalent
SNURF,Non bivalent
PWARSN,Non bivalent
PWAR5,Non bivalent
IPW,Non bivalent
GABRA5,Always_up
GABRG3,Always_up
HERC2P9,Non bivalent
WHAMMP2,Always_up
PDCD6IPP2,Ni_higher_than_Pr
GOLGA8J,Non bivalent
FAN1,Non bivalent
GREM1,Always_up
CHRM5,Non bivalent
PGBD4,Ni_higher_than_Pr
EMC4,Non bivalent
NUTM1,Non bivalent
C15orf41,Non bivalent
SPRED1,Ni_higher_than_Pr
FAM98B,Non bivalent
THBS1,Ni_higher_than_Pr
EIF2AK4,Non bivalent
SRP14-AS1,Non bivalent
BUB1B,Non bivalent
PAK6,Non bivalent
INAFM2,Non bivalent
DISP2,Always_up
KNSTRN,Non bivalent
IVD,Non bivalent
BAHD1,Non bivalent
CHST14,Non bivalent
RPUSD2,Non bivalent
CASC5,Non bivalent
RAD51,Non bivalent
GCHFR,Non bivalent
ZFYVE19,Non bivalent
SPINT1,Non bivalent
VPS18,Non bivalent
DLL4,Always_up
CHAC1,Non bivalent
CHP1,Non bivalent
OIP5-AS1,Non bivalent
NUSAP1,Non bivalent
RTF1,Non bivalent
ITPKA,Pr_higher_than_Ni
TYRO3,Non bivalent
MGA,Pr_higher_than_Ni
MAPKBP1,Non bivalent
JMJD7,Non bivalent
JMJD7-PLA2G4B,Non bivalent
PLA2G4B,Non bivalent
GANC,Non bivalent
CAPN3,Non bivalent
SNAP23,Non bivalent
HAUS2,Non bivalent
STARD9,Always_up
TMEM62,Pr_higher_than_Ni
CCNDBP1,Non bivalent
ADAL,Non bivalent
TUBGCP4,Non bivalent
MAP1A,Non bivalent
CKMT1B,Non bivalent
CKMT1A,Non bivalent
PDIA3,Non bivalent
SERF2,Ni_higher_than_Pr
HYPK,Non bivalent
WDR76,Non bivalent
CASC4,Non bivalent
CTDSPL2,Non bivalent
EIF3J,Non bivalent
B2M,Non bivalent
SORD,Non bivalent
DUOX1,Always_up
SLC28A2,Always_up
SPATA5L1,Non bivalent
BLOC1S6,Ni_higher_than_Pr
SEMA6D,Always_up
DUT,Non bivalent
EID1,Non bivalent
GALK2,Non bivalent
FGF7,Non bivalent
DTWD1,Non bivalent
SLC27A2,Always_up
GABPB1-AS1,Non bivalent
USP8,Non bivalent
AP4E1,Non bivalent
GLDN,Always_up
SCG3,Ni_higher_than_Pr
TMOD2,Always_up
TMOD3,Non bivalent
MAPK6,Non bivalent
PIGB,Non bivalent
C15orf65,Non bivalent
TEX9,Always_up
TCF12,Non bivalent
CGNL1,Non bivalent
GCOM1,Always_up
MYZAP,Always_up
POLR2M,Ni_higher_than_Pr
FAM63B,Non bivalent
RNF111,Non bivalent
CCNB2,Non bivalent
FAM81A,Pr_higher_than_Ni
GCNT3,Non bivalent
FOXB1,Always_up
TLN2,Non bivalent
TPM1,Non bivalent
LACTB,Non bivalent
RAB8B,Non bivalent
APH1B,Always_up
USP3,Ni_higher_than_Pr
SNX1,Ni_higher_than_Pr
SNX22,Non bivalent
TRIP4,Ni_higher_than_Pr
ZNF609,Non bivalent
PLEKHO2,Non bivalent
ANKDD1A,Always_up
HACD3,Non bivalent
SLC24A1,Non bivalent
RAB11A,Non bivalent
DIS3L,Non bivalent
MAP2K1,Non bivalent
ZWILCH,Non bivalent
SMAD6,Always_up
SMAD3,Non bivalent
IQCH,Non bivalent
C15orf61,Non bivalent
MAP2K5,Non bivalent
PIAS1,Non bivalent
FEM1B,Non bivalent
CORO2B,Ni_higher_than_Pr
SPESP1,Non bivalent
GLCE,Non bivalent
KIF23,Non bivalent
RPLP1,Non bivalent
LRRC49,Non bivalent
THSD4,Non bivalent
SENP8,Non bivalent
ARIH1,Non bivalent
BBS4,Non bivalent
NEO1,Ni_higher_than_Pr
CD276,Non bivalent
LOXL1,Non bivalent
PML,Non bivalent
ISLR2,Always_up
ISLR,Non bivalent
LOC729739,Non bivalent
UBL7-AS1,Non bivalent
ARID3B,Non bivalent
CLK3,Non bivalent
CSK,Non bivalent
MPI,Non bivalent
SCAMP5,Non bivalent
PPCDC,Non bivalent
C15orf39,Non bivalent
COMMD4,Non bivalent
NEIL1,Non bivalent
SNX33,Non bivalent
ODF3L1,Non bivalent
UBE2Q2,Non bivalent
FBXO22,Non bivalent
C15orf27,Always_up
RCN2,Ni_higher_than_Pr
HMG20A,Non bivalent
IDH3A,Non bivalent
DNAJA4,Non bivalent
CRABP1,Always_up
IREB2,Non bivalent
HYKK,Pr_higher_than_Ni
PSMA4,Non bivalent
CHRNA5,Ni_higher_than_Pr
MORF4L1,Non bivalent
TMED3,Always_up
KIAA1024,Always_up
ST20-AS1,Non bivalent
ZFAND6,Non bivalent
FAH,Non bivalent
ARNT2,Always_up
ABHD17C,Always_up
CEMIP,Always_up
MESDC1,Non bivalent
GOLGA6L9,Non bivalent
SNHG21,Non bivalent
WHAMM,Non bivalent
FAM103A1,Non bivalent
SH3GL3,Non bivalent
ADAMTSL3,Always_up
ZSCAN2,Non bivalent
SCAND2P,Non bivalent
ZNF592,Non bivalent
ALPK3,Ni_higher_than_Pr
PDE8A,Always_up
AKAP13,Non bivalent
MRPS11,Non bivalent
AEN,Non bivalent
ISG20,Non bivalent
ACAN,Always_up
ABHD2,Non bivalent
FANCI,Non bivalent
LINC00925,Pr_higher_than_Ni
TICRR,Non bivalent
ZNF710,Non bivalent
SEMA4B,Non bivalent
GDPGP1,Non bivalent
NGRN,Non bivalent
ZNF774,Non bivalent
IQGAP1,Non bivalent
CRTC3,Always_up
BLM,Non bivalent
FURIN,Non bivalent
FES,Non bivalent
MAN2A2,Non bivalent
UNC45A,Non bivalent
RCCD1,Non bivalent
SLCO3A1,Always_up
ST8SIA2,Always_up
LINC01578,Non bivalent
CHD2,Non bivalent
MCTP2,Non bivalent
NR2F2,Always_up
ARRDC4,Non bivalent
IGF1R,Ni_higher_than_Pr
SYNM,Always_up
LRRC28,Non bivalent
MEF2A,Non bivalent
ASB7,Non bivalent
ALDH1A3,Always_up
LRRK1,Pr_higher_than_Ni
WASH3P,Non bivalent
HERC2P3,Non bivalent
HERC2P7,Ni_higher_than_Pr
CYFIP1,Non bivalent
MAGEL2,Non bivalent
NDN,Always_up
UBE3A,Non bivalent
ATP10A,Always_up
GABRB3,Non bivalent
OCA2,Pr_higher_than_Ni
HERC2,Non bivalent
TJP1,Non bivalent
OTUD7A,Non bivalent
DKFZP434L187,Always_up
LOC100288637,Non bivalent
FMN1,Non bivalent
AVEN,Non bivalent
EMC7,Ni_higher_than_Pr
KATNBL1,Non bivalent
SLC12A6,Non bivalent
NOP10,Non bivalent
LPCAT4,Non bivalent
GOLGA8A,Always_up
GOLGA8B,Non bivalent
GJD2,Always_up
ACTC1,Always_up
AQR,Non bivalent
ZNF770,Non bivalent
DPH6,Non bivalent
CSNK1A1P1,Non bivalent
MEIS2,Non bivalent
RASGRP1,Always_up
GPR176,Always_up
SRP14,Non bivalent
BMF,Non bivalent
C15orf56,Always_up
PLCB2,Non bivalent
C15orf57,Non bivalent
RAD51-AS1,Non bivalent
RMDN3,Non bivalent
DNAJC17,Non bivalent
PPP1R14D,Non bivalent
RHOV,Non bivalent
INO80,Non bivalent
OIP5,Non bivalent
NDUFAF1,Non bivalent
LTK,Always_up
RPAP1,Non bivalent
SPTBN5,Non bivalent
EHD4,Non bivalent
PLA2G4F,Non bivalent
VPS39,Non bivalent
TMEM87A,Non bivalent
ZNF106,Non bivalent
LRRC57,Non bivalent
CDAN1,Non bivalent
TTBK2,Pr_higher_than_Ni
UBR1,Non bivalent
LCMT2,Non bivalent
ZSCAN29,Non bivalent
TP53BP1,Non bivalent
PPIP5K1,Non bivalent
CATSPER2P1,Non bivalent
MFAP1,Non bivalent
PIN4P1,Non bivalent
FRMD5,Ni_higher_than_Pr
EIF3J-AS1,Non bivalent
SPG11,Non bivalent
DUOXA1,Always_up
SHF,Non bivalent
GATM,Always_up
SLC30A4,Always_up
MYEF2,Always_up
FBN1,Ni_higher_than_Pr
CEP152,Non bivalent
SECISBP2L,Non bivalent
COPS2,Non bivalent
ATP8B4,Non bivalent
FLJ10038,Non bivalent
GABPB1,Non bivalent
TRPM7,Non bivalent
SPPL2A,Non bivalent
TNFAIP8L3,Always_up
CYP19A1,Always_up
DMXL2,Always_up
LYSMD2,Always_up
LEO1,Non bivalent
GNB5,Non bivalent
MYO5C,Non bivalent
MYO5A,Always_up
ARPP19,Non bivalent
FAM214A,Non bivalent
WDR72,Ni_higher_than_Pr
RSL24D1,Non bivalent
RAB27A,Non bivalent
PIGBOS1,Non bivalent
CCPG1,Non bivalent
DYX1C1-CCPG1,Non bivalent
DYX1C1,Non bivalent
PYGO1,Always_up
PRTG,Ni_higher_than_Pr
NEDD4,Always_up
RFX7,Non bivalent
MNS1,Always_up
ZNF280D,Non bivalent
LOC145783,Non bivalent
ALDH1A2,Ni_higher_than_Pr
ADAM10,Non bivalent
SLTM,Non bivalent
MYO1E,Non bivalent
GTF2A2,Non bivalent
BNIP2,Non bivalent
ANXA2,Pr_higher_than_Ni
ICE2,Non bivalent
RORA,Always_up
VPS13C,Always_up
RPS27L,Non bivalent
CA12,Ni_higher_than_Pr
HERC1,Non bivalent
FAM96A,Non bivalent
PPIB,Non bivalent
CSNK1G1,Non bivalent
KIAA0101,Ni_higher_than_Pr
OAZ2,Non bivalent
RBPMS2,Non bivalent
PIF1,Non bivalent
SPG21,Non bivalent
MTFMT,Non bivalent
RASL12,Non bivalent
PDCD7,Non bivalent
CLPX,Non bivalent
PARP16,Non bivalent
IGDCC3,Ni_higher_than_Pr
IGDCC4,Ni_higher_than_Pr
DPP8,Non bivalent
VWA9,Non bivalent
DENND4A,Non bivalent
TIPIN,Non bivalent
SNAPC5,Ni_higher_than_Pr
RPL4,Non bivalent
AAGAB,Non bivalent
IQCH-AS1,Non bivalent
CALML4,Non bivalent
CLN6,Non bivalent
ITGA11,Always_up
ANP32A,Always_up
TLE3,Non bivalent
UACA,Non bivalent
LARP6,Non bivalent
THAP10,Non bivalent
MYO9A,Non bivalent
GRAMD2,Non bivalent
PKM,Non bivalent
PARP6,Non bivalent
CELF6,Non bivalent
HEXA,Non bivalent
ADPGK,Non bivalent
HCN4,Always_up
NPTN-IT1,Non bivalent
NPTN,Non bivalent
C15orf59,Non bivalent
LOXL1-AS1,Non bivalent
STOML1,Non bivalent
STRA6,Non bivalent
CYP11A1,Non bivalent
SEMA7A,Non bivalent
UBL7,Non bivalent
EDC3,Non bivalent
ULK3,Non bivalent
SCAMP2,Non bivalent
FAM219B,Non bivalent
COX5A,Non bivalent
RPP25,Non bivalent
MAN2C1,Non bivalent
SIN3A,Non bivalent
PTPN9,Non bivalent
SNUPN,Non bivalent
IMP3,Non bivalent
CSPG4,Non bivalent
ETFA,Always_up
SCAPER,Non bivalent
TSPAN3,Non bivalent
PEAK1,Ni_higher_than_Pr
LINGO1,Non bivalent
TBC1D2B,Non bivalent
CIB2,Non bivalent
ACSBG1,Non bivalent
WDR61,Non bivalent
CHRNA3,Always_up
CHRNB4,Always_up
ADAMTS7,Non bivalent
CTSH,Non bivalent
RASGRF1,Always_up
MTHFS,Non bivalent
ST20,Non bivalent
LINC01314,Always_up
MESDC2,Non bivalent
STARD5,Always_up
MEX3B,Non bivalent
EFTUD1,Non bivalent
GOLGA2P10,Non bivalent
CPEB1,Always_up
AP3B2,Non bivalent
FSD2,Non bivalent
HOMER2,Always_up
C15orf40,Non bivalent
BTBD1,Non bivalent
HDGFRP3,Ni_higher_than_Pr
BNC1,Always_up
LOC642423,Non bivalent
GOLGA2P7,Non bivalent
GOLGA6L4,Non bivalent
WDR73,Non bivalent
NMB,Non bivalent
SEC11A,Non bivalent
KLHL25,Non bivalent
NTRK3,Ni_higher_than_Pr
MRPL46,Non bivalent
DET1,Non bivalent
HAPLN3,Non bivalent
MFGE8,Non bivalent
POLG,Non bivalent
KIF7,Non bivalent
PEX11A,Non bivalent
MESP1,Always_up
ANPEP,Always_up
AP3S2,Non bivalent
ARPIN,Non bivalent
C15orf38-AP3S2,Non bivalent
IDH2,Non bivalent
CIB1,Non bivalent
HDDC3,Non bivalent
PRC1,Non bivalent
VPS33B,Ni_higher_than_Pr
FAM174B,Always_up
RGMA,Ni_higher_than_Pr
IRAIN,Ni_higher_than_Pr
TTC23,Non bivalent
LYSMD4,Non bivalent
ADAMTS17,Always_up
PRKXP1,Always_up
LINS,Non bivalent
CHSY1,Non bivalent
VIMP,Non bivalent
SNRPA1,Non bivalent
PCSK6,Always_up
TM2D3,Ni_higher_than_Pr
TARSL2,Always_up
SNRNP25,Non bivalent
MPG,Non bivalent
HBA2,Always_up
HBA1,Pr_higher_than_Ni
ITFG3,Non bivalent
ARHGDIG,Non bivalent
PDIA2,Non bivalent
NME4,Non bivalent
DECR2,Non bivalent
CAPN15,Non bivalent
PRR35,Non bivalent
PIGQ,Non bivalent
RAB40C,Non bivalent
WFIKKN1,Non bivalent
FAM195A,Non bivalent
WDR90,Non bivalent
RHOT2,Non bivalent
RHBDL1,Non bivalent
STUB1,Non bivalent
METRN,Non bivalent
FAM173A,Non bivalent
HAGHL,Non bivalent
MSLN,Non bivalent
CHTF18,Non bivalent
SOX8,Non bivalent
CACNA1H,Non bivalent
UBE2I,Non bivalent
BAIAP3,Non bivalent
GNPTG,Non bivalent
TELO2,Non bivalent
TMEM204,Non bivalent
CRAMP1L,Non bivalent
HN1L,Non bivalent
MAPK8IP3,Non bivalent
EME2,Non bivalent
NUBP2,Non bivalent
FAHD1,Pr_higher_than_Ni
NDUFB10,Non bivalent
SNHG9,Non bivalent
TBL3,Non bivalent
GFER,Non bivalent
SYNGR3,Non bivalent
NPW,Non bivalent
SLC9A3R2,Non bivalent
TSC2,Non bivalent
TRAF7,Non bivalent
MLST8,Non bivalent
E4F1,Non bivalent
DNASE1L2,Non bivalent
CCNF,Non bivalent
C16orf59,Non bivalent
NTN3,Non bivalent
TBC1D24,Non bivalent
ATP6V0C,Non bivalent
AMDHD2,Non bivalent
PDPK1,Non bivalent
LOC652276,Non bivalent
FLJ42627,Non bivalent
KCTD5,Non bivalent
SRRM2,Non bivalent
PRSS41,Non bivalent
FLYWCH2,Non bivalent
FLYWCH1,Non bivalent
KREMEN2,Non bivalent
PAQR4,Non bivalent
TNFRSF12A,Non bivalent
THOC6,Non bivalent
MMP25,Non bivalent
IL32,Non bivalent
ZNF205,Non bivalent
ZNF213,Non bivalent
ZNF263,Non bivalent
ZNF75A,Non bivalent
ZNF174,Non bivalent
NAA60,Non bivalent
CLUAP1,Non bivalent
DNASE1,Non bivalent
GLIS2,Non bivalent
VASN,Non bivalent
DNAJA3,Non bivalent
C16orf96,Non bivalent
MGRN1,Non bivalent
NUDT16L1,Non bivalent
UBN1,Non bivalent
SEC14L5,Non bivalent
ALG1,Ni_higher_than_Pr
RBFOX1,Always_up
METTL22,Non bivalent
ABAT,Non bivalent
PMM2,Non bivalent
C16orf72,Non bivalent
ATF7IP2,Non bivalent
NUBP1,Non bivalent
CLEC16A,Non bivalent
RMI2,Non bivalent
SNN,Non bivalent
SNX29,Non bivalent
SHISA9,Always_up
ERCC4,Non bivalent
MKL2,Non bivalent
NOMO1,Non bivalent
PDXDC1,Non bivalent
ABCC1,Non bivalent
TMC7,Non bivalent
COQ7,Non bivalent
ITPRIPL2,Always_up
SYT17,Non bivalent
TMC5,Non bivalent
CCP110,Non bivalent
C16orf62,Non bivalent
IQCK,Non bivalent
ACSM3,Non bivalent
LOC81691,Non bivalent
LYRM1,Non bivalent
TMEM159,Non bivalent
METTL9,Non bivalent
UQCRC2,Non bivalent
C16orf52,Non bivalent
EEF2K,Non bivalent
POLR3E,Non bivalent
SMG1P1,Non bivalent
NPIPB5,Non bivalent
LOC653786,Non bivalent
UBFD1,Non bivalent
DCTN5,Non bivalent
PLK1,Non bivalent
PRKCB,Ni_higher_than_Pr
RBBP6,Non bivalent
TNRC6A,Non bivalent
LCMT1,Non bivalent
KDM8,Non bivalent
IL4R,Non bivalent
IL21R,Non bivalent
KIAA0556,Non bivalent
SBK1,Non bivalent
APOBR,Non bivalent
CCDC101,Non bivalent
NPIPB8,Non bivalent
EIF3C,Non bivalent
EIF3CL,Non bivalent
ATXN2L,Non bivalent
SH2B1,Non bivalent
ATP2A1,Non bivalent
CD19,Non bivalent
NFATC2IP,Non bivalent
SPNS1,Non bivalent
LAT,Non bivalent
RRN3P2,Non bivalent
SLX1A,Non bivalent
SPN,Non bivalent
QPRT,Non bivalent
KIF22,Non bivalent
MAZ,Non bivalent
PRRT2,Non bivalent
PAGR1,Non bivalent
MVP,Non bivalent
ASPHD1,Non bivalent
TMEM219,Non bivalent
TAOK2,Non bivalent
INO80E,Non bivalent
ALDOA,Non bivalent
PPP4C,Non bivalent
CORO1A,Non bivalent
SLX1B,Non bivalent
SLX1A-SULT1A3,Non bivalent
SLX1B-SULT1A4,Non bivalent
SULT1A3,Non bivalent
SULT1A4,Non bivalent
MYLPF,Non bivalent
ZNF48,Non bivalent
ZNF771,Non bivalent
ITGAL,Non bivalent
PRR14,Non bivalent
FBRS,Non bivalent
SRCAP,Non bivalent
TMEM265,Non bivalent
PHKG2,Non bivalent
RNF40,Non bivalent
CTF1,Non bivalent
FBXL19,Non bivalent
ORAI3,Non bivalent
SETD1A,Non bivalent
HSD3B7,Non bivalent
STX4,Non bivalent
ZNF646,Non bivalent
BCKDK,Non bivalent
KAT8,Non bivalent
FUS,Non bivalent
PYCARD-AS1,Pr_higher_than_Ni
ITGAM,Non bivalent
ARMC5,Non bivalent
TGFB1I1,Non bivalent
CLUHP3,Always_up
ZNF720,Non bivalent
ZNF267,Non bivalent
TP53TG3D,Non bivalent
ORC6,Non bivalent
GPT2,Non bivalent
PHKB,Non bivalent
LONP2,Non bivalent
LOC100507577,Non bivalent
CNEP1R1,Non bivalent
HEATR3,Non bivalent
PAPD5,Non bivalent
ADCY7,Non bivalent
NKD1,Always_up
CYLD,Always_up
CHD9,Non bivalent
RBL2,Non bivalent
FTO,Non bivalent
FTO-IT1,Non bivalent
IRX5,Always_up
IRX6,Always_up
MMP2,Always_up
LPCAT2,Non bivalent
GNAO1,Always_up
OGFOD1,Non bivalent
MT2A,Always_up
MT1L,Always_up
MT1E,Always_up
MT1M,Pr_higher_than_Ni
MT1JP,Always_up
MT1A,Always_up
MT1F,Always_up
MT1H,Pr_higher_than_Ni
MT1X,Non bivalent
NUP93,Non bivalent
SLC12A3,Non bivalent
HERPUD1,Non bivalent
NLRC5,Non bivalent
CPNE2,Non bivalent
RSPRY1,Non bivalent
ARL2BP,Non bivalent
CX3CL1,Non bivalent
COQ9,Non bivalent
POLR2C,Non bivalent
ADGRG5,Non bivalent
ADGRG1,Non bivalent
KATNB1,Non bivalent
USB1,Non bivalent
MMP15,Non bivalent
CCDC113,Non bivalent
GINS3,Non bivalent
NDRG4,Always_up
SETD6,Non bivalent
LOC101927580,Non bivalent
CDH5,Non bivalent
BEAN1,Always_up
CKLF,Non bivalent
CMTM1,Non bivalent
CMTM3,Non bivalent
PDP2,Non bivalent
CES2,Non bivalent
CES3,Non bivalent
CES4A,Non bivalent
CBFB,Non bivalent
C16orf70,Non bivalent
FBXL8,Pr_higher_than_Ni
HSF4,Pr_higher_than_Ni
NOL3,Non bivalent
E2F4,Non bivalent
ELMO3,Non bivalent
TMEM208,Non bivalent
SLC9A5,Non bivalent
PLEKHG4,Non bivalent
HSD11B2,Non bivalent
FAM65A,Always_up
CTCF,Non bivalent
RLTPR,Non bivalent
C16orf86,Non bivalent
TSNAXIP1,Non bivalent
THAP11,Non bivalent
NUTF2,Non bivalent
EDC4,Non bivalent
NRN1L,Non bivalent
PSKH1,Non bivalent
DUS2,Non bivalent
NFATC3,Non bivalent
PLA2G15,Non bivalent
SLC7A6,Pr_higher_than_Ni
PRMT7,Non bivalent
ZFP90,Non bivalent
CDH3,Non bivalent
CDH1,Non bivalent
TANGO6,Non bivalent
HAS3,Non bivalent
CIRH1A,Non bivalent
SNTB2,Non bivalent
VPS4A,Non bivalent
NIP7,Non bivalent
CYB5B,Non bivalent
NFAT5,Pr_higher_than_Ni
WWP2,Non bivalent
PDPR,Non bivalent
DDX19B,Non bivalent
DDX19A,Non bivalent
FUK,Non bivalent
SF3B3,Non bivalent
IL34,Non bivalent
CALB2,Non bivalent
CHST4,Non bivalent
MARVELD3,Non bivalent
ATXN1L,Non bivalent
IST1,Non bivalent
DHODH,Always_up
DHX38,Non bivalent
PSMD7,Non bivalent
NPIPB15,Non bivalent
ZNRF1,Non bivalent
ZFP1,Non bivalent
GABARAPL2,Non bivalent
TERF2IP,Non bivalent
CNTNAP4,Non bivalent
MON1B,Ni_higher_than_Pr
SYCE1L,Non bivalent
NUDT7,Non bivalent
VAT1L,Ni_higher_than_Pr
WWOX,Ni_higher_than_Pr
CENPN,Non bivalent
ATMIN,Non bivalent
GAN,Non bivalent
CMIP,Non bivalent
PLCG2,Always_up
CDH13,Always_up
HSBP1,Non bivalent
MLYCD,Non bivalent
OSGIN1,Non bivalent
NECAB2,Non bivalent
ADAD2,Non bivalent
WFDC1,Non bivalent
ATP2C2,Always_up
KLHL36,Always_up
USP10,Non bivalent
CRISPLD2,Always_up
KIAA0513,Non bivalent
GSE1,Non bivalent
COX4I1,Non bivalent
IRF8,Always_up
FOXF1,Pr_higher_than_Ni
FOXC2,Always_up
FOXL1,Pr_higher_than_Ni
MAP1LC3B,Non bivalent
JPH3,Non bivalent
BANP,Non bivalent
ZNF469,Non bivalent
ZFPM1,Non bivalent
ZC3H18,Non bivalent
SNAI3-AS1,Non bivalent
CTU2,Non bivalent
CDT1,Non bivalent
TRAPPC2L,Non bivalent
ACSF3,Non bivalent
CDH15,Non bivalent
ZNF778,Ni_higher_than_Pr
SPG7,Non bivalent
RPL13,Non bivalent
CPNE7,Non bivalent
DPEP1,Non bivalent
SPATA33,Non bivalent
CDK10,Non bivalent
VPS9D1-AS1,Non bivalent
ZNF276,Non bivalent
SPIRE2,Non bivalent
TCF25,Non bivalent
MC1R,Non bivalent
TUBB3,Non bivalent
DEF8,Pr_higher_than_Ni
AFG3L1P,Non bivalent
GAS8,Non bivalent
POLR3K,Non bivalent
RHBDF1,Non bivalent
NPRL3,Non bivalent
LUC7L,Non bivalent
RGS11,Non bivalent
AXIN1,Non bivalent
MRPL28,Non bivalent
TMEM8A,Non bivalent
C16orf13,Non bivalent
JMJD8,Non bivalent
WDR24,Non bivalent
FBXL16,Non bivalent
CCDC78,Non bivalent
NARFL,Non bivalent
RPUSD1,Non bivalent
LMF1,Always_up
TSR3,Non bivalent
UNKL,Non bivalent
C16orf91,Non bivalent
CLCN7,Non bivalent
IFT140,Pr_higher_than_Ni
NME3,Non bivalent
MRPS34,Non bivalent
SPSB3,Non bivalent
HAGH,Pr_higher_than_Ni
MEIOB,Non bivalent
HS3ST6,Non bivalent
MSRB1,Non bivalent
RPL3L,Non bivalent
RPS2,Non bivalent
NOXO1,Always_up
ZNF598,Non bivalent
NTHL1,Non bivalent
PKD1,Non bivalent
SNHG19,Non bivalent
CASKIN1,Non bivalent
BRICD5,Non bivalent
PGP,Non bivalent
ECI1,Non bivalent
RNPS1,Non bivalent
ABCA3,Pr_higher_than_Ni
ERVK13-1,Non bivalent
TCEB2,Non bivalent
PRSS30P,Non bivalent
PKMYT1,Non bivalent
CLDN6,Non bivalent
HCFC1R1,Non bivalent
CCDC64B,Non bivalent
MMP25-AS1,Non bivalent
ZSCAN10,Non bivalent
ZNF213-AS1,Non bivalent
ZNF200,Non bivalent
TIGD7,Non bivalent
ZSCAN32,Non bivalent
ZNF597,Non bivalent
NLRC3,Non bivalent
SLX4,Non bivalent
TRAP1,Non bivalent
CREBBP,Non bivalent
ADCY9,Always_up
LINC01569,Non bivalent
TFAP4,Non bivalent
CORO7,Non bivalent
NMRAL1,Non bivalent
CDIP1,Non bivalent
UBALD1,Non bivalent
ANKS3,Non bivalent
ZNF500,Non bivalent
SEPT12,Non bivalent
ROGDI,Non bivalent
GLYR1,Non bivalent
PPL,Non bivalent
NAGPA,Non bivalent
EEF2KMT,Non bivalent
TMEM186,Non bivalent
CARHSP1,Non bivalent
USP7,Non bivalent
GRIN2A,Ni_higher_than_Pr
EMP2,Non bivalent
TVP23A,Non bivalent
DEXI,Non bivalent
SOCS1,Non bivalent
LITAF,Non bivalent
TXNDC11,Non bivalent
ZC3H7A,Non bivalent
BCAR4,Non bivalent
RSL1D1,Non bivalent
GSPT1,Non bivalent
CPPED1,Non bivalent
PARN,Non bivalent
MYH11,Always_up
XYLT1,Non bivalent
RPS15A,Non bivalent
ARL6IP1,Non bivalent
SMG1,Non bivalent
GDE1,Non bivalent
KNOP1,Non bivalent
GPRC5B,Non bivalent
THUMPD1,Non bivalent
ERI2,Non bivalent
DCUN1D3,Non bivalent
DNAH3,Non bivalent
CRYM,Pr_higher_than_Ni
NPIPB3,Non bivalent
SMG1P3,Non bivalent
SLC7A5P2,Non bivalent
RRN3P1,Non bivalent
NPIPB4,Non bivalent
LOC100190986,Non bivalent
CDR2,Non bivalent
RRN3P3,Non bivalent
USP31,Non bivalent
COG7,Non bivalent
GGA2,Non bivalent
EARS2,Non bivalent
NDUFAB1,Non bivalent
PALB2,Non bivalent
ARHGAP17,Non bivalent
LCMT1-AS2,Non bivalent
ZKSCAN2,Non bivalent
NSMCE1,Non bivalent
GTF3C1,Non bivalent
XPO6,Non bivalent
NPIPB6,Non bivalent
CLN3,Non bivalent
NUPR1,Non bivalent
SULT1A2,Non bivalent
SULT1A1,Non bivalent
TUFM,Non bivalent
ATP2A1-AS1,Non bivalent
RABEP2,Non bivalent
NPIPB11,Non bivalent
BOLA2,Non bivalent
SMG1P2,Non bivalent
SLC7A5P1,Non bivalent
CDIPT,Non bivalent
SEZ6L2,Non bivalent
KCTD13,Non bivalent
HIRIP3,Non bivalent
DOC2A,Non bivalent
TBX6,Non bivalent
YPEL3,Non bivalent
GDPD3,Non bivalent
MAPK3,Non bivalent
BOLA2B,Non bivalent
LOC613037,Non bivalent
SMG1P5,Non bivalent
CD2BP2,Non bivalent
TBC1D10B,Non bivalent
SEPT1,Non bivalent
DCTPP1,Non bivalent
SEPHS2,Non bivalent
ZNF768,Non bivalent
ZNF747,Non bivalent
ZNF764,Non bivalent
ZNF688,Non bivalent
ZNF785,Non bivalent
ZNF689,Non bivalent
LOC730183,Non bivalent
C16orf93,Non bivalent
ZNF629,Non bivalent
BCL7C,Non bivalent
FBXL19-AS1,Non bivalent
STX1B,Non bivalent
ZNF668,Non bivalent
PRSS53,Non bivalent
VKORC1,Non bivalent
PRSS8,Non bivalent
PYCARD,Non bivalent
C16orf58,Non bivalent
HERC2P4,Non bivalent
LOC390705,Non bivalent
TP53TG3C,Non bivalent
SLC6A10P,Non bivalent
UBE2MP1,Ni_higher_than_Pr
ANKRD26P1,Ni_higher_than_Pr
SHCBP1,Non bivalent
VPS35,Non bivalent
MYLK3,Non bivalent
C16orf87,Non bivalent
DNAJA2,Non bivalent
NETO2,Always_up
ITFG1,Non bivalent
SIAH1,Non bivalent
N4BP1,Non bivalent
CBLN1,Always_up
ZNF423,Non bivalent
BRD7,Non bivalent
SALL1,Always_up
TOX3,Ni_higher_than_Pr
AKTIP,Non bivalent
RPGRIP1L,Non bivalent
IRX3,Always_up
CRNDE,Always_up
AMFR,Non bivalent
NUDT21,Non bivalent
BBS2,Non bivalent
MT1G,Pr_higher_than_Ni
FAM192A,Non bivalent
PLLP,Non bivalent
CIAPIN1,Non bivalent
DOK4,Non bivalent
CCDC102A,Non bivalent
KIFC3,Non bivalent
ZNF319,Non bivalent
CFAP20,Non bivalent
CSNK2A2,Non bivalent
CNOT1,Non bivalent
SLC38A7,Non bivalent
GOT2,Non bivalent
CDH8,Always_up
CDH11,Always_up
TK2,Non bivalent
CMTM4,Non bivalent
DYNC1LI2,Non bivalent
NAE1,Non bivalent
RRAD,Non bivalent
FAM96B,Non bivalent
B3GNT9,Non bivalent
TRADD,Pr_higher_than_Ni
KIAA0895L,Pr_higher_than_Ni
EXOC3L1,Non bivalent
LRRC29,Non bivalent
FHOD1,Non bivalent
TPPP3,Pr_higher_than_Ni
ZDHHC1,Non bivalent
ATP6V0D1,Non bivalent
ACD,Non bivalent
ENKD1,Non bivalent
GFOD2,Non bivalent
RANBP10,Non bivalent
CENPT,Non bivalent
CTRL,Non bivalent
PSMB10,Non bivalent
LCAT,Non bivalent
SLC12A4,Non bivalent
DDX28,Non bivalent
ESRP2,Pr_higher_than_Ni
SLC7A6OS,Non bivalent
SMPD3,Non bivalent
CHTF8,Non bivalent
PDF,Non bivalent
COG8,Non bivalent
TERF2,Non bivalent
NQO1,Non bivalent
NOB1,Non bivalent
PDXDC2P,Non bivalent
SMG1P7,Non bivalent
EXOSC6,Non bivalent
AARS,Non bivalent
LOC100506083,Non bivalent
ST3GAL2,Non bivalent
COG4,Non bivalent
MTSS1L,Non bivalent
VAC14,Always_up
HYDIN,Non bivalent
CMTR2,Non bivalent
ZNF23,Always_up
ZNF19,Always_up
PHLPP2,Non bivalent
AP1G1,Non bivalent
ZNF821,Non bivalent
TXNL4B,Non bivalent
LINC01572,Non bivalent
ZFHX3,Always_up
LOC283922,Non bivalent
GLG1,Non bivalent
RFWD3,Non bivalent
MLKL,Non bivalent
FA2H,Non bivalent
WDR59,Non bivalent
LDHD,Non bivalent
BCAR1,Non bivalent
CFDP1,Non bivalent
TMEM170A,Non bivalent
CHST6,Non bivalent
TMEM231,Non bivalent
ADAT1,Non bivalent
KARS,Non bivalent
ADAMTS18,Always_up
MAF,Always_up
CDYL2,Always_up
CMC2,Non bivalent
C16orf46,Non bivalent
GCSH,Non bivalent
PKD1L2,Non bivalent
SDR42E1,Ni_higher_than_Pr
MPHOSPH6,Always_up
MBTPS1,Non bivalent
HSDL1,Non bivalent
TAF1C,Non bivalent
TLDC1,Non bivalent
COTL1,Ni_higher_than_Pr
ZDHHC7,Non bivalent
GINS2,Non bivalent
C16orf74,Pr_higher_than_Ni
EMC8,Non bivalent
FENDRR,Always_up
MTHFSD,Non bivalent
C16orf95,Non bivalent
FBXO31,Non bivalent
ZCCHC14,Non bivalent
KLHDC4,Non bivalent
SLC7A5,Non bivalent
CYBA,Non bivalent
MVD,Non bivalent
SNAI3,Non bivalent
RNF166,Non bivalent
PIEZO1,Non bivalent
APRT,Non bivalent
GALNS,Non bivalent
CBFA2T3,Non bivalent
SLC22A31,Non bivalent
ANKRD11,Non bivalent
CHMP1A,Non bivalent
SPATA2L,Non bivalent
VPS9D1,Non bivalent
FANCA,Non bivalent
CENPBD1,Non bivalent
DBNDD1,Non bivalent
C17orf97,Non bivalent
FAM57A,Non bivalent
RNMTL1,Non bivalent
TIMM22,Non bivalent
PITPNA-AS1,Non bivalent
SERPINF1,Non bivalent
RPA1,Non bivalent
DPH1,Always_up
OVCA2,Non bivalent
HIC1,Always_up
SRR,Non bivalent
SGSM2,Non bivalent
PAFAH1B1,Non bivalent
RAP1GAP2,Non bivalent
ASPA,Non bivalent
CTNS,Non bivalent
EMC6,Non bivalent
GSG2,Non bivalent
CYB5D2,Non bivalent
SPNS2,Always_up
SMTNL2,Always_up
ARRB2,Non bivalent
MED11,Non bivalent
GLTPD2,Always_up
PSMB6,Non bivalent
PLD2,Non bivalent
MINK1,Non bivalent
C17orf107,Non bivalent
RNF167,Non bivalent
ENO3,Non bivalent
KIF1C,Pr_higher_than_Ni
ZFP3,Non bivalent
USP6,Non bivalent
RABEP1,Non bivalent
RPAIN,Non bivalent
MIS12,Non bivalent
LOC339166,Always_up
WSCD1,Always_up
FAM64A,Non bivalent
TXNDC17,Non bivalent
C17orf100,Non bivalent
XAF1,Non bivalent
ALOX12,Pr_higher_than_Ni
RNASEK,Non bivalent
C17orf49,Non bivalent
BCL6B,Non bivalent
SLC16A13,Non bivalent
ACADVL,Non bivalent
ELP5,Non bivalent
SLC2A4,Non bivalent
EIF5A,Non bivalent
KCTD11,Non bivalent
TNK1,Always_up
NLGN2,Non bivalent
TMEM102,Non bivalent
FGF11,Non bivalent
CHRNB1,Non bivalent
POLR2A,Non bivalent
TNFSF12,Non bivalent
TNFSF13,Non bivalent
SENP3,Non bivalent
SENP3-EIF4A1,Non bivalent
EIF4A1,Non bivalent
CD68,Non bivalent
MPDU1,Non bivalent
SHBG,Non bivalent
ATP1B2,Non bivalent
WRAP53,Non bivalent
EFNB3,Non bivalent
DNAH2,Ni_higher_than_Pr
KDM6B,Non bivalent
TMEM88,Non bivalent
CYB5D1,Non bivalent
CHD3,Non bivalent
CNTROB,Non bivalent
PFAS,Non bivalent
RANGRF,Non bivalent
ARHGEF15,Non bivalent
NDEL1,Non bivalent
NTN1,Always_up
USP43,Non bivalent
GLP2R,Non bivalent
ADPRM,Non bivalent
SHISA6,Always_up
DNAH9,Always_up
MAP2K4,Pr_higher_than_Ni
MYOCD,Always_up
ARHGAP44,Non bivalent
COX10,Non bivalent
HS3ST3B1,Always_up
MGC12916,Always_up
ZNF286A,Non bivalent
MEIS3P1,Non bivalent
ADORA2B,Always_up
TTC19,Non bivalent
PIGL,Non bivalent
UBB,Non bivalent
TRPV2,Non bivalent
LRRC75A-AS1,Non bivalent
CCDC144A,Non bivalent
USP32P1,Non bivalent
FAM106CP,Non bivalent
MPRIP,Non bivalent
NT5M,Non bivalent
MED9,Non bivalent
RAI1,Always_up
GID4,Non bivalent
DRG2,Non bivalent
MYO15A,Non bivalent
ALKBH5,Non bivalent
LLGL1,Non bivalent
MIEF2,Non bivalent
SMCR8,Non bivalent
EVPLL,Non bivalent
KRT16P1,Non bivalent
TRIM16L,Non bivalent
TVP23B,Non bivalent
PRPSAP2,Non bivalent
EPN2,Non bivalent
MAPK7,Non bivalent
RNF112,Non bivalent
SLC47A1,Pr_higher_than_Ni
ALDH3A2,Non bivalent
SPECC1,Always_up
CCDC144CP,Non bivalent
FAM106B,Non bivalent
LOC100287072,Non bivalent
CCDC144NL-AS1,Non bivalent
DHRS7B,Non bivalent
MAP2K3,Always_up
KCNJ12,Non bivalent
WSB1,Non bivalent
KSR1,Non bivalent
LGALS9,Non bivalent
NLK,Non bivalent
PYY2,Non bivalent
TMEM97,Non bivalent
TNFAIP1,Non bivalent
TMEM199,Non bivalent
SARM1,Non bivalent
SUPT6H,Non bivalent
RPL23A,Ni_higher_than_Pr
NEK8,Non bivalent
TRAF4,Non bivalent
ERAL1,Non bivalent
PIPOX,Non bivalent
TAOK1,Non bivalent
TP53I13,Non bivalent
ANKRD13B,Non bivalent
NSRP1,Non bivalent
CPD,Always_up
GOSR1,Non bivalent
LRRC37BP1,Non bivalent
SUZ12P1,Non bivalent
ATAD5,Non bivalent
ADAP2,Always_up
RNF135,Non bivalent
DPRXP4,Non bivalent
NF1,Non bivalent
RAB11FIP4,Non bivalent
SUZ12,Non bivalent
LRRC37B,Non bivalent
SH3GL1P1,Non bivalent
RHOT1,Non bivalent
RHBDL3,Always_up
ZNF207,Non bivalent
PSMD11,Non bivalent
CDK5R1,Non bivalent
TMEM98,Always_up
CCL2,Non bivalent
ZNF830,Ni_higher_than_Pr
LIG3,Non bivalent
SLFN5,Non bivalent
AP2B1,Non bivalent
RASL10B,Non bivalent
ZNHIT3,Non bivalent
PIGW,Non bivalent
DHRS11,Non bivalent
AATF,Non bivalent
DUSP14,Non bivalent
TBC1D3H,Non bivalent
TBC1D3I,Non bivalent
MRPL45,Non bivalent
ARHGAP23,Non bivalent
MLLT6,Non bivalent
CISD3,Non bivalent
PSMB3,Non bivalent
LASP1,Non bivalent
RPL19,Non bivalent
CDK12,Non bivalent
STARD3,Non bivalent
ERBB2,Non bivalent
GRB7,Non bivalent
PSMD3,Non bivalent
THRA,Non bivalent
MSL1,Non bivalent
CASC3,Non bivalent
RAPGEFL1,Non bivalent
WIPF2,Non bivalent
CDC6,Non bivalent
RARA,Non bivalent
IGFBP4,Ni_higher_than_Pr
TMEM99,Ni_higher_than_Pr
EIF1,Non bivalent
FKBP10,Non bivalent
TTC25,Non bivalent
CNP,Non bivalent
NKIRAS2,Non bivalent
STAT5A,Non bivalent
ATP6V0A1,Non bivalent
NAGLU,Non bivalent
HSD17B1,Non bivalent
COASY,Non bivalent
MLX,Non bivalent
TUBG1,Non bivalent
TUBG2,Non bivalent
CNTNAP1,Ni_higher_than_Pr
RAMP2,Always_up
VPS25,Non bivalent
WNK4,Non bivalent
PSME3,Non bivalent
AOC2,Non bivalent
AOC3,Non bivalent
RUNDC1,Non bivalent
RPL27,Non bivalent
IFI35,Non bivalent
RND2,Non bivalent
NBR2,Non bivalent
NBR1,Non bivalent
TMEM106A,Non bivalent
ARL4D,Non bivalent
DHX8,Non bivalent
NAGS,Non bivalent
G6PC3,Non bivalent
C17orf53,Non bivalent
TMUB2,Non bivalent
RUNDC3A,Non bivalent
GRN,Non bivalent
FZD2,Ni_higher_than_Pr
C17orf104,Always_up
DBF4B,Non bivalent
ADAM11,Non bivalent
CCDC103,Non bivalent
NMT1,Non bivalent
ACBD4,Non bivalent
HEXIM1,Non bivalent
HEXIM2,Non bivalent
FMNL1,Always_up
CRHR1-IT1,Non bivalent
MAPT,Non bivalent
KANSL1-AS1,Non bivalent
NSF,Non bivalent
GOSR2,Non bivalent
MYL4,Non bivalent
ITGB3,Always_up
EFCAB13,Non bivalent
NPEPPS,Non bivalent
KPNB1,Non bivalent
TBKBP1,Non bivalent
SP2,Non bivalent
PNPO,Non bivalent
CDK5RAP3,Non bivalent
NFE2L1,Non bivalent
SNX11,Non bivalent
HOXB-AS1,Pr_higher_than_Ni
HOXB-AS3,Pr_higher_than_Ni
PRAC2,Pr_higher_than_Ni
CALCOCO2,Non bivalent
ATP5G1,Non bivalent
UBE2Z,Non bivalent
IGF2BP1,Non bivalent
ABI3,Non bivalent
NGFR,Always_up
NXPH3,Non bivalent
KAT7,Non bivalent
DLX4,Pr_higher_than_Ni
ITGA3,Non bivalent
PDK2,Non bivalent
TMEM92,Non bivalent
XYLT2,Non bivalent
EME1,Non bivalent
ACSF2,Non bivalent
RSAD1,Non bivalent
EPN3,Non bivalent
SPATA20,Non bivalent
CACNA1G,Always_up
LUC7L3,Non bivalent
NME1-NME2,Non bivalent
NME1,Non bivalent
NME2,Non bivalent
UTP18,Ni_higher_than_Pr
TOM1L1,Non bivalent
STXBP4,Non bivalent
PCTP,Non bivalent
NOG,Always_up
DGKE,Always_up
SCPEP1,Non bivalent
AKAP1,Non bivalent
MSI2,Always_up
DYNLL2,Non bivalent
BZRAP1-AS1,Non bivalent
RAD51C,Non bivalent
PPM1E,Ni_higher_than_Pr
PRR11,Non bivalent
SMG8,Non bivalent
GDPD1,Non bivalent
YPEL2,Non bivalent
DHX40,Always_up
CLTC,Non bivalent
VMP1,Non bivalent
RPS6KB1,Non bivalent
CA4,Always_up
PPM1D,Non bivalent
BCAS3,Non bivalent
TBX2,Always_up
TBX4,Always_up
METTL2A,Non bivalent
TLK2,Non bivalent
MRC2,Non bivalent
TANC2,Non bivalent
ACE,Always_up
DCAF7,Non bivalent
TACO1,Non bivalent
MAP3K3,Non bivalent
LOC729683,Non bivalent
DDX42,Non bivalent
PSMC5,Non bivalent
PRR29,Always_up
CEP95,Non bivalent
LOC100507002,Non bivalent
PRKCA,Always_up
CACNG4,Always_up
PITPNC1,Non bivalent
NOL11,Non bivalent
BPTF,Non bivalent
KPNA2,Non bivalent
LINC00674,Always_up
AMZ2,Non bivalent
ARSG,Non bivalent
PRKAR1A,Non bivalent
MAP2K6,Non bivalent
SOX9,Always_up
SSTR2,Ni_higher_than_Pr
COG1,Non bivalent
C17orf80,Non bivalent
RPL38,Ni_higher_than_Pr
TTYH2,Non bivalent
GPRC5C,Non bivalent
RAB37,Non bivalent
SLC9A3R1,Non bivalent
TMEM104,Non bivalent
CDR2L,Non bivalent
ICT1,Non bivalent
KCTD2,Non bivalent
SLC16A5,Non bivalent
ARMC7,Non bivalent
NUP85,Non bivalent
MRPS7,Non bivalent
LOC100287042,Non bivalent
KIAA0195,Non bivalent
TSEN54,Non bivalent
LLGL2,Non bivalent
MYO15B,Non bivalent
SAP30BP,Non bivalent
ITGB4,Always_up
UNK,Non bivalent
TEN1,Non bivalent
TEN1-CDK3,Non bivalent
CDK3,Non bivalent
UBALD2,Non bivalent
SPHK1,Non bivalent
SNHG16,Non bivalent
LOC105274304,Non bivalent
METTL23,Non bivalent
MFSD11,Non bivalent
MGAT5B,Non bivalent
SEC14L1,Non bivalent
SNHG20,Non bivalent
SEPT9,Non bivalent
LOC100507351,Non bivalent
TNRC6C,Non bivalent
TMC8,Non bivalent
SYNGR2,Non bivalent
AFMID,Non bivalent
BIRC5,Non bivalent
PGS1,Non bivalent
C1QTNF1,Always_up
ENGASE,Non bivalent
CBX2,Non bivalent
CCDC40,Non bivalent
GAA,Non bivalent
CARD14,Non bivalent
SLC26A11,Non bivalent
RNF213,Non bivalent
ENDOV,Always_up
RPTOR,Non bivalent
CHMP6,Non bivalent
BAIAP2,Non bivalent
C17orf89,Non bivalent
BAHCC1,Non bivalent
TSPAN10,Non bivalent
CCDC137,Non bivalent
HGS,Non bivalent
MRPL12,Non bivalent
SLC25A10,Non bivalent
GCGR,Always_up
ANAPC11,Non bivalent
MAFG-AS1,Non bivalent
ASPSCR1,Non bivalent
LRRC45,Non bivalent
RAC3,Non bivalent
GPS1,Non bivalent
SLC16A3,Pr_higher_than_Ni
TEX19,Non bivalent
UTS2R,Non bivalent
HEXDC,Non bivalent
NARF,Non bivalent
FOXK2,Non bivalent
FN3KRP,Non bivalent
FN3K,Non bivalent
TBCD,Non bivalent
RPL23AP87,Non bivalent
DOC2B,Non bivalent
FAM101B,Non bivalent
VPS53,Non bivalent
GEMIN4,Non bivalent
GLOD4,Non bivalent
NXN,Non bivalent
YWHAE,Non bivalent
CRK,Non bivalent
MYO1C,Non bivalent
INPP5K,Non bivalent
PITPNA,Non bivalent
SLC43A2,Non bivalent
RILP,Non bivalent
TLCD2,Non bivalent
MIR22HG,Non bivalent
SMYD4,Non bivalent
RTN4RL1,Pr_higher_than_Ni
SMG6,Non bivalent
TSR1,Non bivalent
MNT,Non bivalent
METTL16,Non bivalent
CLUH,Non bivalent
OR3A2,Non bivalent
SPATA22,Non bivalent
TRPV3,Non bivalent
TRPV1,Non bivalent
SHPK,Non bivalent
TAX1BP3,Non bivalent
P2RX5-TAX1BP3,Always_up
ITGAE,Non bivalent
C17orf85,Non bivalent
CAMKK1,Non bivalent
ATP2A3,Always_up
ZZEF1,Non bivalent
ANKFY1,Non bivalent
UBE2G1,Non bivalent
MYBBP1A,Non bivalent
ALOX15,Always_up
PELP1,Non bivalent
CXCL16,Always_up
CHRNE,Non bivalent
SLC25A11,Non bivalent
PFN1,Non bivalent
SPAG7,Non bivalent
CAMTA2,Non bivalent
INCA1,Pr_higher_than_Ni
LOC102724009,Non bivalent
SLC52A1,Non bivalent
ZNF232,Non bivalent
ZNF594,Non bivalent
NUP88,Non bivalent
C1QBP,Ni_higher_than_Pr
DHX33,Non bivalent
DERL2,Non bivalent
LOC728392,Ni_higher_than_Pr
PITPNM3,Non bivalent
KIAA0753,Non bivalent
MED31,Non bivalent
ASGR1,Non bivalent
DLG4,Non bivalent
DVL2,Non bivalent
PHF23,Non bivalent
GABARAP,Non bivalent
CTDNEP1,Non bivalent
CLDN7,Non bivalent
YBX2,Non bivalent
GPS2,Non bivalent
NEURL4,Non bivalent
PLSCR3,Non bivalent
TMEM256,Non bivalent
TMEM256-PLSCR3,Non bivalent
ZBTB4,Non bivalent
SOX15,Non bivalent
FXR2,Non bivalent
SAT2,Non bivalent
TP53,Non bivalent
NAA38,Non bivalent
LOC284023,Non bivalent
KCNAB3,Non bivalent
TRAPPC1,Non bivalent
ALOXE3,Non bivalent
PER1,Non bivalent
VAMP2,Non bivalent
TMEM107,Non bivalent
C17orf59,Non bivalent
AURKB,Non bivalent
CTC1,Non bivalent
SLC25A35,Non bivalent
LOC100128288,Non bivalent
KRBA2,Non bivalent
RPL26,Non bivalent
MYH10,Non bivalent
PIK3R5,Always_up
STX8,Non bivalent
GAS7,Always_up
MYH13,Non bivalent
MYH3,Non bivalent
SCO1,Non bivalent
TMEM220,Non bivalent
ZNF18,Non bivalent
ELAC2,Non bivalent
HS3ST3A1,Non bivalent
COX10-AS1,Non bivalent
PMP22,Always_up
CDRT4,Non bivalent
TVP23C,Non bivalent
TVP23C-CDRT4,Non bivalent
TRIM16,Non bivalent
ZSWIM7,Non bivalent
NCOR1,Non bivalent
CENPV,Non bivalent
ZNF287,Always_up
ZNF624,Non bivalent
KRT16P2,Non bivalent
PLD6,Non bivalent
FLCN,Non bivalent
COPS3,Ni_higher_than_Pr
RASD1,Non bivalent
PEMT,Non bivalent
SREBF1,Non bivalent
TOM1L2,Non bivalent
ATPAF2,Non bivalent
FLII,Non bivalent
TOP3A,Non bivalent
SHMT1,Non bivalent
USP32P2,Non bivalent
FAM106A,Non bivalent
CCDC144B,Non bivalent
FOXO3B,Non bivalent
ZNF286B,Non bivalent
FAM83G,Non bivalent
GRAP,Non bivalent
B9D1,Non bivalent
MFAP4,Non bivalent
ULK2,Non bivalent
AKAP10,Non bivalent
KRT16P3,Non bivalent
USP22,Non bivalent
TMEM11,Non bivalent
NATD1,Non bivalent
C17orf51,Always_up
NOS2,Non bivalent
LYRM9,Always_up
IFT20,Non bivalent
POLDIP2,Non bivalent
VTN,Non bivalent
SLC46A1,Non bivalent
UNC119,Non bivalent
PIGS,Non bivalent
ALDOC,Non bivalent
SPAG5,Non bivalent
SGK494,Non bivalent
KIAA0100,Non bivalent
SDF2,Non bivalent
PROCA1,Non bivalent
NARR,Ni_higher_than_Pr
RAB34,Ni_higher_than_Pr
TLCD1,Non bivalent
FAM222B,Non bivalent
FLOT2,Non bivalent
DHRS13,Non bivalent
PHF12,Non bivalent
SEZ6,Always_up
TIAF1,Non bivalent
MYO18A,Non bivalent
NUFIP2,Non bivalent
ABHD15,Pr_higher_than_Ni
GIT1,Non bivalent
CORO6,Non bivalent
SSH2,Non bivalent
BLMH,Always_up
CRLF3,Non bivalent
TEFM,Non bivalent
COPRS,Non bivalent
UTP6,Non bivalent
C17orf75,Non bivalent
MYO1D,Non bivalent
RFFL,Non bivalent
RAD51D,Non bivalent
NLE1,Non bivalent
SLFN11,Pr_higher_than_Ni
SLFN12,Ni_higher_than_Pr
SLFN13,Always_up
PEX12,Non bivalent
MMP28,Always_up
LRRC37A8P,Non bivalent
CCL3L3,Non bivalent
MYO19,Non bivalent
SYNRG,Non bivalent
DDX52,Non bivalent
HNF1B,Always_up
LOC101060389,Non bivalent
LOC440434,Non bivalent
PCGF2,Non bivalent
RPL23,Non bivalent
CACNB1,Non bivalent
STAC2,Always_up
FBXL20,Non bivalent
MED1,Non bivalent
PGAP3,Non bivalent
MIEN1,Ni_higher_than_Pr
GSDMB,Non bivalent
ORMDL3,Non bivalent
MED24,Non bivalent
NR1D1,Non bivalent
TOP2A,Non bivalent
TNS4,Non bivalent
CCR7,Non bivalent
SMARCE1,Non bivalent
KRT24,Non bivalent
KRT10,Ni_higher_than_Pr
KRT23,Non bivalent
KRT19,Non bivalent
LINC00974,Non bivalent
KRT16,Non bivalent
KRT17,Non bivalent
HAP1,Always_up
JUP,Non bivalent
P3H4,Non bivalent
NT5C3B,Non bivalent
KLHL11,Ni_higher_than_Pr
ACLY,Non bivalent
DNAJC7,Non bivalent
ZNF385C,Non bivalent
DHX58,Non bivalent
KAT2A,Non bivalent
RAB5C,Non bivalent
GHDC,Non bivalent
STAT5B,Non bivalent
STAT3,Non bivalent
PTRF,Non bivalent
PSMC3IP,Non bivalent
FAM134C,Non bivalent
PLEKHH3,Non bivalent
EZH1,Non bivalent
COA3,Non bivalent
BECN1,Non bivalent
AARSD1,Non bivalent
PTGES3L-AARSD1,Non bivalent
PTGES3L,Non bivalent
VAT1,Non bivalent
BRCA1,Non bivalent
LOC101929767,Non bivalent
ETV4,Ni_higher_than_Pr
MEOX1,Non bivalent
DUSP3,Always_up
MPP3,Always_up
MPP2,Non bivalent
PYY,Non bivalent
TMEM101,Non bivalent
LSM12,Non bivalent
HDAC5,Non bivalent
ASB16-AS1,Non bivalent
ATXN7L3,Non bivalent
UBTF,Non bivalent
RUNDC3A-AS1,Non bivalent
SLC25A39,Non bivalent
FAM171A2,Non bivalent
ITGA2B,Non bivalent
GPATCH8,Non bivalent
CCDC43,Non bivalent
GJC1,Non bivalent
EFTUD2,Non bivalent
KIF18B,Non bivalent
C1QL1,Always_up
DCAKD,Non bivalent
PLCD3,Non bivalent
MAP3K14,Non bivalent
ARL17A,Non bivalent
RPRML,Always_up
CDC27,Non bivalent
MRPL45P2,Non bivalent
OSBPL7,Ni_higher_than_Pr
MRPL10,Non bivalent
SCRN2,Non bivalent
SP6,Non bivalent
COPZ2,Always_up
CBX1,Non bivalent
HOXB1,Pr_higher_than_Ni
HOXB2,Pr_higher_than_Ni
HOXB3,Pr_higher_than_Ni
HOXB4,Pr_higher_than_Ni
HOXB5,Pr_higher_than_Ni
HOXB6,Pr_higher_than_Ni
HOXB7,Pr_higher_than_Ni
HOXB8,Always_up
HOXB9,Always_up
HOXB13,Pr_higher_than_Ni
SNF8,Non bivalent
GIP,Non bivalent
PHOSPHO1,Always_up
ZNF652,Non bivalent
PHB,Non bivalent
SPOP,Non bivalent
SLC35B1,Non bivalent
FAM117A,Non bivalent
DLX3,Always_up
SAMD14,Non bivalent
PPP1R9B,Non bivalent
COL1A1,Non bivalent
MRPL27,Non bivalent
LRRC59,Non bivalent
ANKRD40,Non bivalent
TOB1,Non bivalent
SPAG9,Non bivalent
MBTD1,Non bivalent
COX11,Non bivalent
MMD,Ni_higher_than_Pr
TMEM100,Non bivalent
TRIM25,Always_up
COIL,Non bivalent
MRPS23,Non bivalent
CUEDC1,Non bivalent
VEZF1,Non bivalent
SRSF1,Non bivalent
MKS1,Non bivalent
BZRAP1,Non bivalent
SUPT4H1,Non bivalent
RNF43,Non bivalent
HSF5,Non bivalent
MTMR4,Non bivalent
SEPT4,Non bivalent
TEX14,Non bivalent
TRIM37,Non bivalent
SKA2,Non bivalent
PTRH2,Non bivalent
TUBD1,Non bivalent
RNFT1,Non bivalent
HEATR6,Non bivalent
LOC653653,Non bivalent
USP32,Non bivalent
APPBP2,Non bivalent
TBX2-AS1,Always_up
BRIP1,Non bivalent
INTS2,Non bivalent
MED13,Non bivalent
CYB561,Non bivalent
LIMD2,Non bivalent
STRADA,Non bivalent
CCDC47,Non bivalent
FTSJ3,Non bivalent
SMARCD2,Non bivalent
CD79B,Non bivalent
ICAM2,Non bivalent
ERN1,Always_up
TEX2,Always_up
POLG2,Non bivalent
DDX5,Non bivalent
SMURF2,Pr_higher_than_Ni
LOC146880,Always_up
PLEKHM1P,Non bivalent
LRRC37A3,Non bivalent
AMZ2P1,Non bivalent
GNA13,Non bivalent
AXIN2,Non bivalent
CEP112,Non bivalent
HELZ,Non bivalent
PSMD12,Non bivalent
C17orf58,Non bivalent
SLC16A6,Always_up
WIPI1,Non bivalent
FAM20A,Always_up
ABCA5,Always_up
LINC00673,Always_up
SLC39A11,Non bivalent
FAM104A,Non bivalent
CDC42EP4,Non bivalent
SDK2,Non bivalent
NAT9,Non bivalent
GRIN2C,Pr_higher_than_Ni
FDXR,Non bivalent
USH1G,Pr_higher_than_Ni
HID1,Always_up
ATP5H,Non bivalent
NT5C,Non bivalent
HN1,Non bivalent
SUMO2,Non bivalent
GGA3,Non bivalent
MIF4GD,Non bivalent
SLC25A19,Non bivalent
GRB2,Non bivalent
CASKIN2,Non bivalent
RECQL5,Non bivalent
GALK1,Non bivalent
H3F3B,Non bivalent
UNC13D,Non bivalent
WBP2,Non bivalent
TRIM47,Non bivalent
TRIM65,Non bivalent
MRPL38,Non bivalent
FBF1,Non bivalent
ACOX1,Non bivalent
EVPL,Non bivalent
SRP68,Non bivalent
EXOC7,Non bivalent
FOXJ1,Always_up
RNF157,Always_up
QRICH2,Non bivalent
PRPSAP1,Non bivalent
UBE2O,Non bivalent
RHBDF2,Non bivalent
CYGB,Always_up
ST6GALNAC2,Pr_higher_than_Ni
ST6GALNAC1,Non bivalent
MXRA7,Non bivalent
JMJD6,Non bivalent
SRSF2,Non bivalent
TNRC6C-AS1,Non bivalent
TMC6,Non bivalent
TK1,Non bivalent
SOCS3,Non bivalent
DNAH17,Non bivalent
CYTH1,Non bivalent
USP36,Non bivalent
TIMP2,Non bivalent
LGALS3BP,Non bivalent
CANT1,Non bivalent
RBFOX3,Non bivalent
CBX8,Pr_higher_than_Ni
CBX4,Always_up
TBC1D16,Non bivalent
EIF4A3,Non bivalent
SGSH,Non bivalent
NPTX1,Always_up
BAIAP2-AS1,Non bivalent
CEP131,Non bivalent
ENTHD2,Non bivalent
SLC38A10,Non bivalent
ACTG1,Non bivalent
FAAP100,Non bivalent
NPLOC4,Non bivalent
PDE6G,Non bivalent
OXLD1,Non bivalent
ARL16,Non bivalent
FAM195B,Non bivalent
P4HB,Non bivalent
ARHGDIA,Non bivalent
ALYREF,Non bivalent
PCYT2,Non bivalent
SIRT7,Non bivalent
MAFG,Non bivalent
PYCR1,Non bivalent
NOTUM,Always_up
STRA13,Non bivalent
DCXR,Non bivalent
RFNG,Non bivalent
DUS1L,Non bivalent
FASN,Non bivalent
CCDC57,Non bivalent
CSNK1D,Non bivalent
CD7,Non bivalent
SECTM1,Always_up
OGFOD3,Non bivalent
C17orf62,Non bivalent
WDR45B,Non bivalent
RAB40B,Pr_higher_than_Ni
ZNF750,Non bivalent
B3GNTL1,Non bivalent
USP14,Non bivalent
TYMS,Non bivalent
NDC80,Non bivalent
SMCHD1,Non bivalent
EMILIN2,Pr_higher_than_Ni
MYL12A,Non bivalent
MYL12B,Non bivalent
TGIF1,Non bivalent
DLGAP1-AS1,Non bivalent
LINC00667,Always_up
ARHGAP28,Non bivalent
PTPRM,Always_up
RAB12,Always_up
MTCL1,Non bivalent
NDUFV2,Non bivalent
ANKRD12,Non bivalent
TWSG1,Non bivalent
RALBP1,Non bivalent
RAB31,Always_up
VAPA,Non bivalent
APCDD1,Always_up
NAPG,Non bivalent
GNAL,Non bivalent
CHMP1B,Non bivalent
IMPA2,Non bivalent
TUBB6,Pr_higher_than_Ni
SLMO1,Non bivalent
PSMG2,Non bivalent
SEH1L,Non bivalent
CEP192,Non bivalent
LDLRAD4,Non bivalent
RNMT,Non bivalent
GREB1L,Ni_higher_than_Pr
SNRPD1,Non bivalent
MIB1,Non bivalent
GATA6,Always_up
RBBP8,Non bivalent
CABLES1,Non bivalent
RIOK3,Non bivalent
C18orf8,Pr_higher_than_Ni
LAMA3,Always_up
TTC39C,Always_up
CABYR,Non bivalent
IMPACT,Ni_higher_than_Pr
TAF4B,Non bivalent
DSG1,Non bivalent
DSG3,Non bivalent
DSG2,Non bivalent
RNF125,Non bivalent
RNF138,Non bivalent
ASXL3,Always_up
DTNA,Non bivalent
MAPRE2,Always_up
ZNF397,Non bivalent
ZNF271P,Non bivalent
GALNT1,Non bivalent
C18orf21,Non bivalent
ELP2,Non bivalent
MOCOS,Always_up
FHOD3,Ni_higher_than_Pr
KIAA1328,Non bivalent
PIK3C3,Non bivalent
SETBP1,Ni_higher_than_Pr
HAUS1,Non bivalent
C18orf25,Non bivalent
CTIF,Non bivalent
LIPG,Ni_higher_than_Pr
SKA1,Non bivalent
MAPK4,Ni_higher_than_Pr
ME2,Non bivalent
ELAC1,Ni_higher_than_Pr
SMAD4,Non bivalent
DCC,Always_up
POLI,Non bivalent
C18orf54,Non bivalent
DYNAP,Non bivalent
RAB27B,Always_up
WDR7,Non bivalent
ONECUT2,Always_up
LOC100505549,Non bivalent
NEDD4L,Ni_higher_than_Pr
MALT1,Non bivalent
ZNF532,Non bivalent
SEC11C,Ni_higher_than_Pr
PMAIP1,Non bivalent
KIAA1468,Non bivalent
TNFRSF11A,Always_up
ZCCHC2,Always_up
PHLPP1,Non bivalent
SERPINB5,Non bivalent
SERPINB8,Ni_higher_than_Pr
DOK6,Always_up
SOCS6,Non bivalent
LOC100505817,Non bivalent
TIMM21,Non bivalent
CNDP2,Non bivalent
CNDP1,Non bivalent
ZNF407,Non bivalent
TSHZ1,Pr_higher_than_Ni
ZNF236,Non bivalent
ATP9B,Non bivalent
NFATC1,Pr_higher_than_Ni
CTDP1,Non bivalent
KCNG2,Ni_higher_than_Pr
HSBP1L1,Non bivalent
RBFA,Non bivalent
ADNP2,Non bivalent
THOC1,Non bivalent
COLEC12,Always_up
TYMSOS,Non bivalent
ENOSF1,Non bivalent
YES1,Non bivalent
LINC00470,Non bivalent
METTL4,Non bivalent
LPIN2,Non bivalent
MYOM1,Non bivalent
DLGAP1,Non bivalent
LINC00526,Always_up
ZBTB14,Always_up
EPB41L3,Always_up
TMEM200C,Always_up
LINC00668,Ni_higher_than_Pr
LAMA1,Non bivalent
PPP4R1,Non bivalent
PIEZO2,Always_up
MPPE1,Non bivalent
AFG3L2,Non bivalent
SPIRE1,Always_up
CEP76,Non bivalent
PTPN2,Non bivalent
FAM210A,Non bivalent
ZNF519,Non bivalent
ROCK1,Non bivalent
ESCO1,Non bivalent
ABHD3,Non bivalent
GATA6-AS1,Always_up
TMEM241,Non bivalent
NPC1,Non bivalent
OSBPL1A,Always_up
ZNF521,Ni_higher_than_Pr
SS18,Non bivalent
KCTD1,Pr_higher_than_Ni
AQP4,Always_up
CHST9,Always_up
CDH2,Ni_higher_than_Pr
DSC3,Always_up
DSC2,Non bivalent
B4GALT6,Non bivalent
TRAPPC8,Non bivalent
GAREM,Always_up
ZSCAN30,Non bivalent
ZNF24,Non bivalent
INO80C,Non bivalent
RPRD1A,Non bivalent
SLC39A6,Non bivalent
TPGS2,Non bivalent
CELF4,Pr_higher_than_Ni
EPG5,Non bivalent
PSTPIP2,Non bivalent
ATP5A1,Non bivalent
ST8SIA5,Always_up
PIAS2,Non bivalent
HDHD2,Non bivalent
IER3IP1,Non bivalent
SMAD2,Non bivalent
ZBTB7C,Always_up
SMAD7,Non bivalent
DYM,Non bivalent
C18orf32,Non bivalent
RPL17-C18orf32,Non bivalent
RPL17,Non bivalent
ACAA2,Non bivalent
MYO5B,Pr_higher_than_Ni
MBD1,Non bivalent
CXXC1,Non bivalent
MEX3C,Non bivalent
MBD2,Non bivalent
CCDC68,Non bivalent
TCF4,Non bivalent
TXNL1,Non bivalent
LINC-ROR,Non bivalent
FECH,Non bivalent
NARS,Non bivalent
ATP8B1,Pr_higher_than_Ni
ALPK2,Non bivalent
LMAN1,Non bivalent
CCBE1,Always_up
RNF152,Always_up
PIGN,Non bivalent
BCL2,Always_up
KDSR,Non bivalent
VPS4B,Non bivalent
DSEL,Non bivalent
TMX3,Non bivalent
RTTN,Non bivalent
LOC400655,Non bivalent
CYB5A,Non bivalent
LINC00909,Non bivalent
ZADH2,Pr_higher_than_Ni
ZNF516,Non bivalent
MBP,Always_up
PQLC1,Non bivalent
TXNL4A,Non bivalent
PARD6G,Non bivalent
MADCAM1,Non bivalent
TPGS1,Non bivalent
CDC34,Non bivalent
BSG,Non bivalent
HCN2,Non bivalent
FSTL3,Non bivalent
PALM,Non bivalent
MISP,Non bivalent
PTBP1,Non bivalent
CFD,Non bivalent
KISS1R,Non bivalent
ARID3A,Non bivalent
WDR18,Non bivalent
GRIN3B,Non bivalent
CNN2,Non bivalent
ABCA7,Non bivalent
HMHA1,Non bivalent
GPX4,Non bivalent
STK11,Non bivalent
ATP5D,Non bivalent
MIDN,Non bivalent
CIRBP,Non bivalent
C19orf24,Non bivalent
EFNA2,Non bivalent
MUM1,Non bivalent
NDUFS7,Ni_higher_than_Pr
DAZAP1,Non bivalent
RPS15,Non bivalent
APC2,Non bivalent
REEP6,Non bivalent
PLK5,Always_up
ADAT3,Non bivalent
SCAMP4,Non bivalent
CSNK1G2,Non bivalent
DOT1L,Non bivalent
SF3A2,Non bivalent
AMH,Ni_higher_than_Pr
OAZ1,Non bivalent
SPPL2B,Non bivalent
GADD45B,Non bivalent
THOP1,Non bivalent
ZNF554,Non bivalent
ZNF555,Non bivalent
ZNF57,Non bivalent
GNA11,Non bivalent
NCLN,Non bivalent
CELF5,Non bivalent
NFIC,Always_up
FZR1,Non bivalent
HMG20B,Non bivalent
GIPC3,Non bivalent
TJP3,Non bivalent
MRPL54,Non bivalent
ATCAY,Non bivalent
NMRK2,Pr_higher_than_Ni
PIAS4,Non bivalent
ANKRD24,Non bivalent
EBI3,Non bivalent
CCDC94,Non bivalent
SHD,Always_up
FSD1,Non bivalent
MPND,Non bivalent
CHAF1A,Non bivalent
HDGFRP2,Non bivalent
TNFAIP8L1,Non bivalent
FEM1A,Non bivalent
UHRF1,Non bivalent
KDM4B,Non bivalent
SAFB,Non bivalent
HSD11B1L,Non bivalent
RPL36,Non bivalent
NRTN,Non bivalent
VMAC,Non bivalent
CAPS,Non bivalent
ACSBG2,Non bivalent
CLPP,Non bivalent
ALKBH7,Non bivalent
CRB3,Non bivalent
TNFSF9,Non bivalent
TRIP10,Non bivalent
VAV1,Non bivalent
MBD3L5,Always_up
MBD3L2,Ni_higher_than_Pr
ZNF557,Non bivalent
ARHGEF18,Non bivalent
ZNF358,Non bivalent
MCOLN1,Non bivalent
PNPLA6,Non bivalent
CAMSAP3,Non bivalent
PET100,Non bivalent
STXBP2,Non bivalent
TRAPPC5,Non bivalent
CLEC4GP1,Always_up
EVI5L,Non bivalent
LRRC8E,Non bivalent
MAP2K7,Non bivalent
SNAPC2,Non bivalent
CERS4,Non bivalent
RPS28,Non bivalent
ANGPTL4,Always_up
RAB11B,Non bivalent
MARCH2,Non bivalent
HNRNPM,Non bivalent
ZNF317,Non bivalent
ZNF559,Non bivalent
ZNF177,Non bivalent
ZNF561-AS1,Non bivalent
UBL5,Non bivalent
PIN1,Non bivalent
C19orf66,Always_up
PPAN,Non bivalent
PPAN-P2RY11,Non bivalent
P2RY11,Non bivalent
MRPL4,Non bivalent
ICAM1,Non bivalent
ICAM4,Always_up
ICAM5,Pr_higher_than_Ni
PDE4A,Pr_higher_than_Ni
ATG4D,Non bivalent
SLC44A2,Non bivalent
ILF3,Non bivalent
QTRT1,Non bivalent
DNM2,Ni_higher_than_Pr
CARM1,Non bivalent
C19orf52,Non bivalent
SMARCA4,Non bivalent
LDLR,Non bivalent
CCDC159,Non bivalent
LPPR2,Non bivalent
SWSAP1,Non bivalent
PRKCSH,Non bivalent
CNN1,Non bivalent
ZNF627,Non bivalent
ZNF441,Always_up
ZNF440,Non bivalent
ZNF439,Always_up
ZNF69,Non bivalent
ZNF700,Non bivalent
ZNF763,Non bivalent
ZNF844,Non bivalent
ZNF788,Non bivalent
ZNF136,Non bivalent
ZNF791,Ni_higher_than_Pr
WDR83,Non bivalent
ASNA1,Non bivalent
JUNB,Non bivalent
RNASEH2A,Non bivalent
MAST1,Non bivalent
GCDH,Non bivalent
CALR,Non bivalent
RAD23A,Non bivalent
NFIX,Pr_higher_than_Ni
NACC1,Non bivalent
IER2,Non bivalent
CCDC130,Non bivalent
MRI1,Non bivalent
C19orf53,Non bivalent
ZSWIM4,Non bivalent
CC2D1A,Non bivalent
DCAF15,Non bivalent
IL27RA,Non bivalent
ADGRE5,Non bivalent
PKN1,Non bivalent
TECR,Non bivalent
ZNF333,Non bivalent
SYDE1,Non bivalent
UCA1,Non bivalent
TPM4,Non bivalent
RAB8A,Non bivalent
HSH2D,Non bivalent
FAM32A,Non bivalent
AP1M1,Non bivalent
KLF2,Always_up
C19orf44,Non bivalent
TMEM38A,Non bivalent
SIN3B,Non bivalent
MYO9B,Non bivalent
USE1,Non bivalent
OCEL1,Non bivalent
BABAM1,Non bivalent
ANKLE1,Non bivalent
MRPL34,Non bivalent
DDA1,Non bivalent
GTPBP3,Non bivalent
BISPR,Non bivalent
MVB12A,Non bivalent
SLC27A1,Non bivalent
PGLS,Non bivalent
COLGALT1,Non bivalent
MAP1S,Non bivalent
FCHO1,Non bivalent
B3GNT3,Non bivalent
RPL18A,Non bivalent
SLC5A5,Non bivalent
CCDC124,Non bivalent
KCNN1,Always_up
ARRDC2,Non bivalent
MAST3,Non bivalent
PIK3R2,Non bivalent
IFI30,Non bivalent
MPV17L2,Non bivalent
PGPEP1,Non bivalent
GDF15,Non bivalent
SSBP4,Non bivalent
KXD1,Non bivalent
UBA52,Non bivalent
C19orf60,Non bivalent
TMEM59L,Always_up
KLHL26,Non bivalent
CRTC1,Non bivalent
UPF1,Non bivalent
DDX49,Non bivalent
ARMC6,Non bivalent
SLC25A42,Non bivalent
RFXANK,Non bivalent
NCAN,Ni_higher_than_Pr
MAU2,Non bivalent
GATAD2A,Non bivalent
NDUFA13,Non bivalent
YJEFN3,Non bivalent
CILP2,Non bivalent
ZNF101,Non bivalent
ZNF253,Non bivalent
ZNF93,Non bivalent
ZNF90,Non bivalent
ZNF486,Non bivalent
ZNF85,Non bivalent
ZNF430,Non bivalent
ZNF714,Non bivalent
ZNF431,Non bivalent
ZNF738,Non bivalent
ZNF493,Non bivalent
LINC00664,Non bivalent
ZNF429,Non bivalent
ZNF257,Non bivalent
ZNF729,Non bivalent
ZNF492,Non bivalent
ZNF730,Non bivalent
RPSAP58,Non bivalent
ZNF726,Non bivalent
ZNF254,Non bivalent
LOC101927151,Non bivalent
POP4,Non bivalent
PLEKHF1,Non bivalent
CCNE1,Non bivalent
URI1,Non bivalent
ZNF507,Non bivalent
DPY19L3,Non bivalent
PDCD5,Non bivalent
NUDT19,Always_up
TDRD12,Non bivalent
FAAP24,Non bivalent
GPATCH1,Non bivalent
LRP3,Non bivalent
CEBPA-AS1,Pr_higher_than_Ni
CEBPG,Non bivalent
CHST8,Always_up
KCTD15,Non bivalent
KIAA0355,Non bivalent
GPI,Non bivalent
PDCD2L,Non bivalent
UBA2,Non bivalent
WTIP,Non bivalent
ZNF302,Non bivalent
ZNF181,Non bivalent
ZNF30,Non bivalent
GRAMD1A,Non bivalent
SCN1B,Non bivalent
FXYD3,Non bivalent
FXYD7,Non bivalent
FXYD5,Non bivalent
LSR,Non bivalent
USF2,Non bivalent
MAG,Non bivalent
CD22,Non bivalent
TMEM147,Non bivalent
HAUS5,Non bivalent
RBM42,Non bivalent
COX6B1,Non bivalent
KMT2B,Non bivalent
PSENEN,Non bivalent
LIN37,Non bivalent
PROSER3,Non bivalent
ARHGAP33,Non bivalent
KIRREL2,Non bivalent
APLP1,Non bivalent
LRFN3,Non bivalent
SDHAF1,Non bivalent
WDR62,Non bivalent
TBCB,Ni_higher_than_Pr
CAPNS1,Non bivalent
ZNF146,Non bivalent
LOC100134317,Non bivalent
LOC728752,Non bivalent
ZNF529-AS1,Non bivalent
ZNF382,Non bivalent
ZNF567,Non bivalent
LOC728485,Ni_higher_than_Pr
ZNF790-AS1,Non bivalent
ZNF345,Non bivalent
ZNF568,Non bivalent
ZNF420,Non bivalent
ZNF383,Non bivalent
LINC01535,Non bivalent
HKR1,Non bivalent
ZNF527,Non bivalent
ZNF570,Non bivalent
ZNF793,Non bivalent
ZNF571-AS1,Non bivalent
ZNF540,Non bivalent
LOC644554,Non bivalent
SIPA1L3,Non bivalent
SPINT2,Non bivalent
C19orf33,Non bivalent
KCNK6,Non bivalent
CATSPERG,Non bivalent
PSMD8,Non bivalent
SPRED3,Non bivalent
FAM98C,Non bivalent
RYR1,Non bivalent
EIF3K,Non bivalent
ACTN4,Non bivalent
NFKBIB,Non bivalent
MRPS12,Non bivalent
PAK4,Non bivalent
NCCRP1,Non bivalent
SAMD4B,Non bivalent
MED29,Non bivalent
ZFP36,Non bivalent
PLEKHG2,Non bivalent
SUPT5H,Non bivalent
TIMM50,Non bivalent
DLL3,Always_up
SELV,Non bivalent
LGALS16,Non bivalent
LEUTX,Non bivalent
PSMC4,Non bivalent
ZNF546,Non bivalent
MAP3K10,Non bivalent
PLD3,Non bivalent
SPTBN4,Always_up
SHKBP1,Non bivalent
LTBP4,Non bivalent
ITPKC,Non bivalent
SNRPA,Non bivalent
RAB4B,Non bivalent
EGLN2,Non bivalent
CYP2F1,Always_up
CYP2S1,Non bivalent
AXL,Non bivalent
HNRNPUL1,Non bivalent
CCDC97,Non bivalent
TMEM91,Non bivalent
BCKDHA,Non bivalent
CEACAM5,Non bivalent
CEACAM6,Non bivalent
RPS19,Non bivalent
ARHGEF1,Non bivalent
ZNF574,Non bivalent
ZNF526,Non bivalent
CIC,Non bivalent
PRR19,Non bivalent
TMEM145,Non bivalent
MEGF8,Pr_higher_than_Ni
CD177,Non bivalent
ZNF575,Non bivalent
PINLYP,Non bivalent
ZNF576,Non bivalent
ZNF283,Non bivalent
ZNF221,Non bivalent
ZNF155,Non bivalent
ZNF230,Non bivalent
ZNF222,Non bivalent
ZNF223,Non bivalent
ZNF284,Non bivalent
ZNF224,Non bivalent
ZNF225,Non bivalent
ZNF234,Non bivalent
ZNF226,Non bivalent
ZNF227,Non bivalent
ZNF233,Always_up
PVR,Non bivalent
CEACAM19,Non bivalent
BCL3,Always_up
CBLC,Non bivalent
BCAM,Non bivalent
PVRL2,Non bivalent
TOMM40,Non bivalent
APOE,Non bivalent
APOC1,Non bivalent
APOC2,Non bivalent
CLPTM1,Non bivalent
RELB,Non bivalent
CLASRP,Non bivalent
GEMIN7,Non bivalent
PPP1R37,Non bivalent
BLOC1S3,Non bivalent
MARK4,Non bivalent
KLC3,Non bivalent
CD3EAP,Non bivalent
FOSB,Pr_higher_than_Ni
PPM1N,Non bivalent
VASP,Non bivalent
EML2-AS1,Non bivalent
GIPR,Non bivalent
QPCTL,Non bivalent
BHMG1,Non bivalent
FOXA3,Non bivalent
CCDC61,Non bivalent
IGFL2,Non bivalent
DKFZp434J0226,Non bivalent
HIF3A,Ni_higher_than_Pr
PPP5C,Non bivalent
CALM3,Non bivalent
FKRP,Non bivalent
ARHGAP35,Non bivalent
NPAS1,Always_up
SAE1,Non bivalent
CCDC9,Non bivalent
INAFM1,Non bivalent
C5AR1,Non bivalent
DHX34,Non bivalent
GLTSCR1,Non bivalent
EHD2,Non bivalent
GLTSCR2,Non bivalent
SEPW1,Non bivalent
C19orf68,Non bivalent
CARD8-AS1,Non bivalent
ZNF114,Non bivalent
EMP3,Non bivalent
GRIN2D,Non bivalent
GRWD1,Non bivalent
KCNJ14,Non bivalent
CYTH2,Non bivalent
SULT2B1,Non bivalent
SPHK2,Non bivalent
FUT2,Non bivalent
PPP1R15A,Ni_higher_than_Pr
NUCB1,Non bivalent
BAX,Non bivalent
FTL,Non bivalent
RUVBL2,Non bivalent
CGB5,Ni_higher_than_Pr
SNRNP70,Non bivalent
LIN7B,Non bivalent
PPFIA3,Non bivalent
TRPM4,Non bivalent
DKKL1,Non bivalent
CCDC155,Non bivalent
GFY,Non bivalent
ALDH16A1,Non bivalent
FLT3LG,Non bivalent
RPL13A,Non bivalent
RPS11,Non bivalent
FCGRT,Non bivalent
RCN3,Non bivalent
PRRG2,Non bivalent
PRR12,Non bivalent
SCAF1,Non bivalent
BCL2L12,Non bivalent
PRMT1,Non bivalent
ADM5,Non bivalent
CPT1C,Non bivalent
AP2A1,Non bivalent
MED25,Non bivalent
PTOV1,Non bivalent
TBC1D17,Non bivalent
ATF5,Non bivalent
ZNF473,Non bivalent
MYH14,Non bivalent
NR1H2,Non bivalent
POLD1,Non bivalent
SPIB,Non bivalent
MYBPC2,Non bivalent
EMC10,Non bivalent
C19orf81,Ni_higher_than_Pr
CLEC11A,Non bivalent
GPR32,Non bivalent
IGLON5,Non bivalent
ZNF175,Always_up
SPACA6P,Non bivalent
ZNF613,Non bivalent
ZNF350-AS1,Non bivalent
PPP2R1A,Non bivalent
ZNF766,Non bivalent
ZNF480,Non bivalent
ZNF610,Non bivalent
ZNF880,Non bivalent
ZNF528,Pr_higher_than_Ni
ZNF534,Non bivalent
ZNF578,Non bivalent
ZNF808,Non bivalent
ZNF701,Non bivalent
ZNF137P,Non bivalent
ERVV-1,Non bivalent
ERVV-2,Non bivalent
ZNF818P,Non bivalent
FAM90A27P,Always_up
ZNF845,Non bivalent
ZNF525,Non bivalent
ZNF765,Non bivalent
TPM3P9,Non bivalent
ZNF761,Non bivalent
ZNF813,Non bivalent
ZNF331,Non bivalent
MYADM,Non bivalent
PRKCG,Non bivalent
CACNG7,Non bivalent
CACNG8,Ni_higher_than_Pr
NDUFA3,Non bivalent
EPS8L1,Non bivalent
BRSK1,Non bivalent
SUV420H2,Non bivalent
RPL28,Non bivalent
ZNF628,Non bivalent
NAT14,Non bivalent
SSC5D,Non bivalent
ZNF524,Non bivalent
ZNF865,Non bivalent
ZNF580,Non bivalent
ZNF581,Non bivalent
CCDC106,Non bivalent
U2AF2,Non bivalent
EPN1,Non bivalent
RFPL4A,Always_up
NLRP4,Always_up
ZNF444,Non bivalent
ZNF542P,Non bivalent
ZNF582-AS1,Non bivalent
ZNF583,Non bivalent
ZNF667-AS1,Non bivalent
ZNF471,Non bivalent
ZFP28,Non bivalent
ZNF470,Non bivalent
ZNF71,Non bivalent
ZNF264,Non bivalent
AURKC,Ni_higher_than_Pr
ZNF805,Non bivalent
ZNF460,Non bivalent
ZNF543,Non bivalent
ZNF304,Non bivalent
ZNF547,Non bivalent
TRAPPC2B,Non bivalent
ZNF548,Always_up
ZNF17,Non bivalent
ZNF749,Non bivalent
ZNF419,Non bivalent
ZNF773,Non bivalent
ZNF549,Non bivalent
ZIK1,Non bivalent
ZNF530,Non bivalent
ZNF134,Non bivalent
ZNF211,Non bivalent
ZSCAN4,Non bivalent
ZNF551,Non bivalent
ZNF776,Non bivalent
ZNF586,Non bivalent
ZNF587B,Non bivalent
ZNF587,Non bivalent
ZNF135,Non bivalent
ZNF274,Non bivalent
ZNF544,Non bivalent
ZNF8,Non bivalent
ZSCAN22,Non bivalent
A1BG-AS1,Ni_higher_than_Pr
RPS5,Non bivalent
ZNF584,Non bivalent
ZNF324B,Always_up
ZNF324,Non bivalent
ZNF446,Non bivalent
TRIM28,Non bivalent
CENPBD1P1,Non bivalent
WASH5P,Non bivalent
LINC01002,Non bivalent
PPAP2C,Non bivalent
MIER2,Non bivalent
THEG,Non bivalent
C2CD4C,Non bivalent
SHC2,Non bivalent
POLRMT,Non bivalent
RNF126,Non bivalent
LPPR3,Non bivalent
MED16,Non bivalent
R3HDM4,Non bivalent
TMEM259,Non bivalent
POLR2E,Non bivalent
SBNO2,Non bivalent
CBARP,Non bivalent
CIRBP-AS1,Non bivalent
GAMT,Non bivalent
C19orf25,Non bivalent
PCSK4,Non bivalent
ADAMTSL5,Non bivalent
MEX3D,Non bivalent
MBD3,Non bivalent
UQCR11,Non bivalent
TCF3,Non bivalent
ATP8B3,Non bivalent
REXO1,Non bivalent
KLF16,Pr_higher_than_Ni
ABHD17A,Non bivalent
BTBD2,Non bivalent
MKNK2,Non bivalent
MOB3A,Non bivalent
AP3D1,Non bivalent
PLEKHJ1,Non bivalent
LSM7,Non bivalent
TIMM13,Non bivalent
LMNB2,Non bivalent
GNG7,Non bivalent
DIRAS1,Non bivalent
SLC39A3,Non bivalent
SGTA,Non bivalent
ZNF77,Non bivalent
TLE2,Ni_higher_than_Pr
AES,Ni_higher_than_Pr
DOHH,Non bivalent
MFSD12,Non bivalent
TBXA2R,Non bivalent
CACTIN,Non bivalent
PIP5K1C,Non bivalent
APBA3,Non bivalent
MATK,Non bivalent
ZFR2,Non bivalent
DAPK3,Non bivalent
EEF2,Non bivalent
ZBTB7A,Non bivalent
MAP2K2,Non bivalent
SIRT6,Non bivalent
STAP2,Non bivalent
SH3GL1,Non bivalent
UBXN6,Non bivalent
PLIN4,Non bivalent
LRG1,Non bivalent
SEMA6B,Non bivalent
MYDGF,Non bivalent
DPP9,Non bivalent
TICAM1,Non bivalent
PLIN3,Non bivalent
PTPRS,Non bivalent
TINCR,Non bivalent
SAFB2,Non bivalent
C19orf70,Non bivalent
LONP1,Non bivalent
PRR22,Non bivalent
DUS3L,Non bivalent
FUT6,Non bivalent
FUT3,Non bivalent
NDUFA11,Non bivalent
RANBP3,Non bivalent
RFX2,Pr_higher_than_Ni
MLLT1,Non bivalent
GTF2F1,Non bivalent
KHSRP,Non bivalent
SLC25A41,Non bivalent
SLC25A23,Non bivalent
DENND1C,Non bivalent
TUBB4A,Non bivalent
CD70,Always_up
C3,Non bivalent
GPR108,Non bivalent
SH2D3A,Non bivalent
MBD3L4,Ni_higher_than_Pr
MBD3L3,Ni_higher_than_Pr
INSR,Non bivalent
PEX11G,Non bivalent
XAB2,Non bivalent
FCER2,Non bivalent
CLEC4G,Always_up
PRR36,Non bivalent
LYPLA2P2,Non bivalent
CTXN1,Non bivalent
TIMM44,Non bivalent
ELAVL1,Non bivalent
FBN3,Non bivalent
CD320,Non bivalent
NDUFA7,Non bivalent
KANK3,Non bivalent
RAB11B-AS1,Non bivalent
ZNF414,Non bivalent
ADAMTS10,Non bivalent
ZNF558,Non bivalent
ZNF699,Non bivalent
ZNF266,Non bivalent
ZNF560,Non bivalent
ZNF426,Non bivalent
ZNF121,Non bivalent
ZNF561,Non bivalent
ZNF562,Non bivalent
ZNF846,Non bivalent
FBXL12,Non bivalent
OLFM2,Non bivalent
COL5A3,Non bivalent
EIF3G,Non bivalent
DNMT1,Non bivalent
S1PR2,Non bivalent
ZGLP1,Non bivalent
FDX1L,Non bivalent
RAVER1,Non bivalent
ICAM3,Non bivalent
TYK2,Non bivalent
CDC37,Non bivalent
KEAP1,Non bivalent
S1PR5,Non bivalent
KRI1,Non bivalent
CDKN2D,Non bivalent
AP1M2,Pr_higher_than_Ni
ILF3-AS1,Non bivalent
TMED1,Non bivalent
YIPF2,Non bivalent
SPC24,Non bivalent
KANK2,Non bivalent
DOCK6,Non bivalent
RAB3D,Non bivalent
TMEM205,Non bivalent
EPOR,Non bivalent
RGL3,Non bivalent
CCDC151,Non bivalent
ELAVL3,Always_up
ZNF653,Non bivalent
ECSIT,Non bivalent
ELOF1,Non bivalent
ACP5,Non bivalent
HNRNPA1P10,Non bivalent
ZNF823,Non bivalent
ZNF433,Non bivalent
ZNF878,Non bivalent
ZNF20,Non bivalent
ZNF625,Non bivalent
ZNF625-ZNF20,Non bivalent
ZNF44,Non bivalent
ZNF563,Non bivalent
ZNF442,Non bivalent
ZNF799,Non bivalent
ZNF443,Non bivalent
ZNF709,Non bivalent
ZNF564,Non bivalent
ZNF490,Non bivalent
MAN2B1,Non bivalent
WDR83OS,Non bivalent
DHPS,Non bivalent
FBXW9,Non bivalent
TNPO2,Non bivalent
C19orf43,Non bivalent
HOOK2,Non bivalent
PRDX2,Non bivalent
RTBDN,Non bivalent
DNASE2,Non bivalent
FARSA,Non bivalent
GADD45GIP1,Non bivalent
LYL1,Non bivalent
TRMT1,Non bivalent
STX10,Non bivalent
CACNA1A,Ni_higher_than_Pr
LOC284454,Non bivalent
C19orf57,Non bivalent
PODNL1,Non bivalent
RFX1,Non bivalent
PALM3,Non bivalent
SAMD1,Non bivalent
PRKACA,Non bivalent
ASF1B,Non bivalent
ADGRL1,Non bivalent
DDX39A,Non bivalent
GIPC1,Non bivalent
DNAJB1,Non bivalent
NDUFB7,Non bivalent
ADGRE2,Non bivalent
SLC1A6,Non bivalent
ILVBL,Non bivalent
NOTCH3,Non bivalent
EPHX3,Pr_higher_than_Ni
BRD4,Non bivalent
AKAP8,Non bivalent
AKAP8L,Non bivalent
WIZ,Non bivalent
LOC102724279,Non bivalent
EPS15L1,Non bivalent
CHERP,Non bivalent
SLC35E1,Non bivalent
MED26,Non bivalent
SMIM7,Non bivalent
CPAMD8,Non bivalent
HAUS8,Non bivalent
NR2F6,Non bivalent
USHBP1,Non bivalent
ABHD8,Non bivalent
ANO8,Non bivalent
BST2,Non bivalent
UNC13A,Non bivalent
JAK3,Non bivalent
RAB3A,Non bivalent
PDE4C,Non bivalent
JUND,Non bivalent
LSM4,Non bivalent
LRRC25,Non bivalent
ISYNA1,Non bivalent
ELL,Non bivalent
FKBP8,Non bivalent
CRLF1,Always_up
COMP,Always_up
CERS1,Non bivalent
GDF1,Non bivalent
COPE,Non bivalent
HOMER3,Non bivalent
SUGP2,Non bivalent
TMEM161A,Non bivalent
MEF2B,Non bivalent
MEF2BNB,Non bivalent
MEF2BNB-MEF2B,Non bivalent
NR2C2AP,Non bivalent
HAPLN4,Non bivalent
SUGP1,Non bivalent
PBX4,Pr_higher_than_Ni
LPAR2,Non bivalent
GMIP,Non bivalent
ATP13A1,Non bivalent
ZNF14,Non bivalent
ZNF506,Pr_higher_than_Ni
ZNF682,Non bivalent
ZNF826P,Non bivalent
ZNF737,Non bivalent
ZNF626,Non bivalent
ZNF708,Non bivalent
ZNF43,Non bivalent
ZNF208,Non bivalent
ZNF676,Non bivalent
ZNF98,Non bivalent
ZNF99,Non bivalent
ZNF728,Non bivalent
ZNF724P,Non bivalent
IPO5P1,Non bivalent
ZNF91,Non bivalent
LINC01224,Non bivalent
ZNF675,Non bivalent
ZNF681,Non bivalent
LINC00662,Pr_higher_than_Ni
UQCRFS1,Non bivalent
C19orf12,Non bivalent
TSHZ3,Always_up
ANKRD27,Always_up
CEP89,Non bivalent
RHPN2,Non bivalent
SLC7A10,Always_up
CEBPA,Pr_higher_than_Ni
PEPD,Non bivalent
ZNF599,Always_up
ZNF792,Non bivalent
DMKN,Ni_higher_than_Pr
TMEM147-AS1,Non bivalent
IGFLR1,Non bivalent
U2AF1L4,Non bivalent
HSPB6,Non bivalent
NPHS1,Non bivalent
NFKBID,Non bivalent
TYROBP,Non bivalent
ALKBH6,Non bivalent
CLIP3,Non bivalent
THAP8,Non bivalent
POLR2I,Ni_higher_than_Pr
ZNF565,Non bivalent
LINC00665,Non bivalent
ZFP14,Non bivalent
ZFP82,Non bivalent
ZNF566,Non bivalent
ZNF260,Non bivalent
ZNF529,Non bivalent
ZNF461,Non bivalent
ZNF850,Ni_higher_than_Pr
ZNF790,Non bivalent
ZNF829,Non bivalent
ZNF585A,Non bivalent
ZNF585B,Non bivalent
LOC284412,Non bivalent
ZNF569,Non bivalent
ZNF793-AS1,Non bivalent
ZNF571,Always_up
ZFP30,Non bivalent
ZNF781,Non bivalent
ZNF607,Non bivalent
ZNF573,Non bivalent
LOC100631378,Non bivalent
DPF1,Non bivalent
PPP1R14A,Pr_higher_than_Ni
YIF1B,Non bivalent
GGN,Non bivalent
RASGRP4,Non bivalent
MAP4K1,Non bivalent
CAPN12,Non bivalent
ECH1,Non bivalent
HNRNPL,Non bivalent
RINL,Non bivalent
SIRT2,Non bivalent
SARS2,Non bivalent
FBXO17,Non bivalent
FBXO27,Non bivalent
LRFN1,Non bivalent
PAF1,Non bivalent
RPS16,Non bivalent
EID2B,Non bivalent
EID2,Non bivalent
DYRK1B,Non bivalent
FBL,Non bivalent
FCGBP,Non bivalent
ZNF780B,Non bivalent
ZNF780A,Non bivalent
AKT2,Non bivalent
C19orf47,Non bivalent
PRX,Non bivalent
SERTAD1,Non bivalent
SERTAD3,Non bivalent
BLVRB,Always_up
NUMBL,Non bivalent
ADCK4,Non bivalent
C19orf54,Ni_higher_than_Pr
TGFB1,Non bivalent
B9D2,Non bivalent
EXOSC5,Non bivalent
B3GNT8,Non bivalent
ATP5SL,Non bivalent
CEACAM7,Non bivalent
RABAC1,Non bivalent
ATP1A3,Non bivalent
GRIK5,Ni_higher_than_Pr
POU2F2,Always_up
DEDD2,Non bivalent
GSK3A,Non bivalent
ERF,Non bivalent
PAFAH1B3,Non bivalent
CNFN,Ni_higher_than_Pr
LIPE,Non bivalent
CEACAM1,Non bivalent
LYPD3,Non bivalent
PHLDB3,Non bivalent
ETHE1,Non bivalent
XRCC1,Non bivalent
IRGQ,Ni_higher_than_Pr
ZNF428,Non bivalent
CADM4,Ni_higher_than_Pr
PLAUR,Non bivalent
SMG9,Non bivalent
KCNN4,Non bivalent
LYPD5,Non bivalent
ZNF404,Non bivalent
LOC100505715,Non bivalent
ZNF45,Ni_higher_than_Pr
LOC100379224,Non bivalent
ZNF235,Non bivalent
ZNF112,Non bivalent
ZNF285,Non bivalent
ZNF229,Non bivalent
ZNF180,Non bivalent
CEACAM22P,Non bivalent
ZNF296,Non bivalent
NKPD1,Non bivalent
TRAPPC6A,Non bivalent
EXOC3L2,Always_up
CKM,Non bivalent
ERCC2,Non bivalent
PPP1R13L,Non bivalent
ERCC1,Non bivalent
RTN2,Non bivalent
OPA3,Non bivalent
GPR4,Pr_higher_than_Ni
EML2,Non bivalent
SNRPD2,Non bivalent
FBXO46,Non bivalent
SIX5,Non bivalent
DMPK,Non bivalent
DMWD,Non bivalent
SYMPK,Non bivalent
IRF2BP1,Non bivalent
MYPOP,Non bivalent
NOVA2,Non bivalent
CCDC8,Non bivalent
PNMAL1,Non bivalent
PNMAL2,Non bivalent
DACT3,Non bivalent
PRKD2,Non bivalent
STRN4,Non bivalent
SLC1A5,Non bivalent
AP2S1,Non bivalent
TMEM160,Non bivalent
ZC3H4,Non bivalent
BBC3,Non bivalent
MEIS3,Non bivalent
SLC8A2,Non bivalent
KPTN,Non bivalent
NAPA,Non bivalent
ZNF541,Non bivalent
TPRX1,Non bivalent
SULT2A1,Non bivalent
LIG1,Non bivalent
CARD8,Non bivalent
TMEM143,Non bivalent
KDELR1,Non bivalent
LMTK3,Non bivalent
FAM83E,Non bivalent
RPL18,Non bivalent
DBP,Non bivalent
CA11,Non bivalent
RASIP1,Non bivalent
FUT1,Non bivalent
BCAT2,Ni_higher_than_Pr
HSD17B14,Non bivalent
PLEKHA4,Non bivalent
TULP2,Non bivalent
GYS1,Non bivalent
CGB,Ni_higher_than_Pr
CGB8,Ni_higher_than_Pr
CGB7,Always_up
NTF4,Non bivalent
C19orf73,Non bivalent
SLC6A16,Non bivalent
TEAD2,Non bivalent
SLC17A7,Non bivalent
PIH1D1,Non bivalent
NOSIP,Non bivalent
RRAS,Non bivalent
IRF3,Non bivalent
TSKS,Non bivalent
FUZ,Non bivalent
PTOV1-AS2,Non bivalent
PNKP,Non bivalent
AKT1S1,Non bivalent
NUP62,Non bivalent
VRK3,Non bivalent
KCNC3,Non bivalent
FAM71E1,Non bivalent
JOSD2,Non bivalent
LRRC4B,Non bivalent
SHANK1,Ni_higher_than_Pr
C19orf48,Non bivalent
KLK6,Non bivalent
KLK7,Non bivalent
KLK8,Non bivalent
KLK10,Non bivalent
KLK13,Non bivalent
CTU1,Non bivalent
VSIG10L,Non bivalent
ETFB,Non bivalent
NKG7,Non bivalent
LIM2,Non bivalent
C19orf84,Non bivalent
SIGLEC14,Non bivalent
HAS1,Non bivalent
ZNF577,Non bivalent
ZNF649,Non bivalent
ZNF350,Non bivalent
ZNF615,Non bivalent
ZNF614,Non bivalent
ZNF432,Non bivalent
ZNF841,Non bivalent
ZNF616,Non bivalent
ZNF836,Non bivalent
ZNF528-AS1,Pr_higher_than_Ni
ZNF83,Non bivalent
ZNF611,Non bivalent
ZNF600,Non bivalent
ZNF28,Non bivalent
ZNF468,Non bivalent
ZNF320,Non bivalent
ZNF888,Non bivalent
ZNF321P,Non bivalent
ZNF816,Non bivalent
ZNF702P,Non bivalent
ZNF160,Ni_higher_than_Pr
ZNF415,Non bivalent
ZNF347,Non bivalent
ZNF665,Non bivalent
ZNF677,Non bivalent
NLRP12,Non bivalent
TMC4,Non bivalent
CDC42EP5,Non bivalent
PPP1R12C,Non bivalent
TNNT1,Non bivalent
TNNI3,Non bivalent
DNAAF3,Non bivalent
SYT5,Always_up
PTPRH,Non bivalent
TMEM86B,Non bivalent
PPP6R1,Non bivalent
HSPBP1,Non bivalent
COX6B2,Non bivalent
IL11,Non bivalent
UBE2S,Non bivalent
ISOC2,Non bivalent
ZNF579,Non bivalent
FIZ1,Non bivalent
ZNF784,Non bivalent
NLRP9,Non bivalent
ZNF787,Non bivalent
ZSCAN5B,Non bivalent
ZSCAN5A,Non bivalent
ZNF582,Non bivalent
ZNF667,Non bivalent
ZNF835,Non bivalent
PEG3,Ni_higher_than_Pr
ZIM2,Ni_higher_than_Pr
ZNF772,Always_up
ZNF550,Always_up
ZNF416,Non bivalent
ZNF154,Non bivalent
ZNF671,Non bivalent
ZNF552,Non bivalent
ZNF814,Non bivalent
ZNF417,Non bivalent
ZNF418,Non bivalent
ZNF256,Non bivalent
ZNF606,Non bivalent
ZSCAN18,Non bivalent
ZNF329,Non bivalent
A1BG,Non bivalent
ZNF497,Non bivalent
ZNF837,Non bivalent
ZNF132,Non bivalent
SLC27A5,Non bivalent
ZBTB45,Non bivalent
CHMP2A,Non bivalent
UBE2M,Non bivalent
MZF1,Non bivalent
ZCCHC3,Ni_higher_than_Pr
SOX12,Non bivalent
NRSN2,Non bivalent
TRIB3,Non bivalent
RBCK1,Non bivalent
FAM110A,Non bivalent
PSMF1,Non bivalent
SNPH,Always_up
SDCBP2-AS1,Non bivalent
SIRPA,Always_up
STK35,Non bivalent
NOP56,Non bivalent
EBF4,Pr_higher_than_Ni
VPS16,Non bivalent
PTPRA,Non bivalent
MRPS26,Non bivalent
OXT,Non bivalent
ITPA,Non bivalent
ATRN,Non bivalent
HSPA12B,Non bivalent
CDC25B,Non bivalent
AP5S1,Non bivalent
MAVS,Non bivalent
PANK2,Non bivalent
SMOX,Non bivalent
PRNP,Non bivalent
CDS2,Non bivalent
C20orf196,Non bivalent
CHGB,Ni_higher_than_Pr
MCM8,Non bivalent
CRLS1,Non bivalent
BMP2,Ni_higher_than_Pr
PLCB1,Always_up
PLCB4,Non bivalent
ANKEF1,Always_up
SLX4IP,Non bivalent
BTBD3,Always_up
SPTLC3,Non bivalent
ISM1,Always_up
NDUFAF5,Non bivalent
MACROD2,Always_up
SNRPB2,Always_up
DSTN,Non bivalent
MGME1,Non bivalent
PET117,Non bivalent
CSRP2BP,Non bivalent
ZNF133,Non bivalent
POLR3F,Non bivalent
SEC23B,Non bivalent
LINC00493,Non bivalent
DTD1,Non bivalent
SLC24A3,Ni_higher_than_Pr
RIN2,Non bivalent
NAA20,Non bivalent
INSM1,Pr_higher_than_Ni
KIZ,Non bivalent
XRN2,Non bivalent
NXT1,Non bivalent
GZF1,Non bivalent
ENTPD6,Non bivalent
PYGB,Non bivalent
GINS1,Non bivalent
ZNF337-AS1,Non bivalent
LOC100134868,Non bivalent
FRG1BP,Always_up
REM1,Non bivalent
HM13,Non bivalent
MCTS2P,Non bivalent
ID1,Non bivalent
ABALON,Non bivalent
TPX2,Non bivalent
MYLK2,Non bivalent
XKR7,Always_up
CCM2L,Non bivalent
TM9SF4,Non bivalent
POFUT1,Non bivalent
KIF3B,Non bivalent
ASXL1,Always_up
DNMT3B,Non bivalent
MAPRE1,Non bivalent
CBFA2T2,Non bivalent
ACTL10,Non bivalent
ZNF341,Non bivalent
CHMP4B,Non bivalent
RALY,Non bivalent
ITCH,Non bivalent
DYNLRB1,Non bivalent
MAP1LC3A,Non bivalent
TP53INP2,Always_up
ACSS2,Non bivalent
MYH7B,Non bivalent
PROCR,Pr_higher_than_Ni
MMP24,Always_up
CEP250,Non bivalent
ERGIC3,Non bivalent
SPAG4,Non bivalent
ROMO1,Non bivalent
PHF20,Non bivalent
CNBD2,Non bivalent
EPB41L1,Non bivalent
AAR2,Ni_higher_than_Pr
DLGAP4,Always_up
MYL9,Non bivalent
TGIF2,Non bivalent
C20orf24,Non bivalent
RPN2,Non bivalent
MANBAL,Non bivalent
SRC,Non bivalent
NNAT,Non bivalent
CTNNBL1,Non bivalent
VSTM2L,Ni_higher_than_Pr
RPRD1B,Non bivalent
SNHG11,Non bivalent
RALGAPB,Non bivalent
ARHGAP40,Always_up
SLC32A1,Always_up
ACTR5,Non bivalent
PPP1R16B,Non bivalent
FAM83D,Non bivalent
DHX35,Non bivalent
TOP1,Non bivalent
PLCG1,Non bivalent
LPIN3,Non bivalent
SRSF6,Non bivalent
L3MBTL1,Always_up
IFT52,Non bivalent
MYBL2,Non bivalent
TOX2,Ni_higher_than_Pr
OSER1-AS1,Non bivalent
HNF4A,Non bivalent
TTPAL,Non bivalent
PKIG,Non bivalent
YWHAB,Non bivalent
PABPC1L,Non bivalent
STK4,Non bivalent
SYS1,Non bivalent
SYS1-DBNDD2,Non bivalent
DBNDD2,Always_up
PIGT,Non bivalent
WFDC2,Non bivalent
DNTTIP1,Non bivalent
UBE2C,Non bivalent
SNX21,Non bivalent
ZSWIM3,Non bivalent
ZSWIM1,Non bivalent
CTSA,Pr_higher_than_Ni
PCIF1,Non bivalent
MMP9,Non bivalent
SLC12A5,Non bivalent
CD40,Ni_higher_than_Pr
SLC2A10,Non bivalent
EYA2,Always_up
NCOA3,Non bivalent
ARFGEF2,Non bivalent
CSE1L,Non bivalent
DDX27,Non bivalent
ZFAS1,Non bivalent
SLC9A8,Non bivalent
RNF114,Non bivalent
SNAI1,Non bivalent
LINC01273,Non bivalent
CEBPB,Non bivalent
LINC01270,Non bivalent
PTPN1,Non bivalent
PARD6B,Non bivalent
BCAS4,Non bivalent
MOCS3,Non bivalent
LINC01524,Non bivalent
TSHZ2,Ni_higher_than_Pr
PFDN4,Non bivalent
DOK5,Ni_higher_than_Pr
FAM210B,Non bivalent
CSTF1,Non bivalent
RTFDC1,Non bivalent
TFAP2C,Always_up
RAE1,Non bivalent
RBM38,Non bivalent
RAB22A,Non bivalent
VAPB,Non bivalent
STX16,Non bivalent
STX16-NPEPL1,Non bivalent
NPEPL1,Non bivalent
GNAS,Non bivalent
NELFCD,Non bivalent
EDN3,Always_up
FAM217B,Always_up
CDH4,Ni_higher_than_Pr
LSM14B,Non bivalent
SS18L1,Non bivalent
MTG2,Non bivalent
OSBPL2,Non bivalent
ADRM1,Non bivalent
RPS21,Non bivalent
SLCO4A1,Always_up
MRGBP,Non bivalent
OGFR,Non bivalent
COL9A3,Non bivalent
GID8,Non bivalent
SLC17A9,Non bivalent
BIRC7,Non bivalent
FLJ16779,Non bivalent
ARFGAP1,Non bivalent
COL20A1,Non bivalent
PPDPF,Non bivalent
C20orf195,Non bivalent
RTEL1,Non bivalent
RTEL1-TNFRSF6B,Non bivalent
TNFRSF6B,Non bivalent
ZGPAT,Non bivalent
LIME1,Non bivalent
SLC2A4RG,Non bivalent
ZBTB46-AS1,Non bivalent
TPD52L2,Non bivalent
DNAJC5,Non bivalent
PRPF6,Non bivalent
LINC00176,Non bivalent
TCEA2,Non bivalent
OPRL1,Pr_higher_than_Ni
PCMTD2,Non bivalent
LINC00266-1,Non bivalent
C20orf96,Ni_higher_than_Pr
NRSN2-AS1,Non bivalent
TBC1D20,Non bivalent
CSNK2A1,Always_up
TCF15,Always_up
SRXN1,Non bivalent
SLC52A3,Non bivalent
RSPO4,Ni_higher_than_Pr
TMEM74B,Non bivalent
SDCBP2,Non bivalent
FKBP1A,Non bivalent
NSFL1C,Non bivalent
SNRPB,Non bivalent
ZNF343,Always_up
IDH3B,Non bivalent
CPXM1,Always_up
PCED1A,Non bivalent
FASTKD5,Non bivalent
UBOX5,Non bivalent
LZTS3,Non bivalent
DDRGK1,Non bivalent
SLC4A11,Always_up
C20orf194,Non bivalent
ADAM33,Non bivalent
C20orf27,Non bivalent
CENPB,Non bivalent
RNF24,Non bivalent
ADRA1D,Always_up
RASSF2,Non bivalent
SLC23A2,Non bivalent
TMEM230,Non bivalent
PCNA,Non bivalent
LINC00654,Ni_higher_than_Pr
GPCPD1,Non bivalent
TRMT6,Non bivalent
LRRN4,Always_up
FERMT1,Always_up
TMX4,Non bivalent
MKKS,Non bivalent
JAG1,Non bivalent
TASP1,Non bivalent
ESF1,Non bivalent
FLRT3,Non bivalent
KIF16B,Non bivalent
BFSP1,Always_up
RRBP1,Non bivalent
SNORD17,Non bivalent
SNX5,Non bivalent
OVOL2,Pr_higher_than_Ni
DZANK1,Non bivalent
RBBP9,Non bivalent
CRNKL1,Ni_higher_than_Pr
RALGAPA2,Non bivalent
NKX2-2,Always_up
LINC00261,Always_up
FOXA2,Always_up
THBD,Always_up
NAPB,Ni_higher_than_Pr
CST3,Non bivalent
CST1,Non bivalent
APMAP,Non bivalent
ACSS1,Always_up
ABHD12,Non bivalent
NINL,Non bivalent
NANP,Non bivalent
ZNF337,Non bivalent
FAM182B,Non bivalent
LOC101926935,Non bivalent
FRG1CP,Ni_higher_than_Pr
DEFB122,Non bivalent
BCL2L1,Non bivalent
DUSP15,Non bivalent
PDRG1,Non bivalent
TSPY26P,Non bivalent
PLAGL2,Non bivalent
NOL4L,Non bivalent
COMMD7,Non bivalent
CDK5RAP1,Non bivalent
SNTA1,Always_up
NECAB3,Non bivalent
E2F1,Non bivalent
PXMP4,Non bivalent
RALY-AS1,Non bivalent
EIF2S2,Non bivalent
AHCY,Non bivalent
PIGU,Non bivalent
NCOA6,Non bivalent
GGT7,Non bivalent
GSS,Non bivalent
TRPC4AP,Non bivalent
EDEM2,Non bivalent
MMP24-AS1,Non bivalent
EIF6,Non bivalent
UQCC1,Non bivalent
CPNE1,Non bivalent
RBM12,Non bivalent
NFS1,Non bivalent
RBM39,Non bivalent
SCAND1,Non bivalent
LINC00657,Non bivalent
NDRG3,Non bivalent
DSN1,Non bivalent
SOGA1,Non bivalent
SAMHD1,Non bivalent
RBL1,Non bivalent
MROH8,Non bivalent
BLCAP,Non bivalent
TTI1,Non bivalent
TGM2,Non bivalent
SNHG17,Non bivalent
MAFB,Always_up
ZHX3,Non bivalent
EMILIN3,Always_up
CHD6,Non bivalent
PTPRT,Always_up
JPH2,Non bivalent
OSER1,Non bivalent
FITM2,Non bivalent
SERINC3,Non bivalent
ADA,Non bivalent
LINC01260,Non bivalent
RIMS4,Always_up
TOMM34,Non bivalent
KCNS1,Always_up
SLPI,Non bivalent
SDC4,Non bivalent
WFDC3,Non bivalent
TNNC2,Non bivalent
ACOT8,Non bivalent
SPATA25,Non bivalent
NEURL2,Pr_higher_than_Ni
PLTP,Non bivalent
ZNF335,Non bivalent
NCOA5,Non bivalent
SLC35C2,Non bivalent
ELMO2,Non bivalent
ZNF334,Always_up
SLC13A3,Always_up
TP53RK,Non bivalent
ZMYND8,Non bivalent
SULF2,Ni_higher_than_Pr
PREX1,Always_up
STAU1,Non bivalent
ZNFX1,Non bivalent
KCNB1,Non bivalent
PTGIS,Non bivalent
B4GALT5,Non bivalent
SPATA2,Non bivalent
UBE2V1,Non bivalent
TMEM189,Non bivalent
CEBPB-AS1,Non bivalent
FAM65C,Non bivalent
ADNP,Non bivalent
DPM1,Non bivalent
KCNG1,Always_up
NFATC2,Always_up
ATP9A,Non bivalent
SALL4,Non bivalent
ZFP64,Non bivalent
ZNF217,Non bivalent
SUMO1P1,Non bivalent
CYP24A1,Always_up
AURKA,Non bivalent
BMP7,Always_up
CTCFL,Non bivalent
PMEPA1,Non bivalent
PPP4R1L,Non bivalent
CTSZ,Non bivalent
ATP5E,Always_up
SLMO2,Non bivalent
SLMO2-ATP5E,Non bivalent
SYCP2,Non bivalent
PPP1R3D,Non bivalent
TAF4,Non bivalent
PSMA7,Non bivalent
LAMA5,Non bivalent
CABLES2,Non bivalent
RBBP8NL,Non bivalent
GATA5,Always_up
TCFL5,Non bivalent
DIDO1,Non bivalent
BHLHE23,Pr_higher_than_Ni
YTHDF1,Non bivalent
NKAIN4,Non bivalent
KCNQ2,Non bivalent
EEF1A2,Always_up
SRMS,Non bivalent
HELZ2,Non bivalent
GMEB2,Non bivalent
STMN3,Non bivalent
ARFRP1,Non bivalent
ZBTB46,Non bivalent
UCKL1,Non bivalent
ZNF512B,Non bivalent
SAMD10,Non bivalent
SOX18,Always_up
RGS19,Pr_higher_than_Ni
ICOSLG,Pr_higher_than_Ni
SMIM11,Non bivalent
LOC100507412,Always_up
RNA18S5,Always_up
RNA5-8S5,Always_up
RNA28S5,Always_up
TPTE,Non bivalent
RBM11,Always_up
ABCC13,Ni_higher_than_Pr
USP25,Non bivalent
MIR99AHG,Non bivalent
CXADR,Non bivalent
CHODL,Always_up
NCAM2,Always_up
JAM2,Ni_higher_than_Pr
GABPA,Non bivalent
USP16,Non bivalent
MAP3K7CL,Non bivalent
LINC00189,Non bivalent
BACH1,Non bivalent
SOD1,Non bivalent
HUNK,Always_up
URB1-AS1,Always_up
PAXBP1-AS1,Non bivalent
IFNAR2,Non bivalent
IL10RB,Non bivalent
IFNAR1,Pr_higher_than_Ni
IFNGR2,Non bivalent
SON,Non bivalent
ITSN1,Non bivalent
LINC00649,Non bivalent
MRPS6,Non bivalent
SLC5A3,Non bivalent
LINC00310,Always_up
CLIC6,Always_up
LINC01426,Non bivalent
CBR1,Ni_higher_than_Pr
CBR3,Pr_higher_than_Ni
DOPEY2,Non bivalent
MORC3,Non bivalent
CHAF1B,Non bivalent
SIM2,Always_up
TTC3,Always_up
DYRK1A,Non bivalent
DSCR8,Non bivalent
ETS2,Non bivalent
WRB,Non bivalent
SH3BGR,Ni_higher_than_Pr
B3GALT5,Non bivalent
PCP4,Non bivalent
BACE2,Always_up
MX1,Non bivalent
SLC37A1,Non bivalent
PDE9A,Non bivalent
NDUFV3,Non bivalent
PKNOX1,Non bivalent
RRP1B,Ni_higher_than_Pr
PDXK,Non bivalent
RRP1,Non bivalent
AGPAT3,Pr_higher_than_Ni
TRAPPC10,Non bivalent
AIRE,Always_up
PFKL,Non bivalent
TRPM2,Non bivalent
LRRC3,Always_up
TSPEAR-AS1,Non bivalent
FAM207A,Non bivalent
ADARB1,Non bivalent
LOC642852,Non bivalent
COL18A1,Non bivalent
PCBP3,Non bivalent
LOC101928796,Non bivalent
COL6A1,Non bivalent
COL6A2,Non bivalent
MCM3AP-AS1,Non bivalent
YBEY,Non bivalent
PCNT,Non bivalent
DIP2A,Non bivalent
PRMT2,Non bivalent
C21orf33,Non bivalent
PWP2,Non bivalent
CBS,Non bivalent
U2AF1,Non bivalent
TEKT4P2,Always_up
CYP4F29P,Non bivalent
HSPA13,Non bivalent
NRIP1,Always_up
BTG3,Non bivalent
C21orf91,Non bivalent
MRPL39,Non bivalent
ATP5J,Non bivalent
APP,Non bivalent
CYYR1,Ni_higher_than_Pr
ADAMTS1,Always_up
ADAMTS5,Ni_higher_than_Pr
N6AMT1,Always_up
LTN1,Non bivalent
RWDD2B,Non bivalent
CCT8,Non bivalent
GRIK1,Always_up
TIAM1,Non bivalent
SCAF4,Non bivalent
MIS18A,Non bivalent
URB1,Always_up
TCP10L,Non bivalent
C21orf59,Non bivalent
SYNJ1,Non bivalent
PAXBP1,Non bivalent
GART,Non bivalent
DONSON,Non bivalent
CRYZL1,Non bivalent
ATP5O,Non bivalent
KCNE1,Non bivalent
RCAN1,Non bivalent
RUNX1,Non bivalent
SETD4,Non bivalent
CBR3-AS1,Pr_higher_than_Ni
HLCS,Non bivalent
PIGP,Always_up
DSCR3,Non bivalent
DSCR4,Non bivalent
ERG,Always_up
PSMG1,Non bivalent
BRWD1,Non bivalent
HMGN1,Non bivalent
PLAC4,Non bivalent
TMPRSS2,Always_up
RIPK4,Pr_higher_than_Ni
PRDM15,Non bivalent
C2CD2,Non bivalent
ZBTB21,Non bivalent
LOC101928233,Non bivalent
WDR4,Non bivalent
ERVH48-1,Non bivalent
SIK1,Non bivalent
HSF2BP,Non bivalent
CSTB,Non bivalent
DNMT3L,Non bivalent
C21orf2,Non bivalent
UBE2G2,Non bivalent
SUMO3,Non bivalent
PTTG1IP,Always_up
ITGB2,Pr_higher_than_Ni
LINC01547,Non bivalent
LINC00162,Non bivalent
SSR4P1,Non bivalent
POFUT2,Non bivalent
SLC19A1,Non bivalent
LSS,Non bivalent
MCM3AP,Non bivalent
C21orf58,Non bivalent
DUXAP8,Ni_higher_than_Pr
TPTEP1,Non bivalent
IL17RA,Always_up
CECR2,Non bivalent
SLC25A18,Non bivalent
BCL2L13,Non bivalent
PEX26,Non bivalent
TUBA8,Always_up
USP18,Always_up
TMEM191B,Non bivalent
DGCR5,Non bivalent
LINC01311,Pr_higher_than_Ni
MRPL40,Non bivalent
CDC45,Non bivalent
SEPT5,Non bivalent
SEPT5-GP1BB,Non bivalent
GP1BB,Always_up
TBX1,Always_up
COMT,Non bivalent
TANGO2,Always_up
DGCR8,Non bivalent
RANBP1,Non bivalent
ZDHHC8,Non bivalent
ZNF74,Ni_higher_than_Pr
MED15,Non bivalent
TMEM191A,Non bivalent
SNAP29,Non bivalent
CRKL,Non bivalent
LZTR1,Non bivalent
THAP7-AS1,Non bivalent
HIC2,Non bivalent
TMEM191C,Non bivalent
UBE2L3,Non bivalent
CCDC116,Non bivalent
SDF2L1,Non bivalent
PPIL2,Non bivalent
BMS1P20,Always_up
GNAZ,Non bivalent
RAB36,Non bivalent
BCR,Non bivalent
FBXW4P1,Non bivalent
PCAT14,Non bivalent
MMP11,Non bivalent
SMARCB1,Non bivalent
SLC2A11,Non bivalent
MIF,Non bivalent
CABIN1,Non bivalent
SUSD2,Non bivalent
POM121L9P,Non bivalent
SPECC1L,Non bivalent
SPECC1L-ADORA2A,Non bivalent
ADORA2A,Non bivalent
SNRPD3,Non bivalent
GGT1,Non bivalent
BCRP3,Non bivalent
KIAA1671,Non bivalent
CRYBB2P1,Non bivalent
ADRBK2,Always_up
MYO18B,Non bivalent
ASPHD2,Non bivalent
SRRD,Non bivalent
CRYBA4,Non bivalent
MIAT,Non bivalent
TTC28-AS1,Non bivalent
HSCB,Non bivalent
CCDC117,Non bivalent
ZNRF3,Non bivalent
KREMEN1,Pr_higher_than_Ni
EMID1,Non bivalent
EWSR1,Non bivalent
GAS2L1,Non bivalent
NEFH,Always_up
NF2,Pr_higher_than_Ni
CABP7,Always_up
UQCR10,Non bivalent
MTMR3,Non bivalent
CCDC157,Non bivalent
SEC14L2,Non bivalent
MTFP1,Non bivalent
TCN2,Non bivalent
SLC35E4,Non bivalent
OSBP2,Always_up
TUG1,Always_up
SMTN,Non bivalent
INPP5J,Non bivalent
RNF185,Non bivalent
LIMK2,Non bivalent
LINC01521,Non bivalent
DRG1,Non bivalent
SFI1,Non bivalent
DEPDC5,Non bivalent
YWHAH,Non bivalent
FBXO7,Non bivalent
TIMP3,Always_up
ISX,Non bivalent
HMGXB4,Non bivalent
TOM1,Non bivalent
HMOX1,Non bivalent
MCM5,Non bivalent
APOL6,Non bivalent
APOL1,Non bivalent
CSF2RB,Non bivalent
MPST,Non bivalent
KCTD17,Non bivalent
CDC42EP1,Non bivalent
GGA1,Non bivalent
SH3BP1,Non bivalent
PDXP,Non bivalent
LGALS1,Non bivalent
NOL12,Non bivalent
TRIOBP,Non bivalent
H1F0,Non bivalent
GCAT,Non bivalent
EIF3L,Non bivalent
MICALL1,Non bivalent
POLR2F,Non bivalent
PICK1,Non bivalent
MAFF,Non bivalent
KDELR3,Non bivalent
CBY1,Non bivalent
TOMM22,Non bivalent
GTPBP1,Non bivalent
APOBEC3B,Non bivalent
APOBEC3C,Non bivalent
APOBEC3D,Non bivalent
APOBEC3F,Non bivalent
APOBEC3G,Non bivalent
SYNGR1,Non bivalent
TAB1,Non bivalent
LOC100506472,Non bivalent
MGAT3,Non bivalent
MIEF1,Always_up
ATF4,Non bivalent
CACNA1I,Non bivalent
GRAP2,Non bivalent
FAM83F,Ni_higher_than_Pr
LOC100130899,Non bivalent
TNRC6B,Non bivalent
ADSL,Non bivalent
SGSM3,Non bivalent
MCHR1,Non bivalent
XPNPEP3,Non bivalent
RBX1,Non bivalent
EP300,Non bivalent
L3MBTL2,Non bivalent
ZC3H7B,Non bivalent
TEF,Non bivalent
ACO2,Non bivalent
CSDC2,Non bivalent
XRCC6,Non bivalent
C22orf46,Ni_higher_than_Pr
MEI1,Non bivalent
CCDC134,Non bivalent
SREBF2,Non bivalent
SEPT3,Non bivalent
FAM109B,Non bivalent
SMDT1,Non bivalent
OGFRP1,Non bivalent
SERHL2,Non bivalent
BIK,Always_up
TSPO,Non bivalent
PNPLA3,Non bivalent
SAMM50,Non bivalent
PARVB,Non bivalent
PRR5,Non bivalent
ARHGAP8,Non bivalent
NUP50,Non bivalent
FAM118A,Non bivalent
RIBC2,Non bivalent
FBLN1,Non bivalent
ATXN10,Non bivalent
PPARA,Pr_higher_than_Ni
TTC38,Always_up
GTSE1,Non bivalent
TRMU,Non bivalent
GRAMD4,Non bivalent
TBC1D22A,Non bivalent
LOC284930,Ni_higher_than_Pr
FAM19A5,Non bivalent
ZBED4,Non bivalent
CRELD2,Non bivalent
PIM3,Non bivalent
MOV10L1,Non bivalent
PANX2,Non bivalent
TRABD,Non bivalent
SELO,Pr_higher_than_Ni
PPP6R2,Non bivalent
ADM2,Non bivalent
NCAPH2,Non bivalent
MAPK8IP2,Non bivalent
SHANK3,Non bivalent
RPL23AP82,Always_up
LOC102723780,Always_up
CECR6,Non bivalent
CECR5,Non bivalent
CECR1,Non bivalent
ATP6V1E1,Non bivalent
BID,Non bivalent
MICAL3,Pr_higher_than_Ni
PI4KAP1,Non bivalent
GGT3P,Non bivalent
PRODH,Non bivalent
DGCR11,Non bivalent
DGCR2,Non bivalent
DGCR14,Non bivalent
SLC25A1,Non bivalent
CLTCL1,Always_up
HIRA,Non bivalent
C22orf39,Non bivalent
UFD1L,Non bivalent
C22orf29,Non bivalent
GNB1L,Non bivalent
TXNRD2,Non bivalent
ARVCF,Always_up
TRMT2A,Non bivalent
RTN4R,Non bivalent
DGCR6L,Non bivalent
SCARF2,Always_up
KLHL22,Non bivalent
PI4KA,Non bivalent
THAP7,Non bivalent
TUBA3FP,Non bivalent
SLC7A4,Non bivalent
PI4KAP2,Non bivalent
YDJC,Non bivalent
YPEL1,Non bivalent
MAPK1,Non bivalent
PPM1F,Non bivalent
TOP3B,Non bivalent
ZNF280A,Non bivalent
PRAME,Non bivalent
ZDHHC8P1,Non bivalent
GUSBP11,Non bivalent
ZNF70,Non bivalent
DERL3,Non bivalent
MIF-AS1,Non bivalent
GGT5,Non bivalent
GUCD1,Non bivalent
LRRC75B,Non bivalent
LRP5L,Non bivalent
HPS4,Non bivalent
TFIP11,Non bivalent
TPST2,Non bivalent
CRYBB1,Non bivalent
MN1,Always_up
PITPNB,Non bivalent
TTC28,Ni_higher_than_Pr
CHEK2,Non bivalent
XBP1,Non bivalent
RHBDD3,Non bivalent
RASL10A,Pr_higher_than_Ni
AP1B1,Non bivalent
RFPL1S,Non bivalent
THOC5,Non bivalent
NIPSNAP1,Non bivalent
ZMAT5,Non bivalent
ASCC2,Non bivalent
HORMAD2-AS1,Non bivalent
LIF,Non bivalent
GATSL3,Non bivalent
TBC1D10A,Non bivalent
SF3A1,Non bivalent
KIAA1656,Non bivalent
RNF215,Pr_higher_than_Ni
SEC14L4,Non bivalent
PES1,Non bivalent
DUSP18,Non bivalent
MORC2,Non bivalent
SELM,Non bivalent
PIK3IP1,Non bivalent
PATZ1,Ni_higher_than_Pr
EIF4ENIF1,Non bivalent
PISD,Non bivalent
PRR14L,Non bivalent
RFPL2,Non bivalent
RFPL3S,Ni_higher_than_Pr
RTCB,Non bivalent
SYN3,Ni_higher_than_Pr
LARGE,Non bivalent
RBFOX2,Non bivalent
APOL2,Non bivalent
MYH9,Non bivalent
TXN2,Non bivalent
FOXRED2,Non bivalent
EIF3D,Non bivalent
IFT27,Non bivalent
TST,Non bivalent
IL2RB,Non bivalent
C1QTNF6,Non bivalent
RAC2,Non bivalent
ELFN2,Always_up
MFNG,Non bivalent
CARD10,Non bivalent
ANKRD54,Non bivalent
C22orf23,Non bivalent
SOX10,Non bivalent
BAIAP2L2,Non bivalent
PLA2G6,Non bivalent
TMEM184B,Non bivalent
CSNK1E,Non bivalent
LOC400927-CSNK1E,Non bivalent
LOC400927,Non bivalent
KCNJ4,Non bivalent
DDX17,Non bivalent
DMC1,Non bivalent
JOSD1,Non bivalent
SUN2,Always_up
DNAL4,Non bivalent
NPTXR,Always_up
CBX6,Ni_higher_than_Pr
CBX7,Always_up
PDGFB,Always_up
RPL3,Non bivalent
RPS19BP1,Pr_higher_than_Ni
MKL1,Non bivalent
SLC25A17,Non bivalent
ST13,Non bivalent
EP300-AS1,Non bivalent
CHADL,Non bivalent
RANGAP1,Non bivalent
TOB2,Non bivalent
PHF5A,Non bivalent
POLR3H,Non bivalent
PMM1,Non bivalent
DESI1,Non bivalent
SNU13,Non bivalent
SHISA8,Pr_higher_than_Ni
CENPM,Non bivalent
NAGA,Non bivalent
NDUFA6,Non bivalent
CYP2D6,Non bivalent
LINC01315,Non bivalent
RRP7A,Non bivalent
RRP7BP,Non bivalent
POLDIP3,Non bivalent
CYB5R3,Non bivalent
A4GALT,Non bivalent
ARFGAP3,Non bivalent
PACSIN2,Non bivalent
TTLL1,Non bivalent
MCAT,Non bivalent
TTLL12,Non bivalent
SCUBE1,Non bivalent
SULT4A1,Non bivalent
PNPLA5,Always_up
KIAA1644,Non bivalent
LDOC1L,Non bivalent
PHF21B,Non bivalent
NUP50-AS1,Non bivalent
KIAA0930,Non bivalent
SMC1B,Non bivalent
WNT7B,Always_up
CDPF1,Non bivalent
CELSR1,Non bivalent
CERK,Non bivalent
BRD1,Non bivalent
ALG12,Non bivalent
TUBGCP6,Non bivalent
HDAC10,Non bivalent
MAPK12,Non bivalent
MAPK11,Pr_higher_than_Ni
PLXNB2,Non bivalent
DENND6B,Non bivalent
SBF1,Non bivalent
LMF2,Non bivalent
SCO2,Non bivalent
TYMP,Non bivalent
ODF3B,Non bivalent
CPT1B,Non bivalent
CHKB,Non bivalent
CHKB-CPT1B,Non bivalent
ARSA,Non bivalent
RABL2B,Non bivalent
PLCXD1,Non bivalent
LINC00685,Non bivalent
CSF2RA,Non bivalent
ASMTL-AS1,Non bivalent
AKAP17A,Non bivalent
ASMT,Non bivalent
CD99P1,Non bivalent
CD99,Always_up
GYG2,Ni_higher_than_Pr
STS,Ni_higher_than_Pr
VCX,Non bivalent
VCX3B,Non bivalent
TBL1X,Non bivalent
SHROOM2,Non bivalent
WWC3,Ni_higher_than_Pr
CLCN4,Ni_higher_than_Pr
HCCS,Non bivalent
MSL3,Non bivalent
FRMPD4,Ni_higher_than_Pr
PRPS2,Ni_higher_than_Pr
TLR7,Non bivalent
TMSB4X,Non bivalent
EGFL6,Always_up
TCEANC,Ni_higher_than_Pr
RAB9A,Ni_higher_than_Pr
OFD1,Non bivalent
UBE2E4P,Ni_higher_than_Pr
MOSPD2,Non bivalent
CA5BP1,Ni_higher_than_Pr
CA5B,Always_up
ZRSR2,Non bivalent
GRPR,Ni_higher_than_Pr
SYAP1,Non bivalent
TXLNG,Non bivalent
REPS2,Always_up
NHS,Ni_higher_than_Pr
SCML1,Ni_higher_than_Pr
CDKL5,Ni_higher_than_Pr
PPEF1,Non bivalent
PHKA2-AS1,Non bivalent
PDHA1,Ni_higher_than_Pr
CNKSR2,Ni_higher_than_Pr
MBTPS2,Ni_higher_than_Pr
YY2,Non bivalent
SMS,Always_up
DDX53,Non bivalent
PTCHD1,Always_up
PRDX4,Non bivalent
SAT1,Ni_higher_than_Pr
EIF2S3,Non bivalent
ZFX,Non bivalent
PDK3,Always_up
POLA1,Non bivalent
IL1RAPL1,Ni_higher_than_Pr
MAGEB2,Ni_higher_than_Pr
MAGEB3,Non bivalent
MAGEB1,Non bivalent
GK,Non bivalent
MAGEB16,Non bivalent
CFAP47,Ni_higher_than_Pr
PRRG1,Ni_higher_than_Pr
LANCL3,Always_up
XK,Ni_higher_than_Pr
SYTL5,Non bivalent
TSPAN7,Ni_higher_than_Pr
MID1IP1,Non bivalent
ATP6AP2,Always_up
USP9X,Non bivalent
DDX3X,Non bivalent
MAOA,Always_up
KDM6A,Non bivalent
KRBOX4,Ni_higher_than_Pr
ZNF674-AS1,Ni_higher_than_Pr
CHST7,Always_up
RP2,Always_up
JADE3,Always_up
RBM10,Non bivalent
UBA1,Non bivalent
INE1,Non bivalent
CDK16,Non bivalent
USP11,Non bivalent
ZNF157,Non bivalent
LINC01560,Non bivalent
ARAF,Non bivalent
TIMP1,Non bivalent
ZNF81,Ni_higher_than_Pr
FTSJ1,Non bivalent
PORCN,Non bivalent
EBP,Non bivalent
TBC1D25,Non bivalent
RBM3,Non bivalent
WDR13,Non bivalent
SUV39H1,Ni_higher_than_Pr
HDAC6,Non bivalent
PQBP1,Non bivalent
CCDC120,Non bivalent
MAGIX,Ni_higher_than_Pr
PLP2,Always_up
CCDC22,Non bivalent
PPP1R3F,Always_up
PAGE4,Non bivalent
USP27X,Ni_higher_than_Pr
CLCN5,Always_up
CCNB3,Non bivalent
NUDT10,Always_up
CXorf67,Ni_higher_than_Pr
GSPT2,Ni_higher_than_Pr
MAGED1,Ni_higher_than_Pr
XAGE2,Ni_higher_than_Pr
SSX2,Always_up
SSX2B,Always_up
FAM156B,Ni_higher_than_Pr
GPR173,Ni_higher_than_Pr
TSPYL2,Non bivalent
KANTR,Ni_higher_than_Pr
RIBC1,Non bivalent
TSR2,Non bivalent
GNL3L,Ni_higher_than_Pr
MAGED2,Non bivalent
TRO,Ni_higher_than_Pr
APEX2,Ni_higher_than_Pr
MAGEH1,Ni_higher_than_Pr
RRAGB,Ni_higher_than_Pr
KLF8,Always_up
UBQLN2,Ni_higher_than_Pr
LINC01420,Non bivalent
FAAH2,Non bivalent
ZXDB,Ni_higher_than_Pr
ZC3H12B,Non bivalent
MSN,Non bivalent
HEPH,Ni_higher_than_Pr
AR,Ni_higher_than_Pr
YIPF6,Non bivalent
STARD8,Always_up
EFNB1,Ni_higher_than_Pr
FAM155B,Ni_higher_than_Pr
EDA,Ni_higher_than_Pr
OTUD6A,Always_up
IGBP1,Ni_higher_than_Pr
KIF4A,Non bivalent
GDPD2,Non bivalent
DLG3,Ni_higher_than_Pr
FOXO4,Ni_higher_than_Pr
MED12,Always_up
NLGN3,Non bivalent
NONO,Non bivalent
ITGB1BP2,Non bivalent
TAF1,Non bivalent
OGT,Non bivalent
ACRC,Non bivalent
NHSL2,Ni_higher_than_Pr
RPS26P11,Always_up
PIN4,Non bivalent
FAM226A,Ni_higher_than_Pr
FAM226B,Ni_higher_than_Pr
CHIC1,Ni_higher_than_Pr
JPX,Non bivalent
SLC16A2,Ni_higher_than_Pr
UPRT,Ni_higher_than_Pr
PBDC1,Always_up
MAGEE1,Ni_higher_than_Pr
COX7B,Non bivalent
ATP7A,Non bivalent
PGK1,Non bivalent
SH3BGRL,Ni_higher_than_Pr
APOOL,Non bivalent
ZNF711,Always_up
PCDH11X,Non bivalent
FAM133A,Ni_higher_than_Pr
DIAPH2,Always_up
SRPX2,Non bivalent
CSTF2,Non bivalent
TMEM35,Ni_higher_than_Pr
CENPI,Non bivalent
DRP2,Ni_higher_than_Pr
RPL36A,Non bivalent
RPL36A-HNRNPH2,Non bivalent
HNRNPH2,Non bivalent
ARMCX4,Ni_higher_than_Pr
ARMCX1,Ni_higher_than_Pr
ARMCX3,Ni_higher_than_Pr
ARMCX5,Always_up
ARMCX5-GPRASP2,Always_up
GPRASP1,Ni_higher_than_Pr
GPRASP2,Ni_higher_than_Pr
BHLHB9,Non bivalent
LINC00630,Non bivalent
RAB40AL,Non bivalent
BEX4,Ni_higher_than_Pr
TCEAL7,Ni_higher_than_Pr
WBP5,Ni_higher_than_Pr
NGFRAP1,Non bivalent
TCEAL4,Non bivalent
TCEAL3,Always_up
TCEAL1,Non bivalent
MORF4L2-AS1,Non bivalent
TMEM31,Non bivalent
PLP1,Non bivalent
TMSB15B,Always_up
FAM199X,Non bivalent
NRK,Always_up
CXorf57,Always_up
RNF128,Ni_higher_than_Pr
TBC1D8B,Ni_higher_than_Pr
FRMPD3,Non bivalent
PRPS1,Ni_higher_than_Pr
MID2,Ni_higher_than_Pr
ATG4A,Non bivalent
COL4A5,Always_up
NXT2,Always_up
TMEM164,Non bivalent
RGAG1,Non bivalent
TDGF1P3,Non bivalent
PAK3,Ni_higher_than_Pr
ALG13,Non bivalent
HTR2C,Always_up
RBMXL3,Ni_higher_than_Pr
LUZP4,Non bivalent
PLS3,Ni_higher_than_Pr
WDR44,Non bivalent
DOCK11,Always_up
IL13RA1,Ni_higher_than_Pr
PGRMC1,Ni_higher_than_Pr
SLC25A43,Non bivalent
SLC25A5,Non bivalent
UBE2A,Non bivalent
SOWAHD,Always_up
NDUFA1,Non bivalent
RHOXF1-AS1,Non bivalent
ZBTB33,Ni_higher_than_Pr
MCTS1,Non bivalent
GLUD2,Ni_higher_than_Pr
GRIA3,Ni_higher_than_Pr
XIAP,Ni_higher_than_Pr
STAG2,Non bivalent
LOC100129520,Non bivalent
OCRL,Ni_higher_than_Pr
UTP14A,Non bivalent
BCORL1,Non bivalent
RAB33A,Ni_higher_than_Pr
SLC25A14,Always_up
RBMX2,Ni_higher_than_Pr
FAM45B,Non bivalent
STK26,Ni_higher_than_Pr
PHF6,Non bivalent
HPRT1,Always_up
FAM122C,Non bivalent
SMIM10,Ni_higher_than_Pr
FAM127A,Always_up
ZNF449,Non bivalent
LOC100506790,Non bivalent
SMIM10L2A,Non bivalent
DDX26B,Always_up
SLC9A6,Ni_higher_than_Pr
FHL1,Ni_higher_than_Pr
HTATSF1,Ni_higher_than_Pr
VGLL1,Ni_higher_than_Pr
ZIC3,Always_up
FGF13-AS1,Non bivalent
LOC389895,Always_up
LINC00632,Always_up
SLITRK2,Ni_higher_than_Pr
FMR1,Ni_higher_than_Pr
AFF2,Ni_higher_than_Pr
CXorf40A,Non bivalent
MAMLD1,Ni_higher_than_Pr
MTM1,Non bivalent
MTMR1,Ni_higher_than_Pr
HMGB3,Always_up
GPR50,Ni_higher_than_Pr
VMA21,Ni_higher_than_Pr
GABRQ,Always_up
NSDHL,Non bivalent
ZNF185,Non bivalent
ZNF275,Always_up
BGN,Ni_higher_than_Pr
LOC105373383,Non bivalent
DUSP9,Non bivalent
SLC6A8,Non bivalent
ABCD1,Non bivalent
PLXNB3,Non bivalent
SRPK3,Non bivalent
SSR4,Non bivalent
TMEM187,Non bivalent
TKTL1,Ni_higher_than_Pr
EMD,Non bivalent
RPL10,Non bivalent
TAZ,Non bivalent
ATP6AP1,Non bivalent
GDI1,Non bivalent
FAM50A,Non bivalent
PLXNA3,Non bivalent
IKBKG,Non bivalent
DKC1,Non bivalent
F8A1,Ni_higher_than_Pr
FUNDC2,Non bivalent
BRCC3,Non bivalent
VBP1,Ni_higher_than_Pr
SPRY3,Ni_higher_than_Pr
GTPBP6,Non bivalent
SLC25A6,Non bivalent
ASMTL,Non bivalent
ZBED1,Non bivalent
ARSD,Non bivalent
ARSE,Non bivalent
MXRA5,Always_up
PRKX,Always_up
LOC389906,Non bivalent
NLGN4X,Ni_higher_than_Pr
VCX3A,Non bivalent
HDHD1,Non bivalent
PNPLA4,Non bivalent
VCX2,Non bivalent
ANOS1,Ni_higher_than_Pr
GPR143,Non bivalent
MID1,Non bivalent
ARHGAP6,Always_up
FAM9C,Non bivalent
TRAPPC2,Non bivalent
GPM6B,Ni_higher_than_Pr
GEMIN8,Non bivalent
FANCB,Non bivalent
ASB9,Non bivalent
PIGA,Always_up
PIR,Ni_higher_than_Pr
ACE2,Non bivalent
TMEM27,Non bivalent
AP1S2,Non bivalent
CTPS2,Non bivalent
RBBP7,Always_up
RAI2,Always_up
SCML2,Ni_higher_than_Pr
PHKA2,Always_up
ADGRG2,Always_up
MAP3K15,Ni_higher_than_Pr
SH3KBP1,Always_up
CXorf23,Non bivalent
MAP7D2,Always_up
EIF1AX,Non bivalent
RPS6KA3,Always_up
ACOT9,Ni_higher_than_Pr
APOO,Ni_higher_than_Pr
KLHL15,Ni_higher_than_Pr
SUPT20HL2,Ni_higher_than_Pr
PCYT1B,Ni_higher_than_Pr
ARX,Always_up
NR0B1,Ni_higher_than_Pr
TAB3,Always_up
FTHL17,Ni_higher_than_Pr
DMD,Non bivalent
TMEM47,Ni_higher_than_Pr
DYNLT3,Ni_higher_than_Pr
SRPX,Always_up
RPGR,Ni_higher_than_Pr
BCOR,Non bivalent
CXorf38,Non bivalent
MED14,Non bivalent
CASK,Ni_higher_than_Pr
PPP1R2P9,Ni_higher_than_Pr
EFHC2,Ni_higher_than_Pr
FUNDC1,Non bivalent
ZNF674,Ni_higher_than_Pr
SLC9A7,Ni_higher_than_Pr
NDUFB11,Non bivalent
ZNF41,Non bivalent
SYN1,Non bivalent
CFP,Non bivalent
ELK1,Non bivalent
UXT,Non bivalent
ZNF182,Non bivalent
ZNF630,Non bivalent
SSX3,Ni_higher_than_Pr
SSX4,Ni_higher_than_Pr
SLC38A5,Non bivalent
PCSK1N,Always_up
TIMM17B,Non bivalent
SLC35A2,Non bivalent
PIM2,Non bivalent
OTUD5,Non bivalent
KCND1,Non bivalent
GRIPAP1,Non bivalent
TFE3,Ni_higher_than_Pr
PRAF2,Non bivalent
WDR45,Non bivalent
GPKOW,Ni_higher_than_Pr
PRICKLE3,Non bivalent
SYP,Non bivalent
FOXP3,Ni_higher_than_Pr
USP27X-AS1,Ni_higher_than_Pr
AKAP4,Non bivalent
DGKK,Ni_higher_than_Pr
SHROOM4,Always_up
NUDT11,Ni_higher_than_Pr
MAGED4,Ni_higher_than_Pr
MAGED4B,Ni_higher_than_Pr
FAM156A,Ni_higher_than_Pr
KDM5C,Non bivalent
IQSEC2,Always_up
SMC1A,Non bivalent
HSD17B10,Non bivalent
HUWE1,Always_up
PHF8,Non bivalent
FAM120C,Non bivalent
WNK3,Always_up
FGD1,Ni_higher_than_Pr
ITIH6,Non bivalent
FAM104B,Ni_higher_than_Pr
USP51,Ni_higher_than_Pr
SPIN3,Always_up
SPIN2B,Non bivalent
ZXDA,Ni_higher_than_Pr
SPIN4,Non bivalent
LINC01278,Always_up
ARHGEF9,Ni_higher_than_Pr
AMER1,Non bivalent
MTMR8,Non bivalent
ZC4H2,Ni_higher_than_Pr
LAS1L,Non bivalent
EDA2R,Ni_higher_than_Pr
OPHN1,Always_up
PJA1,Always_up
PDZD11,Non bivalent
TEX11,Non bivalent
SLC7A3,Always_up
SNX12,Non bivalent
ZMYM3,Non bivalent
RGAG4,Ni_higher_than_Pr
ERCC6L,Non bivalent
RPS4X,Ni_higher_than_Pr
CITED1,Ni_higher_than_Pr
HDAC8,Non bivalent
PHKA1,Non bivalent
PABPC1L2A,Ni_higher_than_Pr
NAP1L6,Ni_higher_than_Pr
NAP1L2,Ni_higher_than_Pr
XIST,Non bivalent
FTX,Non bivalent
RLIM,Non bivalent
KIAA2022,Ni_higher_than_Pr
ABCB7,Ni_higher_than_Pr
ZDHHC15,Always_up
TTC3P1,Ni_higher_than_Pr
ATRX,Non bivalent
MAGT1,Non bivalent
PGAM4,Non bivalent
TAF9B,Non bivalent
ITM2A,Ni_higher_than_Pr
BRWD3,Non bivalent
HMGN5,Ni_higher_than_Pr
RPS6KA6,Always_up
POF1B,Non bivalent
CHM,Always_up
NAP1L3,Ni_higher_than_Pr
PCDH19,Always_up
TSPAN6,Ni_higher_than_Pr
SYTL4,Always_up
XKRX,Always_up
TRMT2B,Non bivalent
TAF7L,Ni_higher_than_Pr
TIMM8A,Non bivalent
BTK,Non bivalent
GLA,Non bivalent
ARMCX6,Ni_higher_than_Pr
ARMCX2,Always_up
TMSB15A,Ni_higher_than_Pr
BEX1,Non bivalent
TCEAL8,Non bivalent
TCEAL5,Ni_higher_than_Pr
BEX2,Always_up
MORF4L2,Non bivalent
LOC286437,Non bivalent
ESX1,Always_up
MORC4,Always_up
RBM41,Non bivalent
NUP62CL,Non bivalent
TSC22D3,Always_up
TEX13B,Non bivalent
PSMD10,Non bivalent
COL4A6,Always_up
KCNE5,Always_up
ACSL4,Ni_higher_than_Pr
AMMECR1,Always_up
CAPN6,Ni_higher_than_Pr
LHFPL1,Ni_higher_than_Pr
AMOT,Non bivalent
IL13RA2,Non bivalent
LRCH2,Ni_higher_than_Pr
DANT2,Non bivalent
CT83,Ni_higher_than_Pr
KLHL13,Ni_higher_than_Pr
SLC25A5-AS1,Non bivalent
CXorf56,Non bivalent
NKRF,Always_up
SEPT6,Non bivalent
RPL39,Ni_higher_than_Pr
UPF3B,Non bivalent
RNF113A,Non bivalent
NKAP,Non bivalent
RHOXF1P1,Always_up
RHOXF2,Ni_higher_than_Pr
RHOXF2B,Ni_higher_than_Pr
NKAPP1,Ni_higher_than_Pr
TMEM255A,Ni_higher_than_Pr
LAMP2,Ni_higher_than_Pr
CUL4B,Ni_higher_than_Pr
C1GALT1C1,Non bivalent
THOC2,Non bivalent
TENM1,Non bivalent
DCAF12L2,Ni_higher_than_Pr
DCAF12L1,Ni_higher_than_Pr
SMARCA1,Ni_higher_than_Pr
ZDHHC9,Non bivalent
ELF4,Always_up
AIFM1,Non bivalent
ZNF280C,Ni_higher_than_Pr
ENOX2,Ni_higher_than_Pr
IGSF1,Ni_higher_than_Pr
FIRRE,Ni_higher_than_Pr
RAP2C,Non bivalent
MBNL3,Non bivalent
HS6ST2,Ni_higher_than_Pr
GPC4,Ni_higher_than_Pr
GPC3,Ni_higher_than_Pr
MIR503HG,Ni_higher_than_Pr
PLAC1,Non bivalent
FAM122B,Always_up
MOSPD1,Non bivalent
FAM127C,Ni_higher_than_Pr
FAM127B,Ni_higher_than_Pr
SMIM10L2B,Ni_higher_than_Pr
CT55,Ni_higher_than_Pr
ZNF75D,Non bivalent
MMGT1,Non bivalent
MAP7D3,Ni_higher_than_Pr
ARHGEF6,Non bivalent
RBMX,Non bivalent
FGF13,Non bivalent
ATP11C,Non bivalent
SOX3,Always_up
LDOC1,Ni_higher_than_Pr
IDS,Ni_higher_than_Pr
HSFX1,Ni_higher_than_Pr
TMEM185A,Ni_higher_than_Pr
CXorf40B,Ni_higher_than_Pr
CD99L2,Non bivalent
GABRE,Ni_higher_than_Pr
GABRA3,Ni_higher_than_Pr
CETN2,Non bivalent
PNMA5,Ni_higher_than_Pr
TREX2,Non bivalent
HAUS7,Ni_higher_than_Pr
FAM58A,Non bivalent
PNCK,Non bivalent
BCAP31,Non bivalent
IDH3G,Non bivalent
PDZD4,Always_up
L1CAM,Ni_higher_than_Pr
ARHGAP4,Always_up
NAA10,Non bivalent
RENBP,Non bivalent
HCFC1,Non bivalent
IRAK1,Non bivalent
MECP2,Ni_higher_than_Pr
FLNA,Non bivalent
DNASE1L1,Non bivalent
CH17-340M24.3,Non bivalent
LAGE3,Non bivalent
UBL4A,Non bivalent
SLC10A3,Non bivalent
FAM3A,Non bivalent
G6PD,Non bivalent
GAB3,Always_up
MPP1,Always_up
F8,Non bivalent
CMC4,Non bivalent
MTCP1,Non bivalent
RAB39B,Ni_higher_than_Pr
CLIC2,Non bivalent
TMLHE,Ni_higher_than_Pr
DDX11L16,Non bivalent
SHOX,Always_up
VAMP7,Non bivalent
DHRSX,Non bivalent
UTY,Non bivalent
SLC27A3,Non bivalent
PANK4,Non bivalent
CEP170,Non bivalent
LOC645354,Non bivalent
LOC649324,Non bivalent
ARHGEF26,Non bivalent
MUC4,Non bivalent
SDHAP2,Non bivalent
LINC00969,Non bivalent
ANKRD20A12P,Non bivalent
FRG1,Non bivalent
RAD17,Non bivalent
GTF2H2B,Non bivalent
BDP1,Non bivalent
AK6,Non bivalent
TAF9,Non bivalent
SERF1A,Non bivalent
GUSBP3,Non bivalent
LOC441081,Non bivalent
GUSBP9,Non bivalent
SLC6A3,Always_up
SERF1B,Non bivalent
SMA4,Non bivalent
SMA5,Non bivalent
EGFL8,Non bivalent
DHX16,Non bivalent
EHMT2,Non bivalent
HLA-G,Non bivalent
SAPCD1,Non bivalent
CFB,Non bivalent
PPT2,Non bivalent
PPT2-EGFL8,Non bivalent
PSMB9,Non bivalent
TRIM27,Non bivalent
ZNF311,Non bivalent
GABBR1,Non bivalent
ZFP57,Non bivalent
BAG6,Non bivalent
C6orf47,Non bivalent
DDAH2,Non bivalent
LSM2,Non bivalent
TNXB,Non bivalent
AGER,Non bivalent
HLA-DRB1,Non bivalent
WDR46,Non bivalent
ZBTB22,Non bivalent
DAXX,Non bivalent
DDR1,Non bivalent
VARS2,Non bivalent
CSNK2B,Non bivalent
C2,Non bivalent
C4A,Non bivalent
C4B,Non bivalent
HLA-DPB2,Non bivalent
HSPA1L,Non bivalent
COL11A2,Non bivalent
PPP1R11,Non bivalent
TRIM39-RPP21,Non bivalent
RPP21,Non bivalent
HLA-E,Non bivalent
MICB,Pr_higher_than_Ni
HLA-DPB1,Non bivalent
HLA-DPA1,Non bivalent
RXRB,Non bivalent
HLA-F,Non bivalent
HLA-A,Non bivalent
ABCF1,Non bivalent
ATAT1,Non bivalent
C6orf136,Non bivalent
GTF2H4,Non bivalent
MSH5,Non bivalent
MSH5-SAPCD1,Non bivalent
STK19,Non bivalent
RPS18,Non bivalent
PPP1R10,Non bivalent
CCHCR1,Non bivalent
POU5F1,Non bivalent
HLA-B,Non bivalent
VARS,Non bivalent
ATF6B,Non bivalent
AGPAT1,Non bivalent
MOG,Non bivalent
TRIM39,Non bivalent
TUBB,Non bivalent
TCF19,Non bivalent
MICA,Non bivalent
HSPA1A,Non bivalent
HSPA1B,Non bivalent
C4B_2,Non bivalent
SLC39A7,Non bivalent
HSD17B8,Non bivalent
TRIM26,Non bivalent
GNL1,Non bivalent
CLIC1,Non bivalent
ZBTB12,Non bivalent
TAP2,Non bivalent
VPS52,Non bivalent
TAPBP,Non bivalent
SKIV2L,Non bivalent
LOC100294145,Non bivalent
BRD2,Non bivalent
KIFC1,Non bivalent
MDC1,Non bivalent
FLOT1,Non bivalent
DDX39B,Non bivalent
GPANK1,Non bivalent
ABHD16A,Non bivalent
NELFE,Non bivalent
FAM120B,Non bivalent
PTPRK,Non bivalent
KIAA1147,Non bivalent
NAPEPLD,Non bivalent
LOC100133091,Non bivalent
POMZP3,Non bivalent
FAM83H-AS1,Non bivalent
FAM83H,Non bivalent
CLN8,Non bivalent
DLG5,Non bivalent
HOTS,Non bivalent
CDKN1C,Non bivalent
NAP1L4,Non bivalent
PHRF1,Non bivalent
LMNTD2,Non bivalent
IRF7,Non bivalent
LOC100288778,Non bivalent
SMIM10L1,Non bivalent
PRH1,Non bivalent
MAFIP,Ni_higher_than_Pr
LINC00221,Non bivalent
UNC79,Non bivalent
TUBGCP5,Non bivalent
LOC100419583,Non bivalent
UBE2Q2P2,Non bivalent
GOLGA6L17P,Non bivalent
GOLGA6L10,Non bivalent
LOC727751,Non bivalent
RPS17,Pr_higher_than_Ni
HERC2P2,Non bivalent
LOC646214,Always_up
WHAMMP1,Non bivalent
APBA2,Non bivalent
KLF13,Non bivalent
CHRNA7,Non bivalent
ARHGAP11A,Non bivalent
ARHGAP11B,Non bivalent
NDNL2,Non bivalent
FAM189A1,Always_up
MTMR10,Non bivalent
CES1,Non bivalent
BFAR,Non bivalent
NPIPA7,Non bivalent
NPIPA8,Non bivalent
PKD1P6,Non bivalent
NPIPA1,Non bivalent
RRN3,Non bivalent
NTAN1,Non bivalent
MPV17L,Pr_higher_than_Ni
C16orf45,Non bivalent
NDE1,Non bivalent
NOMO3,Non bivalent
NOMO2,Non bivalent
PKD1P1,Non bivalent
PLA2G10,Non bivalent
NPIPA2,Non bivalent
NPIPA5,Non bivalent
KIAA0430,Non bivalent
FOPNL,Non bivalent
RAB11FIP3,Non bivalent
HMOX2,Non bivalent
PAM16,Non bivalent
MGC70870,Ni_higher_than_Pr
ARL17B,Non bivalent
KANSL1,Non bivalent
PLEKHM1,Non bivalent
NSFP1,Non bivalent
LRRC37A4P,Non bivalent
CRHR1,Non bivalent
MGC57346,Non bivalent
RPH3AL,Non bivalent
TAF15,Non bivalent
GGNBP2,Non bivalent
MRM1,Non bivalent
LHX1,Always_up
TADA2A,Non bivalent
SOCS7,Non bivalent
RDM1,Non bivalent
ACACA,Non bivalent
SRCIN1,Non bivalent
C17orf96,Non bivalent
PIP4K2B,Non bivalent
CWC25,Non bivalent
METRNL,Non bivalent
WDR81,Non bivalent
SCARF1,Non bivalent
PRPF8,Non bivalent
ABR,Pr_higher_than_Ni
LRRC37A,Non bivalent
LRRC37A2,Non bivalent
ARHGAP27,Always_up
LOC644172,Non bivalent
WNT3,Non bivalent
SALL3,Non bivalent
LSM14A,Non bivalent
ZNF100,Non bivalent
PRPF31,Non bivalent
TTYH1,Non bivalent
LENG8,Non bivalent
NCR1,Non bivalent
TFPT,Non bivalent
CNOT3,Non bivalent
TSEN34,Non bivalent
LENG1,Non bivalent
OSCAR,Non bivalent
RDH13,Non bivalent
RPS9,Non bivalent
NLRP2,Non bivalent
MBOAT7,Non bivalent
NLRP7,Non bivalent
LENG9,Non bivalent
TMEM50B,Non bivalent
DNAJC28,Non bivalent
TCF20,Non bivalent
APOBEC3B-AS1,Non bivalent
NDUFA6-AS1,Non bivalent
RNA45S5,Always_up
DGCR6,Non bivalent
ZNF280B,Non bivalent
LOC391322,Non bivalent
CHCHD10,Non bivalent
DDT,Non bivalent
PPP2R3B,Non bivalent
LOC389831,Non bivalent
LOC389834,Non bivalent
LOC100233156,Always_up
